place_id,name,place_kind,subtype,accessibility_rating,condition_rating,lat,lon,source_file
building-623345,Melbourne Museum,building,Public Display Area,3.0,,-37.80401887,144.971635508,buildings_refuge_final.csv
building-101267,Metropolitan Fire Brigade Station No.3,building,Community Use,3.0,,-37.80394745,144.96237655,buildings_refuge_final.csv
building-664629,Grainger Museum Building 140,building,Public Display Area,3.0,,-37.79738772,144.961258672,buildings_refuge_final.csv
building-104980,Fairhall,building,Public Display Area,1.0,,-37.81382653,144.985100436,buildings_refuge_final.csv
building-110611,Australian Centre for Contemporary Art,building,Public Display Area,3.0,,-37.82656257,144.967169881,buildings_refuge_final.csv
building-623557,Melbourne Exhibition Centre,building,Public Display Area,0.0,,-37.82539976,144.952378154,buildings_refuge_final.csv
building-111027,La Trobes Cottage,building,Public Display Area,1.0,,-37.83182723,144.977155619,buildings_refuge_final.csv
building-587543,Northern Pavillion,building,Community Use,1.0,,-37.8410249,144.981738099,buildings_refuge_final.csv
building-687854,Flemington Oval Pavilion,building,Community Use,3.0,,-37.78638561,144.95091976,buildings_refuge_final.csv
building-615482,Kensington Neighbourhood House,building,Community Use,2.0,,-37.7932437,144.928005546,buildings_refuge_final.csv
building-100857,Metropolitan Fire Brigade Station No.2,building,Community Use,3.0,,-37.81055071,144.951010952,buildings_refuge_final.csv
building-110692,PUBLIC TOILETS,building,Community Use,3.0,,-37.80765748,144.957205484,buildings_refuge_final.csv
building-111423,Public Toilets,building,Community Use,3.0,,-37.80765748,144.957205484,buildings_refuge_final.csv
building-554855,Royal Exhibition Building,building,Public Display Area,3.0,,-37.80401887,144.971635508,buildings_refuge_final.csv
building-646962,Northern Pavilion,building,Community Use,1.0,,-37.78509038,144.961397654,buildings_refuge_final.csv
building-105463,Melbourne Assessment Prison,building,Community Use,2.0,,-37.81278505,144.950457803,buildings_refuge_final.csv
building-111203,East Melbourne Library,building,Public Display Area,3.0,,-37.8150637,144.986387188,buildings_refuge_final.csv
building-111454,Conservatory,building,Public Display Area,3.0,,-37.81296163,144.980455702,buildings_refuge_final.csv
building-110634,Metropolitan Fire Brigade,building,Community Use,2.0,,-37.82717762,144.960212967,buildings_refuge_final.csv
building-110736,National Gallery of Victoria,building,Public Display Area,3.0,,-37.82281706,144.968633818,buildings_refuge_final.csv
building-111022,Queen Victoria Gardens,building,Community Use,0.0,,-37.82188388,144.971196046,buildings_refuge_final.csv
building-646965,Edmund Herring Pavilion,building,Community Use,2.0,,-37.83182723,144.977155619,buildings_refuge_final.csv
building-587544,Southern Pavillion,building,Community Use,1.0,,-37.8410249,144.981738099,buildings_refuge_final.csv
building-630047,Newmarket Pavilion,building,Community Use,1.0,,-37.78809758,144.923097423,buildings_refuge_final.csv
building-618402,Kensington Neighbourhood Centre,building,Community Use,3.0,,-37.78939523,144.928609309,buildings_refuge_final.csv
building-104034,Flinders Street Station,building,Public Display Area,0.0,,-37.81866337,144.965469605,buildings_refuge_final.csv
building-608352,Northbank,building,Public Display Area,0.0,,-37.81922228,144.965150283,buildings_refuge_final.csv
building-104000,Immigration Museum,building,Public Display Area,2.0,,-37.81904221,144.96035931,buildings_refuge_final.csv
building-102048,Museum of Chinese Australian History,building,Public Display Area,3.0,,-37.81073698,144.969216465,buildings_refuge_final.csv
building-110756,Royal Mint,building,Public Display Area,3.0,,-37.81209045,144.957360919,buildings_refuge_final.csv
building-108559,Old Melbourne Gaol,building,Public Display Area,3.0,,-37.80782751,144.96525173,buildings_refuge_final.csv
building-512713,Kathleen Syme Centre,building,Community Use,3.0,,-37.7987209,144.965258417,buildings_refuge_final.csv
building-102148,Athenaeum Library and Theatre,building,"Performances, Conferences, Ceremonies",3.0,,-37.81485585,144.967277747,buildings_refuge_final.csv
landmark-0,North Melbourne Recreation Reserve,landmark,Informal Outdoor Facility (Park/Garden/Reserve),,,-37.7988345257153,144.941452061463,landmarks_refuge_candidates.csv
landmark-1,Princes Park,landmark,Informal Outdoor Facility (Park/Garden/Reserve),,,-37.7870161727156,144.961115214367,landmarks_refuge_candidates.csv
landmark-2,Argyle Square,landmark,Informal Outdoor Facility (Park/Garden/Reserve),,,-37.8031480577285,144.965761295089,landmarks_refuge_candidates.csv
landmark-3,Kings Domain,landmark,Informal Outdoor Facility (Park/Garden/Reserve),,,-37.8255239795833,144.974107925144,landmarks_refuge_candidates.csv
landmark-4,Federation Square,landmark,Informal Outdoor Facility (Park/Garden/Reserve),,,-37.8178516571684,144.968963600783,landmarks_refuge_candidates.csv
landmark-5,Flagstaff Gardens,landmark,Informal Outdoor Facility (Park/Garden/Reserve),,,-37.8111222889277,144.954696055235,landmarks_refuge_candidates.csv
landmark-6,Westgate Park,landmark,Informal Outdoor Facility (Park/Garden/Reserve),,,-37.8314918578874,144.908824792698,landmarks_refuge_candidates.csv
landmark-7,Newmarket Reserve,landmark,Informal Outdoor Facility (Park/Garden/Reserve),,,-37.7878473341234,144.922972125346,landmarks_refuge_candidates.csv
landmark-8,J.J Holland Park,landmark,Informal Outdoor Facility (Park/Garden/Reserve),,,-37.7982358832177,144.923837074813,landmarks_refuge_candidates.csv
landmark-9,Fitzroy Gardens,landmark,Informal Outdoor Facility (Park/Garden/Reserve),,,-37.8129616331579,144.980455714669,landmarks_refuge_candidates.csv
landmark-10,Richmond Football Club,landmark,Informal Outdoor Facility (Park/Garden/Reserve),,,-37.8216740022008,144.988156318781,landmarks_refuge_candidates.csv
landmark-11,Royal Botanic Gardens,landmark,Informal Outdoor Facility (Park/Garden/Reserve),,,-37.8306631583233,144.980850432751,landmarks_refuge_candidates.csv
landmark-12,Darling Square,landmark,Informal Outdoor Facility (Park/Garden/Reserve),,,-37.81299206932,144.989062559512,landmarks_refuge_candidates.csv
landmark-13,Parliament Reserve,landmark,Informal Outdoor Facility (Park/Garden/Reserve),,,-37.809852620638,144.973462202839,landmarks_refuge_candidates.csv
landmark-14,Macarthur Square,landmark,Informal Outdoor Facility (Park/Garden/Reserve),,,-37.7983318676737,144.971514146104,landmarks_refuge_candidates.csv
landmark-15,Shrine of Rembrance Reserve,landmark,Informal Outdoor Facility (Park/Garden/Reserve),,,-37.8320733992876,144.973628364465,landmarks_refuge_candidates.csv
landmark-16,Treasury Gardens,landmark,Informal Outdoor Facility (Park/Garden/Reserve),,,-37.8143993575938,144.975952335785,landmarks_refuge_candidates.csv
landmark-17,Queen Victoria Gardens,landmark,Informal Outdoor Facility (Park/Garden/Reserve),,,-37.8216381244891,144.971049530478,landmarks_refuge_candidates.csv
landmark-18,New Quay,landmark,Informal Outdoor Facility (Park/Garden/Reserve),,,-37.8152178789077,144.941617889032,landmarks_refuge_candidates.csv
landmark-19,Sandridge Rail Bridge,landmark,Informal Outdoor Facility (Park/Garden/Reserve),,,-37.8201763042794,144.96298113724,landmarks_refuge_candidates.csv
landmark-20,Birrarung Marr,landmark,Informal Outdoor Facility (Park/Garden/Reserve),,,-37.81806108403,144.97314667014,landmarks_refuge_candidates.csv
landmark-21,University Square,landmark,Informal Outdoor Facility (Park/Garden/Reserve),,,-37.800410711209,144.960398319302,landmarks_refuge_candidates.csv
landmark-22,Docklands Park,landmark,Informal Outdoor Facility (Park/Garden/Reserve),,,-37.8209956785618,144.946781702342,landmarks_refuge_candidates.csv
landmark-23,Point Park,landmark,Informal Outdoor Facility (Park/Garden/Reserve),,,-37.8233522700646,144.942102276731,landmarks_refuge_candidates.csv
landmark-24,Alexandra Gardens,landmark,Informal Outdoor Facility (Park/Garden/Reserve),,,-37.8206051404251,144.971796067365,landmarks_refuge_candidates.csv
landmark-25,Piazza Italia,landmark,Informal Outdoor Facility (Park/Garden/Reserve),,,-37.8025164192523,144.965863092947,landmarks_refuge_candidates.csv
landmark-26,Murchinson Square,landmark,Informal Outdoor Facility (Park/Garden/Reserve),,,-37.8002735025371,144.973059252203,landmarks_refuge_candidates.csv
landmark-27,Carlton Gardens North,landmark,Informal Outdoor Facility (Park/Garden/Reserve),,,-37.8017690847403,144.971997551189,landmarks_refuge_candidates.csv
landmark-28,Fawkner Park,landmark,Informal Outdoor Facility (Park/Garden/Reserve),,,-37.8413996708186,144.981625667877,landmarks_refuge_candidates.csv
landmark-29,Enterprize Park,landmark,Informal Outdoor Facility (Park/Garden/Reserve),,,-37.820210269629,144.959276859602,landmarks_refuge_candidates.csv
landmark-30,Carlton Gardens South,landmark,Informal Outdoor Facility (Park/Garden/Reserve),,,-37.8060684577258,144.971266479841,landmarks_refuge_candidates.csv
landmark-31,Batman Park,landmark,Informal Outdoor Facility (Park/Garden/Reserve),,,-37.8218460949601,144.956665812218,landmarks_refuge_candidates.csv
landmark-32,Riverslide Skate Park,landmark,Informal Outdoor Facility (Park/Garden/Reserve),,,-37.8207887122448,144.972951789291,landmarks_refuge_candidates.csv
landmark-33,Royal Park,landmark,Informal Outdoor Facility (Park/Garden/Reserve),,,-37.7906174256581,144.953834240647,landmarks_refuge_candidates.csv
landmark-34,Yarra Park,landmark,Informal Outdoor Facility (Park/Garden/Reserve),,,-37.820469374101,144.986671109615,landmarks_refuge_candidates.csv
landmark-35,Lincoln Square,landmark,Informal Outdoor Facility (Park/Garden/Reserve),,,-37.8027919689732,144.962760852233,landmarks_refuge_candidates.csv
landmark-36,Powlett Reserve,landmark,Informal Outdoor Facility (Park/Garden/Reserve),,,-37.8116929882498,144.987275671763,landmarks_refuge_candidates.csv
landmark-37,The Melbourne Athenaeum Library,landmark,Library,,,-37.8148855756416,144.967291289941,landmarks_refuge_candidates.csv
landmark-38,State Library Victoria,landmark,Public Buildings,,,-37.8099852201226,144.964330322397,landmarks_refuge_candidates.csv
landmark-39,Australian Centre for Contemporary Art,landmark,Art Gallery/Museum,,,-37.8266045432686,144.967252924593,landmarks_refuge_candidates.csv
landmark-40,National Sports Museum,landmark,Art Gallery/Museum,,,-37.8189544909462,144.984669809381,landmarks_refuge_candidates.csv
landmark-41,Supreme Court,landmark,Public Buildings,,,-37.8141494182814,144.957894024264,landmarks_refuge_candidates.csv
landmark-42,Fox Classic Car Collection,landmark,Art Gallery/Museum,,,-37.8213744301481,144.948496661709,landmarks_refuge_candidates.csv
landmark-43,Victorian Arts Centre,landmark,Art Gallery/Museum,,,-37.8219947335768,144.968837288153,landmarks_refuge_candidates.csv
landmark-44,NGV International,landmark,Public Buildings,,,-37.8230135000869,144.969342535451,landmarks_refuge_candidates.csv
landmark-45,The Ian Potter Museum Of Art,landmark,Art Gallery/Museum,,,-37.7973939595503,144.964156669702,landmarks_refuge_candidates.csv
landmark-46,Conservatory,landmark,Public Buildings,,,-37.814002127195,144.9785597431,landmarks_refuge_candidates.csv
landmark-47,Koorie Heritage Trust Inc,landmark,Art Gallery/Museum,,,-37.8133854259085,144.954027907736,landmarks_refuge_candidates.csv
landmark-48,Cooks' Cottage,landmark,Art Gallery/Museum,,,-37.8144604899837,144.979471339826,landmarks_refuge_candidates.csv
landmark-49,Royal Exhibition Building,landmark,Art Gallery/Museum,,,-37.80460262432,144.971521914952,landmarks_refuge_candidates.csv
landmark-50,Melbourne Childrens Court,landmark,Public Buildings,,,-37.8125077646598,144.958298873269,landmarks_refuge_candidates.csv
landmark-51,County Court Melbourne,landmark,Public Buildings,,,-37.8132011619962,144.957734246387,landmarks_refuge_candidates.csv
landmark-52,Old Melbourne Gaol Crime & Justice Experience,landmark,Art Gallery/Museum,,,-37.8077644149636,144.965463853978,landmarks_refuge_candidates.csv
landmark-53,Melbourne Museum,landmark,Art Gallery/Museum,,,-37.8035518129299,144.971690718887,landmarks_refuge_candidates.csv
landmark-54,Elisabeth Murdoch Hall,landmark,Public Buildings,,,-37.8239733704282,144.967450979234,landmarks_refuge_candidates.csv
landmark-55,Melbourne Recital Centre,landmark,Public Buildings,,,-37.8238327885805,144.967682729667,landmarks_refuge_candidates.csv
landmark-56,The Museum Of Australian Chinese History,landmark,Art Gallery/Museum,,,-37.8107686127655,144.96923385414,landmarks_refuge_candidates.csv
landmark-57,Sidney Myer Music Bowl,landmark,Public Buildings,,,-37.8233471608733,144.974686151365,landmarks_refuge_candidates.csv
landmark-58,Immigration Museum,landmark,Art Gallery/Museum,,,-37.8191798798062,144.960426777129,landmarks_refuge_candidates.csv
landmark-59,Fire Services Museum Victoria,landmark,Art Gallery/Museum,,,-37.8085761281612,144.975373745366,landmarks_refuge_candidates.csv
landmark-60,Thoroughbred Racing Gallery,landmark,Art Gallery/Museum,,,-37.8188662730911,144.9839700954,landmarks_refuge_candidates.csv
landmark-61,Melbourne Theatre Company,landmark,Public Buildings,,,-37.823930384816,144.968297429894,landmarks_refuge_candidates.csv
landmark-62,Shrine of Remembrance,landmark,Public Buildings,,,-37.8302080020387,144.973441913623,landmarks_refuge_candidates.csv
landmark-63,Commonwealth Law Courts,landmark,Public Buildings,,,-37.8123961677596,144.955823833257,landmarks_refuge_candidates.csv
landmark-64,Polly Woodside,landmark,Art Gallery/Museum,,,-37.8242574266145,144.953478052064,landmarks_refuge_candidates.csv
landmark-65,Melbourne Town Hall,landmark,Public Buildings,,,-37.8150754791411,144.966542722283,landmarks_refuge_candidates.csv
landmark-66,The Ian Potter Centre: NGV Australia,landmark,Art Gallery/Museum,,,-37.8174831423197,144.969899048343,landmarks_refuge_candidates.csv
landmark-67,Victoria Police Museum,landmark,Art Gallery/Museum,,,-37.8222182774409,144.954039975197,landmarks_refuge_candidates.csv
landmark-68,Melbourne Visitor Centre,landmark,Visitor Centre,,,-37.8177352402006,144.967937138226,landmarks_refuge_candidates.csv
landmark-69,Australian Centre For The Moving Image (ACMI),landmark,Art Gallery/Museum,,,-37.8176107327202,144.969070431323,landmarks_refuge_candidates.csv
landmark-70,Sinclair's Cottage,landmark,Art Gallery/Museum,,,-37.8145407488014,144.980554992725,landmarks_refuge_candidates.csv
landmark-71,Melbourne Visitor Booth,landmark,Visitor Centre,,,-37.8139525061193,144.964425882562,landmarks_refuge_candidates.csv
furniture-1078893,Seat - Stainless Steel Straight Seat,street_furniture,Seat,,3.37,-37.81196859547474,144.97129539621886,street_furniture_clean.csv
furniture-1078910,Seat - Handrail Steps and Seating Wall,street_furniture,Seat,,3.45,-37.81413462369066,144.96333729992477,street_furniture_clean.csv
furniture-1078950,Seat - Metal Semi-circular Seats,street_furniture,Seat,,3.11,-37.80078654068136,144.96646421301875,street_furniture_clean.csv
furniture-1078970,Seat - Metal Seat,street_furniture,Seat,,3.13,-37.81235786442496,144.97054525692658,street_furniture_clean.csv
furniture-1079075,Seat - Metal Bench,street_furniture,Seat,,1.0,-37.809464019200384,144.98481352238164,street_furniture_clean.csv
furniture-1079129,Seat - Metal Bench,street_furniture,Seat,,3.17,-37.81978552691327,144.95897570377667,street_furniture_clean.csv
furniture-1079162,Seat - Metal Seat,street_furniture,Seat,,3.16,-37.81451519136616,144.9619103095699,street_furniture_clean.csv
furniture-1079163,Seat - Metal Seat,street_furniture,Seat,,3.01,-37.80679242685809,144.96267842701562,street_furniture_clean.csv
furniture-1079236,Seat - Metal Seat,street_furniture,Seat,,2.99,-37.83034799994752,144.96574428835552,street_furniture_clean.csv
furniture-1079265,Seat - Metal Seat,street_furniture,Seat,,2.96,-37.80910104985144,144.9815265229975,street_furniture_clean.csv
furniture-1079340,Seat - Metal Seat,street_furniture,Seat,,3.05,-37.80275553934241,144.94590854136072,street_furniture_clean.csv
furniture-1079387,Seat - Metal Seat,street_furniture,Seat,,3.11,-37.81272451040829,144.95980539035148,street_furniture_clean.csv
furniture-1079396,Seat - Metal Seat,street_furniture,Seat,,3.17,-37.81641662268763,144.96370966112207,street_furniture_clean.csv
furniture-1079400,Seat - Metal Seat,street_furniture,Seat,,2.95,-37.80397618122666,144.96048276930603,street_furniture_clean.csv
furniture-1079446,Seat - Metal Seat,street_furniture,Seat,,3.16,-37.82008067560694,144.96530790681,street_furniture_clean.csv
furniture-1079450,Seat - Metal Seat,street_furniture,Seat,,3.16,-37.82002711645422,144.9655930459265,street_furniture_clean.csv
furniture-1079465,Seat - Metal Seat,street_furniture,Seat,,3.16,-37.81982056073012,144.9670013778699,street_furniture_clean.csv
furniture-1079468,Seat - Metal Seat,street_furniture,Seat,,3.08,-37.80632823110592,144.96582697316487,street_furniture_clean.csv
furniture-1079484,Seat - Metal Seat,street_furniture,Seat,,3.16,-37.80615190222117,144.9573534631669,street_furniture_clean.csv
furniture-1079491,Seat - Metal Seat,street_furniture,Seat,,3.16,-37.81491758290109,144.96122414331958,street_furniture_clean.csv
furniture-1079493,Seat - Metal Seat,street_furniture,Seat,,3.12,-37.8132198841291,144.95440846535308,street_furniture_clean.csv
furniture-1079498,Seat - Metal Seat,street_furniture,Seat,,2.16,-37.8087868993732,144.97559449807892,street_furniture_clean.csv
furniture-1079502,Seat - Metal Seat,street_furniture,Seat,,3.16,-37.809375275255086,144.97512782665984,street_furniture_clean.csv
furniture-1079513,Seat - Metal Seat,street_furniture,Seat,,3.16,-37.820535078663646,144.96353739979818,street_furniture_clean.csv
furniture-1079516,Seat - Metal Seat,street_furniture,Seat,,2.16,-37.82041793556184,144.96371511569345,street_furniture_clean.csv
furniture-1079550,Seat - Metal Seat,street_furniture,Seat,,2.99,-37.82815604027054,144.96720844490918,street_furniture_clean.csv
furniture-1079564,Seat - Metal Seat,street_furniture,Seat,,2.94,-37.81735908961137,144.98857789149974,street_furniture_clean.csv
furniture-1079572,Seat - Metal Seat,street_furniture,Seat,,3.16,-37.81687502656954,144.96738005056193,street_furniture_clean.csv
furniture-1079585,Seat - Metal Seat,street_furniture,Seat,,2.92,-37.79807390439489,144.97452246875454,street_furniture_clean.csv
furniture-1079618,Seat - Metal Seat,street_furniture,Seat,,3.16,-37.80857586110251,144.97612503036785,street_furniture_clean.csv
furniture-1079619,Seat - Metal Seat,street_furniture,Seat,,3.1,-37.81815703988791,144.9620103050557,street_furniture_clean.csv
furniture-1079635,Seat - Metal Seat,street_furniture,Seat,,3.0,-37.80051257315345,144.9556842782415,street_furniture_clean.csv
furniture-1079642,Seat - Metal Seat,street_furniture,Seat,,3.12,-37.802962441458746,144.96688734838466,street_furniture_clean.csv
furniture-1079674,Seat - Metal Seat,street_furniture,Seat,,3.14,-37.79345780986544,144.91861145339658,street_furniture_clean.csv
furniture-1079676,Seat - Metal Seat,street_furniture,Seat,,2.63,-37.82357595449077,144.9676965416807,street_furniture_clean.csv
furniture-1079695,Seat - Metal Seat,street_furniture,Seat,,3.16,-37.82016701470475,144.96485464210605,street_furniture_clean.csv
furniture-1079700,Seat - Metal Seat,street_furniture,Seat,,3.16,-37.820706374202274,144.96243208979237,street_furniture_clean.csv
furniture-1079715,Seat - Metal Seat,street_furniture,Seat,,1.16,-37.82044197308232,144.9634323757278,street_furniture_clean.csv
furniture-1079753,Seat - Metal Bench,street_furniture,Seat,,3.09,-37.81138118325688,144.95733952235818,street_furniture_clean.csv
furniture-1079760,Seat - Metal Seat,street_furniture,Seat,,1.0,-37.817088077712285,144.95502019647282,street_furniture_clean.csv
furniture-1079845,Seat - Metal Seat,street_furniture,Seat,,3.1,-37.81741752317858,144.9616659903112,street_furniture_clean.csv
furniture-1079849,Seat - Metal Seat,street_furniture,Seat,,3.16,-37.816896914590274,144.9535612994381,street_furniture_clean.csv
furniture-1079862,Seat - Metal Seat,street_furniture,Seat,,3.02,-37.82568207271315,144.96261686956237,street_furniture_clean.csv
furniture-1079924,Seat - Straight Seat - Wooden Battens - Type 2,street_furniture,Seat,,1.0,-37.820505104448046,144.95924545819943,street_furniture_clean.csv
furniture-1079925,Seat - Straight Seat - Wooden Battens - Type 2,street_furniture,Seat,,1.0,-37.82049204836993,144.95927728619534,street_furniture_clean.csv
furniture-1079932,Seat - Straight Seat - Wooden Battens - Type 2,street_furniture,Seat,,2.82,-37.79092146214908,144.9445594094655,street_furniture_clean.csv
furniture-1110870,Barbeque - Urban Design Double Hotplate,street_furniture,Barbeque,,4.0,-37.82773337690019,144.98268472258306,street_furniture_clean.csv
furniture-1534048,Seat - Stainless Steel Straight Seat,street_furniture,Seat,,4.44,-37.81083022232274,144.9617141553295,street_furniture_clean.csv
furniture-1515787,Seat - Straight Seat - Wooden Battens - Type 2 - North Melbourne Community Centre (Open Space),street_furniture,Seat,,3.0,-37.79291935740994,144.9405197285452,street_furniture_clean.csv
furniture-1550110,Seat - Straight Seat - Wooden Battens - Type 2 - Batman Park,street_furniture,Seat,,4.0,-37.821654308016186,144.95639455674052,street_furniture_clean.csv
furniture-1530088,Information Pillar - Information Hub Pillar,street_furniture,Information Pillar,,2.17,-37.814497900874485,144.96340058479282,street_furniture_clean.csv
furniture-1551573,Drinking fountain - Historic or Heritage Drinking Fountains - Warun Biik Park,street_furniture,Drinking Fountain,,4.0,-37.79622591094481,144.92675323715673,street_furniture_clean.csv
furniture-1551580,Seat - Urban Design Park Style - Green Powder Coat -Warun Biik Park,street_furniture,Seat,,3.0,-37.79616084605655,144.9264717083109,street_furniture_clean.csv
furniture-1551818,Seat - Stainless Steel Straight Seat,street_furniture,Seat,,3.44,-37.80763119758591,144.96302486397798,street_furniture_clean.csv
furniture-1552207,Drinking Fountain - Urban design stainless steel,street_furniture,Drinking Fountain,,3.91,-37.79337819173264,144.94004830856508,street_furniture_clean.csv
furniture-1553758,Seat - Wooden Bench,street_furniture,Seat,,2.11,-37.82401392159099,144.9502088648589,street_furniture_clean.csv
furniture-1533075,Seat - Stainless Steel Straight Seat,street_furniture,Seat,,3.44,-37.815802098430254,144.9397494221486,street_furniture_clean.csv
furniture-1554074,Seat - Stainless Steel Straight Seat,street_furniture,Seat,,2.62,-37.81728711297509,144.95395482260523,street_furniture_clean.csv
furniture-1555101,Seat - Stainless Steel Seat - Fixed,street_furniture,Seat,,3.41,-37.817505538183816,144.95325890118016,street_furniture_clean.csv
furniture-1555898,Seat - Stainless Steel Straight Seat,street_furniture,Seat,,4.44,-37.8119700660734,144.96198177910716,street_furniture_clean.csv
furniture-1552208,Seat - Urban Design Park Style - Green Powder Coat,street_furniture,Seat,,5.0,-37.81967132019365,144.96952871211582,street_furniture_clean.csv
furniture-1556983,Seat - Stainless Steel Straight Seat - Station Street Park,street_furniture,Seat,,4.0,-37.79717742930717,144.97405202370888,street_furniture_clean.csv
furniture-1554072,Seat - Metal Bench,street_furniture,Seat,,1.93,-37.81722287351426,144.95393489899445,street_furniture_clean.csv
furniture-1559234,Seat - Stainless Steel Seat - 3m & LED lights,street_furniture,Seat,,4.44,-37.816076275811184,144.96691848924405,street_furniture_clean.csv
furniture-1562382,Seat - Handrail Steps and Seating Wall,street_furniture,Seat,,1.45,-37.81404413137989,144.96364910449657,street_furniture_clean.csv
furniture-1550165,Seat - Stainless Steel Seat - Fixed,street_furniture,Seat,,3.45,-37.81624441747036,144.96359557002071,street_furniture_clean.csv
furniture-1566857,Seat - Straight Seat - Wooden Battens - Type 2 - Parkville Gardens,street_furniture,Seat,,4.0,-37.7780822799452,144.94044655992454,street_furniture_clean.csv
furniture-1566858,Seat - Straight Seat - Wooden Battens - Type 2 - Parkville Gardens,street_furniture,Seat,,4.0,-37.77809579555824,144.94078146512726,street_furniture_clean.csv
furniture-1566862,Seat - Straight Seat - Wooden Battens - Type 2 - Park Street Reserve,street_furniture,Seat,,4.0,-37.77599225818936,144.94238471800915,street_furniture_clean.csv
furniture-1568589,Seat - Straight Seat - Wooden Battens - Type 2 - Howard and William Street Reserve,street_furniture,Seat,,4.0,-37.80655993514255,144.95372415320278,street_furniture_clean.csv
furniture-1568593,Seat - Straight Seat - Wooden Battens - Type 2 - Howard and William Street Reserve,street_furniture,Seat,,4.0,-37.80700679144616,144.9535872165127,street_furniture_clean.csv
furniture-1568599,Seat - Stainless Steel Seat - Swivel,street_furniture,Seat,,4.0,-37.82019291880505,144.94485661209842,street_furniture_clean.csv
furniture-1569197,Seat - Stainless Steel Straight Seat,street_furniture,Seat,,1.42,-37.81391794057397,144.96876067911936,street_furniture_clean.csv
furniture-1569665,Picnic Setting - Urban Design Style - Royal Park,street_furniture,Picnic Setting,,4.0,-37.78230284760091,144.94908114185958,street_furniture_clean.csv
furniture-1569669,Seat - Straight Seat - Wooden Battens - Type 2 - Royal Park,street_furniture,Seat,,3.0,-37.77847776021332,144.95445829079767,street_furniture_clean.csv
furniture-1569671,Seat - Straight Seat - Wooden Battens - Type 2 - Royal Park,street_furniture,Seat,,4.0,-37.7793893932523,144.95527313630888,street_furniture_clean.csv
furniture-1569672,Seat - Straight Seat - Wooden Battens - Type 2 - Royal Park,street_furniture,Seat,,4.0,-37.77939478310033,144.95508008138495,street_furniture_clean.csv
furniture-1569674,Seat - Straight Seat - Wooden Battens - Type 2 - Royal Park,street_furniture,Seat,,4.0,-37.77956618910947,144.9559004628695,street_furniture_clean.csv
furniture-1569675,Seat - Straight Seat - Wooden Battens - Type 2 - Royal Park,street_furniture,Seat,,3.0,-37.78610367714627,144.9446779208684,street_furniture_clean.csv
furniture-1569682,Seat - Straight Seat - Wooden Battens - Type 2 - Royal Park,street_furniture,Seat,,3.0,-37.78307006539079,144.94276411422717,street_furniture_clean.csv
furniture-1569714,Seat - Straight Seat - Wooden Battens - Type 2 - Fawkner Park,street_furniture,Seat,,3.0,-37.83900343844815,144.9814834051723,street_furniture_clean.csv
furniture-1569716,Seat - Straight Seat - Wooden Battens - Type 2 - Royal Park,street_furniture,Seat,,4.0,-37.78395103764853,144.94408942875555,street_furniture_clean.csv
furniture-1569770,Seat - Straight Seat - Wooden Battens - Type 2 - North Melbourne Recreation Reserve,street_furniture,Seat,,3.0,-37.79974001028621,144.94142796305488,street_furniture_clean.csv
furniture-1569855,Seat - Stainless Steel Straight Seat,street_furniture,Seat,,3.41,-37.819354153464175,144.95444337543898,street_furniture_clean.csv
furniture-1572368,Drinking Fountain - Stainless Steel Drinking Fountain - Leaf Type - Bottle Refill Tap,street_furniture,Drinking Fountain,,3.45,-37.814022713257685,144.96377589639772,street_furniture_clean.csv
furniture-1566844,Seat - Metal Seat - Warun Biik Park,street_furniture,Seat,,3.0,-37.79653903145247,144.9260039128477,street_furniture_clean.csv
furniture-1581659,Seat - Stainless Steel Straight Seat - Docklands,street_furniture,Seat,,3.44,-37.81942074547152,144.94206773661386,street_furniture_clean.csv
furniture-1581660,Seat - Stainless Steel Straight Seat - Docklands,street_furniture,Seat,,3.44,-37.81946096877123,144.94195608430957,street_furniture_clean.csv
furniture-1584053,Seat - Straight Seat - Wooden Battens - Type 2 - North Melbourne Recreation Reserve,street_furniture,Seat,,3.0,-37.799766773249296,144.94031977835218,street_furniture_clean.csv
furniture-1588685,Drinking Fountain - Stainless Steel Drinking Fountain - Old Docklands Type,street_furniture,Drinking Fountain,,3.44,-37.81337112781817,144.94357125504956,street_furniture_clean.csv
furniture-1568584,Seat - Straight Seat - Wooden Battens - Type 2 - Howard and William Street Reserve,street_furniture,Seat,,4.0,-37.80635723342533,144.95366034990204,street_furniture_clean.csv
furniture-1589218,Seat - Straight Seat - Wooden Battens - Type 2 - Royal Park,street_furniture,Seat,,4.0,-37.79591590307072,144.95121724387448,street_furniture_clean.csv
furniture-1589748,Drinking Fountain - Stainless Steel Drinking Fountain - Leaf Type - Reeves Street Park,street_furniture,Drinking Fountain,,4.0,-37.79376491305337,144.97024082502696,street_furniture_clean.csv
furniture-1589756,Picnic Setting - Urban Design Style - Reeves Street Park,street_furniture,Picnic Setting,,3.0,-37.79356379826714,144.97046209933077,street_furniture_clean.csv
furniture-1589850,Seat - Wooden Slats set in Stonework,street_furniture,Seat,,3.16,-37.81820706279396,144.9450045056461,street_furniture_clean.csv
furniture-1589913,Drinking Fountain - Stainless Steel Drinking Fountain - Leaf Type - Bottle Refill Tap,street_furniture,Drinking Fountain,,4.0,-37.78073096453612,144.95108741208116,street_furniture_clean.csv
furniture-1589922,Drinking Fountain - Stainless Steel Drinking Fountain - Leaf Type - Bottle Refill Tap,street_furniture,Drinking Fountain,,3.0,-37.81818027452629,144.97128244641144,street_furniture_clean.csv
furniture-1589923,Drinking Fountain - Stainless Steel Drinking Fountain - Leaf Type - Bottle Refill Tap,street_furniture,Drinking Fountain,,4.0,-37.80715296297559,144.95128617901676,street_furniture_clean.csv
furniture-1590042,Drinking Fountain - Leaf Type - Dog Bowl  - Clayton Reserve,street_furniture,Drinking Fountain,,4.0,-37.79581789599728,144.93892278396697,street_furniture_clean.csv
furniture-1590043,Seat - Timber Bench - Clayton Reserve,street_furniture,Seat,,3.0,-37.79644327620437,144.93909585360467,street_furniture_clean.csv
furniture-1569687,Seat - Straight Seat - Wooden Battens - Type 2 - Royal Park,street_furniture,Seat,,3.0,-37.78400149384252,144.94182887988373,street_furniture_clean.csv
furniture-1597365,Seat - Straight Seat - Wooden Battens - Type 2 - Royal Park,street_furniture,Seat,,4.0,-37.77756383203311,144.95363614822045,street_furniture_clean.csv
furniture-1600062,Seat - Straight Seat - Wooden Battens - Type 2 - Royal Park,street_furniture,Seat,,3.0,-37.78202815397863,144.95623992108025,street_furniture_clean.csv
furniture-1600540,Seat - Straight Seat - Wooden Battens - Type 2 - Neill Street Reserve,street_furniture,Seat,,3.0,-37.79517157148603,144.9698439112555,street_furniture_clean.csv
furniture-1600555,Picnic Setting - Urban Design Style - Neill Street Reserve,street_furniture,Picnic Setting,,4.0,-37.79584185572456,144.96813444102102,street_furniture_clean.csv
furniture-1589917,Drinking Fountain - Stainless Steel Drinking Fountain - Leaf Type - Bottle Refill Tap,street_furniture,Drinking Fountain,,4.0,-37.802215372127485,144.96301319081624,street_furniture_clean.csv
furniture-1610544,Drinking Fountain - Stainless Steel Drinking Fountain - Old Docklands Type,street_furniture,Drinking Fountain,,3.44,-37.82114510296565,144.9429836641702,street_furniture_clean.csv
furniture-1586989,Information Pillar - Information Hub Pillar,street_furniture,Information Pillar,,3.25,-37.81044512091349,144.95714666225734,street_furniture_clean.csv
furniture-1598613,Seat - Metal Bench,street_furniture,Seat,,3.17,-37.815404194455695,144.96719604219177,street_furniture_clean.csv
furniture-1618762,Seat - Metal Bench,street_furniture,Seat,,3.17,-37.81471835861684,144.96953356778124,street_furniture_clean.csv
furniture-1597429,Seat - Metal Seat,street_furniture,Seat,,3.16,-37.81912087560034,144.96555544789229,street_furniture_clean.csv
furniture-1633459,Seat - Straight Seat - Wooden Battens - Type 2 - Ron Barassi Senior Park,street_furniture,Seat,,4.0,-37.815954041648574,144.93459562393008,street_furniture_clean.csv
furniture-1633460,Seat - Straight Seat - Wooden Battens - Type 2 - Ron Barassi Senior Park,street_furniture,Seat,,4.0,-37.81566262230952,144.9351670710598,street_furniture_clean.csv
furniture-1633461,Seat - Straight Seat - Wooden Battens - Type 2 - Ron Barassi Senior Park,street_furniture,Seat,,4.0,-37.81614099683272,144.93381272709874,street_furniture_clean.csv
furniture-1607085,Drinking Fountain - Stainless Steel Drinking Fountain - Leaf Type - Bottle Refill Tap,street_furniture,Drinking Fountain,,4.44,-37.8200996090771,144.96520412105647,street_furniture_clean.csv
furniture-1639836,Seat - Flat Bench Seat - L Shaped,street_furniture,Seat,,1.17,-37.79922603056318,144.95730327870317,street_furniture_clean.csv
furniture-1613537,Seat - Timber Bench - Leverson Street Reserve,street_furniture,Seat,,4.0,-37.80047387113999,144.95168858302935,street_furniture_clean.csv
furniture-1642673,Seat - Stainless Steel Seat - Fixed,street_furniture,Seat,,3.34,-37.82663952586984,144.95941412309986,street_furniture_clean.csv
furniture-1643716,Seat - Straight Seat - Wooden Battens - Type 2 - Queen Victoria Gardens,street_furniture,Seat,,4.0,-37.82219491616432,144.96998532274733,street_furniture_clean.csv
furniture-1633771,Seat - Straight Seat - Wooden Battens - Type 2 - Fawkner Park,street_furniture,Seat,,4.0,-37.8378113488417,144.97878807262626,street_furniture_clean.csv
furniture-1639782,Seat - Timber Bench - Eastwood and Rankins Park,street_furniture,Seat,,4.0,-37.794136375362434,144.9308738129385,street_furniture_clean.csv
furniture-1660078,Seat - Straight Seat - Wooden Battens - Type 2 - Riverside Park,street_furniture,Seat,,3.0,-37.79511045446201,144.9165516825898,street_furniture_clean.csv
furniture-1686068,Seat - Metal Seat,street_furniture,Seat,,4.02,-37.82366387412895,144.96602975437332,street_furniture_clean.csv
furniture-1740808,Seat - Stainless Steel Straight Seat,street_furniture,Seat,,3.45,-37.813355562246265,144.96594432281512,street_furniture_clean.csv
furniture-1742338,Seat - Straight Seat - Wooden Battens - Type 2 - Hawke and Adderley Street Park,street_furniture,Seat,,4.0,-37.80851172321793,144.9450885327011,street_furniture_clean.csv
furniture-1742439,Drinking Fountain - Stainless Steel Drinking Fountain - Leaf Type - Bellair Street Reserve,street_furniture,Drinking Fountain,,4.0,-37.795526766864704,144.93075415955866,street_furniture_clean.csv
furniture-1742441,Seat - Straight Seat - Wooden Battens - Type 2 - Bellair Street Reserve,street_furniture,Seat,,4.0,-37.79524251935064,144.9307377882714,street_furniture_clean.csv
furniture-1743812,Seat - Stainless Steel Seat - Fixed,street_furniture,Seat,,3.44,-37.82069331945052,144.94203329807593,street_furniture_clean.csv
furniture-1550174,Seat - Stainless Steel Seat - Fixed,street_furniture,Seat,,3.45,-37.81672843699444,144.96193395375565,street_furniture_clean.csv
furniture-1533142,Seat - Straight Seat - Wooden Battens - Type 2 - Princes Park,street_furniture,Seat,,4.0,-37.78933905828158,144.96150226143482,street_furniture_clean.csv
furniture-1551819,Seat - Stainless Steel Straight Seat,street_furniture,Seat,,3.45,-37.81512170924447,144.96815868044015,street_furniture_clean.csv
furniture-1552209,Seat - Urban Design Park Style - Green Powder Coat,street_furniture,Seat,,5.0,-37.819652991376216,144.96919226753667,street_furniture_clean.csv
furniture-1532206,Seat - Stainless Steel Straight Seat,street_furniture,Seat,,3.43,-37.81495295568163,144.94206504501116,street_furniture_clean.csv
furniture-1643462,Seat - Stainless Steel Straight Seat,street_furniture,Seat,,3.4,-37.81758427313117,144.96391795036186,street_furniture_clean.csv
furniture-1656015,Seat - Flat Bench Seat - L Shaped,street_furniture,Seat,,3.09,-37.81802743371151,144.95412113897015,street_furniture_clean.csv
furniture-1645349,Seat - Five Sided Platform - Docklands Park,street_furniture,Seat,,4.0,-37.82089054719102,144.94685737779022,street_furniture_clean.csv
furniture-1644105,Seat - Straight Seat - Wooden Battens - Type 2 - Jolimont Reserve,street_furniture,Seat,,3.0,-37.81649142659956,144.98207282130608,street_furniture_clean.csv
furniture-1119438,Seat - Straight Seat - Wooden Battens - Type 2 - Powlett Reserve,street_furniture,Seat,,4.0,-37.81112095423765,144.98754461903744,street_furniture_clean.csv
furniture-1119454,Seat - Straight Seat - Wooden Battens - Type 2 - Carlton Gardens North,street_furniture,Seat,,3.0,-37.80174539494181,144.97342747325422,street_furniture_clean.csv
furniture-1360386,Seat - Straight Seat - Wooden Battens - Type 2 - Carlton Gardens North,street_furniture,Seat,,3.0,-37.80181272727996,144.97081691016913,street_furniture_clean.csv
furniture-1360402,Seat - Straight Seat - Wooden Battens - Type 2 - Kensington Hall Reserve,street_furniture,Seat,,4.0,-37.78846306126744,144.9284865293354,street_furniture_clean.csv
furniture-1360441,Seat - Straight Seat - Wooden Battens - Type 2 - Royal Park,street_furniture,Seat,,3.0,-37.78002535288814,144.95118649010695,street_furniture_clean.csv
furniture-1360539,Drinking Fountain - Drinking Fountain - Type 2 - Stock Route Reserve (KENSINGTON),street_furniture,Drinking Fountain,,3.0,-37.78858107833513,144.9262313297776,street_furniture_clean.csv
furniture-1119813,Seat - Urban Design Park Style - Green Powder Coat,street_furniture,Seat,,4.0,-37.82698153802682,144.98373238826753,street_furniture_clean.csv
furniture-1119842,Seat - Metal Seat - Kensington Banks Type - Cakebread Mews Park East,street_furniture,Seat,,3.0,-37.79314658864594,144.9197768126237,street_furniture_clean.csv
furniture-1120008,Seat - Metal Seat - Haymarket Walk,street_furniture,Seat,,3.0,-37.800726488055886,144.95854521167217,street_furniture_clean.csv
furniture-1120164,Seat - Wooden Slats Set in Bluestone - Alexandra Gardens,street_furniture,Seat,,3.0,-37.81979590665908,144.97283660912265,street_furniture_clean.csv
furniture-1361549,Drinking Fountain - Drinking Fountain - Type 1,street_furniture,Drinking Fountain,,2.32,-37.79125129687361,144.93147576642454,street_furniture_clean.csv
furniture-1362019,Seat - Metal Seat,street_furniture,Seat,,3.14,-37.80319325961364,144.9498657195298,street_furniture_clean.csv
furniture-1312985,Information Pillar - Information Hub Pillar,street_furniture,Information Pillar,,2.81,-37.81136868988814,144.96490361542405,street_furniture_clean.csv
furniture-1313379,Seat - Stainless Steel Seat - 3m & LED lights,street_furniture,Seat,,3.43,-37.8136052721638,144.94055601037158,street_furniture_clean.csv
furniture-1361075,Seat - Metal Bench,street_furniture,Seat,,3.14,-37.79435071848493,144.92992763930687,street_furniture_clean.csv
furniture-1313906,Seat - Metal Seat,street_furniture,Seat,,3.17,-37.79519171162885,144.92598992312622,street_furniture_clean.csv
furniture-1749204,Seat - Stainless Steel Seat - Fixed,street_furniture,Seat,,4.44,-37.820786611096224,144.9413900916072,street_furniture_clean.csv
furniture-1750906,Seat - Straight Seat - Wooden Battens - Type 2 - Royal Park,street_furniture,Seat,,4.0,-37.786502394188304,144.95454112239673,street_furniture_clean.csv
furniture-1751042,Seat - Straight Seat - Wooden Battens - Type 2 - North Melbourne Recreation Reserve,street_furniture,Seat,,4.0,-37.798822649279366,144.94018791446683,street_furniture_clean.csv
furniture-1752913,Seat - Flat Bench Seat - L Shaped,street_furniture,Seat,,3.15,-37.80437417816798,144.96315593169442,street_furniture_clean.csv
furniture-1753312,Drinking Fountain - Leaf Type - Dog Bowl  - New Quay Central Park,street_furniture,Drinking Fountain,,4.0,-37.81472791168905,144.93868934270515,street_furniture_clean.csv
furniture-1755052,Picnic Setting - Urban Design Style - Gardiner Reserve,street_furniture,Picnic Setting,,4.0,-37.79893387514932,144.94355106460904,street_furniture_clean.csv
furniture-1757638,Seat - Straight Seat - Wooden Battens - Type 2 - Fitzroy Gardens,street_furniture,Seat,,3.0,-37.81027324046582,144.97914796711723,street_furniture_clean.csv
furniture-1757699,Drinking Fountain - Stainless Steel Drinking Fountain - Leaf Type - Royal Park,street_furniture,Drinking Fountain,,4.0,-37.78144167402145,144.95595472988092,street_furniture_clean.csv
furniture-1758403,Seat - Straight Seat - Wooden Battens - Type 2 - Royal Park,street_furniture,Seat,,4.0,-37.79192005137263,144.9482440168999,street_furniture_clean.csv
furniture-1769903,Seat - Timber Bench - University Square,street_furniture,Seat,,5.0,-37.80076583605187,144.96046761707692,street_furniture_clean.csv
furniture-1757705,Drinking Fountain - Leaf Type - With Bottle Refill Tap - Carlton Gardens South,street_furniture,Drinking Fountain,,4.0,-37.80596124931496,144.97143107579004,street_furniture_clean.csv
furniture-1771620,Seat - Straight Seat - Wooden Battens - Type 2 - Shrine of Remembrance Reserve,street_furniture,Seat,,4.0,-37.83084555743762,144.97250023366698,street_furniture_clean.csv
furniture-1759442,Seat - Straight Seat - Wooden Battens - Type 2 - Princes Park,street_furniture,Seat,,3.0,-37.785638195991886,144.9624871611232,street_furniture_clean.csv
furniture-1775781,Seat - Unclassified - Boyd Community Hub,street_furniture,Seat,,5.0,-37.825671720937486,144.96133685797398,street_furniture_clean.csv
furniture-1798713,Seat - Unclassified - Hub@Docklands,street_furniture,Seat,,5.0,-37.819889677001775,144.94730544484872,street_furniture_clean.csv
furniture-1798731,Seat - Unclassified - Hub@Docklands,street_furniture,Seat,,5.0,-37.82025133508907,144.94810780477067,street_furniture_clean.csv
furniture-1771633,Seat - Straight Seat - Wooden Battens - Type 2 - Bellair Street Reserve,street_furniture,Seat,,4.0,-37.79612469537141,144.93091827226385,street_furniture_clean.csv
furniture-1775792,Picnic Setting - unspecified - Boyd Community Hub,street_furniture,Picnic Setting,,5.0,-37.82601753912883,144.96147435542582,street_furniture_clean.csv
furniture-1786707,Drinking Fountain - Leaf Type - With Bottle Refill Tap - Murchison Square,street_furniture,Drinking Fountain,,5.0,-37.80037327256486,144.97278944216202,street_furniture_clean.csv
furniture-1804410,Seat - Platform Style - JJ Holland Park,street_furniture,Seat,,5.0,-37.79785414088448,144.92602084710637,street_furniture_clean.csv
furniture-1798711,Seat - Unclassified - Hub@Docklands,street_furniture,Seat,,5.0,-37.82017083170948,144.9477959204804,street_furniture_clean.csv
furniture-1798732,Seat - Unclassified - Hub@Docklands,street_furniture,Seat,,5.0,-37.820199008226425,144.9477373158008,street_furniture_clean.csv
furniture-1550139,Drinking fountain - Historic or Heritage Drinking Fountains - Liddy Street Reserve (KENSINGTON),street_furniture,Drinking Fountain,,4.0,-37.79009686226306,144.9257559567742,street_furniture_clean.csv
furniture-1550142,Seat - Straight Seat - Wooden Battens - Type 2 - Newmarket Reserve,street_furniture,Seat,,3.0,-37.78858876833867,144.9233025394984,street_furniture_clean.csv
furniture-1529777,Seat - Stainless Steel Seat - 3m & LED lights,street_furniture,Seat,,3.44,-37.813019191418334,144.96550315928374,street_furniture_clean.csv
furniture-1531131,Seat - Unclassified - Meritts Place,street_furniture,Seat,,3.0,-37.81474756614608,144.9555454155583,street_furniture_clean.csv
furniture-1551441,Seat - Metal frame Wooden Slats,street_furniture,Seat,,3.01,-37.77873136905669,144.9403779048755,street_furniture_clean.csv
furniture-1551579,Picnic Setting - unspecified - Warun Biik Park,street_furniture,Picnic Setting,,4.0,-37.79615689594815,144.9265800474665,street_furniture_clean.csv
furniture-1551582,Seat - Urban Design Park Style - Green Powder Coat -Warun Biik Park,street_furniture,Seat,,3.0,-37.79627212280608,144.92644508845535,street_furniture_clean.csv
furniture-1553740,Seat - Wooden Bench,street_furniture,Seat,,2.11,-37.82406488006232,144.95171812136033,street_furniture_clean.csv
furniture-1553752,Seat - Wooden Bench,street_furniture,Seat,,2.11,-37.82404372800395,144.95085470558945,street_furniture_clean.csv
furniture-1532223,Seat - Stainless Steel Seat - Fixed,street_furniture,Seat,,3.3,-37.8215518360407,144.94931406477517,street_furniture_clean.csv
furniture-1532736,Seat - Stainless Steel Straight Seat,street_furniture,Seat,,3.44,-37.815793230731074,144.93979885605972,street_furniture_clean.csv
furniture-1557018,Seat - Stainless Steel Bench - Docklands,street_furniture,Seat,,3.44,-37.8139083543908,144.9432792919357,street_furniture_clean.csv
furniture-1557376,Seat - Stainless Steel Seat - Fixed,street_furniture,Seat,,3.45,-37.81748825160507,144.96003127683284,street_furniture_clean.csv
furniture-1557649,Seat - Straight Seat - Wooden Battens - Type 2 - Galada Avenue,street_furniture,Seat,,4.0,-37.77883945970714,144.9398391092046,street_furniture_clean.csv
furniture-1559235,Seat - Stainless Steel Seat - Fixed,street_furniture,Seat,,4.44,-37.81612873112033,144.96693454409947,street_furniture_clean.csv
furniture-1561011,Seat - Metal Seat,street_furniture,Seat,,3.17,-37.81725543854614,144.96083538054245,street_furniture_clean.csv
furniture-1561021,Seat - Metal Bench,street_furniture,Seat,,3.17,-37.81758087061824,144.9597023547842,street_furniture_clean.csv
furniture-1565500,Seat - Stainless Steel Seat - Fixed,street_furniture,Seat,,3.3,-37.82152438565978,144.9445356640706,street_furniture_clean.csv
furniture-1566851,Seat - Metal Seat - Kensington Banks Type - Warun Biik Park,street_furniture,Seat,,3.0,-37.7972510254286,144.92692899782926,street_furniture_clean.csv
furniture-1566863,Seat - Straight Seat - Wooden Battens - Type 2 - Park Street Reserve,street_furniture,Seat,,3.0,-37.77611778651525,144.94236375287787,street_furniture_clean.csv
furniture-1553749,Seat - Wooden Bench,street_furniture,Seat,,2.11,-37.824050579501474,144.95108787009116,street_furniture_clean.csv
furniture-1568396,Seat - Stainless Steel Straight Seat,street_furniture,Seat,,4.41,-37.809032661361165,144.96089783096812,street_furniture_clean.csv
furniture-1568581,Seat - Straight Seat - Wooden Battens - Type 2 - Howard and William Street Reserve,street_furniture,Seat,,4.0,-37.80615266841685,144.95360341329237,street_furniture_clean.csv
furniture-1568587,Seat - Straight Seat - Wooden Battens - Type 2 - Howard and William Street Reserve,street_furniture,Seat,,4.0,-37.80658594123459,144.9536182576307,street_furniture_clean.csv
furniture-1569185,Seat - Stainless Steel Straight Seat,street_furniture,Seat,,3.42,-37.81298636386583,144.9683358166918,street_furniture_clean.csv
furniture-1569664,Picnic Setting - Urban Design Style - Royal Park,street_furniture,Picnic Setting,,4.0,-37.78219611837248,144.94917776711765,street_furniture_clean.csv
furniture-1569720,Seat - Straight Seat - Wooden Battens - Type 2 - Royal Park,street_furniture,Seat,,4.0,-37.78921033937642,144.95309366793148,street_furniture_clean.csv
furniture-1569721,Seat - Straight Seat - Wooden Battens - Type 2 - Royal Park,street_furniture,Seat,,3.0,-37.79189977345039,144.955758178017,street_furniture_clean.csv
furniture-1569725,Seat - Stainless Frame with Narrow Wooden Slats (Back to Back) - Argyle Square,street_furniture,Seat,,4.0,-37.8031189441283,144.9658000930635,street_furniture_clean.csv
furniture-1569766,Seat - Straight Seat - Wooden Battens - Type 2 - North Melbourne Recreation Reserve,street_furniture,Seat,,3.0,-37.79928501628893,144.94243400444827,street_furniture_clean.csv
furniture-1569769,Seat - Straight Seat - Wooden Battens - Type 2 - North Melbourne Recreation Reserve,street_furniture,Seat,,3.0,-37.79974291455409,144.9414549125759,street_furniture_clean.csv
furniture-1572009,Drinking Fountain - Stainless Steel Drinking Fountain - Leaf Type - Bottle Refill Tap,street_furniture,Drinking Fountain,,3.44,-37.80774274876369,144.96308654177773,street_furniture_clean.csv
furniture-1572357,Information Pillar - Information Hub Pillar,street_furniture,Information Pillar,,3.45,-37.81682712482088,144.9644819841878,street_furniture_clean.csv
furniture-1581658,Seat - Stainless Steel Straight Seat - Docklands,street_furniture,Seat,,3.44,-37.8193669723434,144.94222395638724,street_furniture_clean.csv
furniture-1584055,Seat - Straight Seat - Wooden Battens - Type 2 - North Melbourne Recreation Reserve,street_furniture,Seat,,3.0,-37.79935000716021,144.9407129558129,street_furniture_clean.csv
furniture-1589239,Seat - Five Sided Platform - Royal Park,street_furniture,Seat,,4.0,-37.79545039402472,144.9519499978215,street_furniture_clean.csv
furniture-1589299,Seat - Stainless Steel Straight Seat - Docklands,street_furniture,Seat,,3.44,-37.81523875868204,144.94149514919732,street_furniture_clean.csv
furniture-1589302,Seat - Wooden Bench,street_furniture,Seat,,3.16,-37.81967152705548,144.94353169858204,street_furniture_clean.csv
furniture-1589842,Seat - Wooden Slats set in Stonework,street_furniture,Seat,,3.16,-37.818494242198646,144.9442597253,street_furniture_clean.csv
furniture-1589852,Seat - Wooden Slats set in Stonework,street_furniture,Seat,,3.16,-37.81817331567005,144.94510529637972,street_furniture_clean.csv
furniture-1589856,Seat - Wooden Slats set in Stonework,street_furniture,Seat,,3.16,-37.81809251707937,144.94531394892562,street_furniture_clean.csv
furniture-1589857,Seat - Wooden Slats set in Stonework,street_furniture,Seat,,3.16,-37.818069340293306,144.9453698013545,street_furniture_clean.csv
furniture-1578247,Seat - Stainless Steel Curved - Narrow Stainless Slats,street_furniture,Seat,,3.44,-37.82208813399017,144.93786030429212,street_furniture_clean.csv
furniture-1599658,Seat - Straight Seat - Wooden Battens - Type 2 - Parkville Gardens,street_furniture,Seat,,3.0,-37.77744300993865,144.9399223867792,street_furniture_clean.csv
furniture-1589754,Seat - Metal Seat - Reeves Street Park,street_furniture,Seat,,4.0,-37.79377761267416,144.9704182042441,street_furniture_clean.csv
furniture-1610565,Drinking Fountain - Stainless Steel Drinking Fountain - Old Docklands Type,street_furniture,Drinking Fountain,,3.44,-37.82122088208344,144.94418531958326,street_furniture_clean.csv
furniture-1589236,Seat - Five Sided Platform - Royal Park,street_furniture,Seat,,4.0,-37.795076731662206,144.95112425119004,street_furniture_clean.csv
furniture-1613431,Seat - Stainless Steel Straight Seat,street_furniture,Seat,,3.45,-37.814560799832485,144.96938532632726,street_furniture_clean.csv
furniture-1633483,Seat - Timber Bench - Ron Barassi Senior Park,street_furniture,Seat,,4.0,-37.81636052259338,144.9338846473382,street_furniture_clean.csv
furniture-1607086,Drinking Fountain - Stainless Steel Drinking Fountain - Leaf Type - Bottle Refill Tap,street_furniture,Drinking Fountain,,3.44,-37.811816918335545,144.9647358013035,street_furniture_clean.csv
furniture-1642004,Seat - Flat Bench Seat - L Shaped,street_furniture,Seat,,1.0,-37.79964160447297,144.9558462828083,street_furniture_clean.csv
furniture-1639781,Seat - Timber Bench - Eastwood and Rankins Park,street_furniture,Seat,,4.0,-37.79415793843368,144.93088036579456,street_furniture_clean.csv
furniture-1645341,Seat - Straight Seat - Wooden Battens - Type 2 - Docklands Park,street_furniture,Seat,,4.0,-37.8192801399615,144.94656733194478,street_furniture_clean.csv
furniture-1645340,Drinking Fountain - Stainless Steel Drinking Fountain - Leaf Type - Docklands Park,street_furniture,Drinking Fountain,,4.0,-37.82089072956917,144.94692985249003,street_furniture_clean.csv
furniture-1743773,Seat - Stainless Steel Straight Seat,street_furniture,Seat,,3.44,-37.819695476439165,144.9416893065668,street_furniture_clean.csv
furniture-1360379,Seat - Straight Seat - Wooden Battens - Type 2 - Fitzroy Gardens,street_furniture,Seat,,3.0,-37.814195054661376,144.98100099351984,street_furniture_clean.csv
furniture-1360384,Seat - Straight Seat - Wooden Battens - Type 2 - Treasury Gardens,street_furniture,Seat,,4.0,-37.80946101506194,144.97350606631065,street_furniture_clean.csv
furniture-1360401,Seat - Straight Seat - Wooden Battens - Type 2 - Shrine of Remembrance Reserve,street_furniture,Seat,,4.0,-37.83100596665825,144.9728770395201,street_furniture_clean.csv
furniture-1360412,Seat - Straight Seat - Wooden Battens - Type 2 - Royal Park,street_furniture,Seat,,3.0,-37.77770185493361,144.94961796177887,street_furniture_clean.csv
furniture-1360418,Seat - Straight Seat - Wooden Battens - Type 2 - Royal Park,street_furniture,Seat,,3.0,-37.78030155158192,144.95449373631337,street_furniture_clean.csv
furniture-1119530,Seat - Straight Seat - Wooden Battens - Type 2 - Wellington Park,street_furniture,Seat,,3.0,-37.81580060399053,144.97567940218184,street_furniture_clean.csv
furniture-1360462,Picnic Setting - Urban Design Style,street_furniture,Picnic Setting,,3.0,-37.80240601205191,144.97104406679605,street_furniture_clean.csv
furniture-1360474,Picnic Setting - Wooden Style,street_furniture,Picnic Setting,,3.0,-37.788623475790914,144.92611602188663,street_furniture_clean.csv
furniture-1119588,Seat - Straight Seat - Wooden Battens - Type 2 - Fawkner Park,street_furniture,Seat,,3.0,-37.84190241973673,144.98126220617849,street_furniture_clean.csv
furniture-1361017,Seat - Metal Bench,street_furniture,Seat,,2.86,-37.789881012599366,144.92722903215824,street_furniture_clean.csv
furniture-1361028,Seat - Metal Seat - Park Type,street_furniture,Seat,,2.82,-37.78966903210701,144.9282519671859,street_furniture_clean.csv
furniture-1119666,Seat - Straight Seat - Wooden Battens - Type 2 - Carlton Gardens North,street_furniture,Seat,,3.0,-37.80289499285769,144.97277091843725,street_furniture_clean.csv
furniture-1360450,Seat - Metal Seat - Liddy Street Reserve,street_furniture,Seat,,4.0,-37.78985165689929,144.92551571493058,street_furniture_clean.csv
furniture-1119701,Seat - Straight Seat - Wooden Battens - Type 2 - Fitzroy Gardens,street_furniture,Seat,,4.0,-37.81207216988348,144.9806291096907,street_furniture_clean.csv
furniture-1361154,Seat - Metal Bench,street_furniture,Seat,,2.82,-37.793477901583785,144.94191648064506,street_furniture_clean.csv
furniture-1361228,Seat - Metal Bench,street_furniture,Seat,,2.82,-37.79535999164391,144.94156500281144,street_furniture_clean.csv
furniture-1119887,Seat - Metal Seat - Central Park Kensington,street_furniture,Seat,,4.0,-37.79425658860351,144.91965073751032,street_furniture_clean.csv
furniture-1120046,Seat - Straight Seat - Wooden Battens - Type 2 - Fawkner Park,street_furniture,Seat,,3.0,-37.840807801242654,144.98443578943096,street_furniture_clean.csv
furniture-1361456,Seat - Flat Bench Seat - Wooden Battens,street_furniture,Seat,,2.86,-37.788648332732606,144.92616120303143,street_furniture_clean.csv
furniture-1120148,Seat - Concrete Bench Seat,street_furniture,Seat,,3.0,-37.80040613092049,144.96057427643464,street_furniture_clean.csv
furniture-1313610,Seat - Stainless Steel Straight Seat,street_furniture,Seat,,3.45,-37.81298511276948,144.9677672050816,street_furniture_clean.csv
furniture-1372702,Seat - Stainless Steel Straight Seat,street_furniture,Seat,,4.44,-37.81274101027191,144.9626007852452,street_furniture_clean.csv
furniture-1376571,Seat - Stainless Steel Seat - Fixed,street_furniture,Seat,,3.45,-37.81400437457148,144.9637628825572,street_furniture_clean.csv
furniture-1313297,Seat - Stainless Steel Seat - 3m & LED lights,street_furniture,Seat,,2.43,-37.81371927783347,144.94087590209625,street_furniture_clean.csv
furniture-1313458,Seat - Stainless Steel Bench - Docklands,street_furniture,Seat,,3.44,-37.81928815961946,144.94531203309916,street_furniture_clean.csv
furniture-1313381,Seat - Timber Bench with Aluminium Legs - Docklands,street_furniture,Seat,,3.16,-37.824366282399474,144.9455040687815,street_furniture_clean.csv
furniture-1313836,Seat - Metal Seat,street_furniture,Seat,,3.16,-37.81891369377286,144.96708408421622,street_furniture_clean.csv
furniture-1313466,Seat - Timber Seat with Aluminium Legs - Docklands,street_furniture,Seat,,3.16,-37.82445725510888,144.94636407353735,street_furniture_clean.csv
furniture-1431519,Picnic Setting - Urban Design Style - Flagstaff Gardens,street_furniture,Picnic Setting,,3.0,-37.809489054734605,144.9548774142635,street_furniture_clean.csv
furniture-1442755,Seat - Straight Seat - Wooden Battens,street_furniture,Seat,,1.0,-37.83391520630785,144.9832019499181,street_furniture_clean.csv
furniture-1442770,Drinking Fountain - Stainless Steel Drinking Fountain - Leaf Type,street_furniture,Drinking Fountain,,1.45,-37.815447719564624,144.96705501075527,street_furniture_clean.csv
furniture-1360423,Seat - Straight Seat - Wooden Battens - Type 2 - Parkville Gardens,street_furniture,Seat,,3.0,-37.779447464765695,144.93963193322267,street_furniture_clean.csv
furniture-1313263,Seat - Timber Bench with Aluminium Legs - Docklands,street_furniture,Seat,,3.16,-37.82429034958973,144.94480906484648,street_furniture_clean.csv
furniture-1313276,Seat - Timber Bench with Aluminium Legs - Docklands,street_furniture,Seat,,3.16,-37.8242619967261,144.94376327834115,street_furniture_clean.csv
furniture-1119289,Seat - Straight Seat - Wooden Battens - Type 2 - Queen Victoria Gardens,street_furniture,Seat,,3.0,-37.821687704848415,144.97125411557562,street_furniture_clean.csv
furniture-1313354,Seat - Stainless Steel Bench - Docklands,street_furniture,Seat,,3.44,-37.81921411306216,144.94557196312235,street_furniture_clean.csv
furniture-1119532,Seat - Urban Design Park Style - Green Powder Coat - Kings Domain South,street_furniture,Seat,,4.0,-37.83385402866524,144.9823874464406,street_furniture_clean.csv
furniture-1313387,Seat - Timber Bench with Aluminium Legs - Docklands,street_furniture,Seat,,3.16,-37.82432834226677,144.94515804282634,street_furniture_clean.csv
furniture-1313453,Seat - Timber Seat with Aluminium Legs - Docklands,street_furniture,Seat,,3.16,-37.8244802344416,144.94605407611354,street_furniture_clean.csv
furniture-1120155,Seat - Concrete Bench Seat,street_furniture,Seat,,3.0,-37.80062680610502,144.9602295293985,street_furniture_clean.csv
furniture-1313493,Seat - Stainless Steel Straight Seat,street_furniture,Seat,,3.45,-37.81319728698079,144.96648528106022,street_furniture_clean.csv
furniture-1290833,Picnic Table,street_furniture,Picnic Setting,,4.0,-37.82312670636384,144.9418656128236,street_furniture_clean.csv
furniture-1119523,Seat - Straight Seat - Wooden Battens - Type 2 - Queen Victoria Gardens,street_furniture,Seat,,3.0,-37.82293236555572,144.97075480595376,street_furniture_clean.csv
furniture-1313712,Seat - Timber Bench with Aluminium Legs - Docklands,street_furniture,Seat,,3.16,-37.823372317360615,144.9428889898573,street_furniture_clean.csv
furniture-1119124,Seat - Straight Seat - Wooden Battens - Type 2 - Royal Park,street_furniture,Seat,,2.0,-37.79091817205863,144.9445671090712,street_furniture_clean.csv
furniture-1119169,Seat - Straight Seat - Wooden Battens - Type 2 - Lincoln Square,street_furniture,Seat,,3.0,-37.80277269447901,144.96252551076734,street_furniture_clean.csv
furniture-1119200,Seat - Straight Seat - Wooden Battens - Type 2 - Princes Park,street_furniture,Seat,,3.0,-37.77988480008799,144.96137825960983,street_furniture_clean.csv
furniture-1313880,Seat - Timber Seat with Aluminium Legs - Docklands,street_furniture,Seat,,3.16,-37.82450627880287,144.94577001024288,street_furniture_clean.csv
furniture-1312954,Information Pillar - Poster Pillar - COM,street_furniture,Information Pillar,,3.16,-37.81244901276175,144.9650335468612,street_furniture_clean.csv
furniture-1313999,Seat - Stainless Steel Straight Seat,street_furniture,Seat,,3.41,-37.81614100187622,144.95827432027193,street_furniture_clean.csv
furniture-1314009,Seat - Timber Bench with Aluminium Legs - Docklands,street_furniture,Seat,,3.16,-37.82438233549416,144.94563904664668,street_furniture_clean.csv
furniture-1119372,Seat - Straight Seat - Wooden Battens - Type 2 - Fitzroy Gardens,street_furniture,Seat,,4.0,-37.812141895971685,144.9796189691302,street_furniture_clean.csv
furniture-1568588,Seat - Straight Seat - Wooden Battens - Type 2 - Howard and William Street Reserve,street_furniture,Seat,,4.0,-37.806511152432215,144.95375877957957,street_furniture_clean.csv
furniture-1569673,Seat - Straight Seat - Wooden Battens - Type 2 - Royal Park,street_furniture,Seat,,4.0,-37.77957623533586,144.95592891208952,street_furniture_clean.csv
furniture-1569676,Seat - Straight Seat - Wooden Battens - Type 2 - Royal Park,street_furniture,Seat,,3.0,-37.78603719144553,144.94510262739018,street_furniture_clean.csv
furniture-1569686,Seat - Straight Seat - Wooden Battens - Type 2 - Royal Park,street_furniture,Seat,,3.0,-37.78418380876593,144.94189115598866,street_furniture_clean.csv
furniture-1569691,Seat - Stainless Steel Seat - Swivel,street_furniture,Seat,,4.0,-37.79739185167989,144.92353107537815,street_furniture_clean.csv
furniture-1569731,Seat - Straight Seat - Wooden Battens - Type 2 - Princes Park,street_furniture,Seat,,4.0,-37.786573340919134,144.96285652418172,street_furniture_clean.csv
furniture-1569762,Seat - Straight Seat - Wooden Battens - Type 2 - Lennon Street Reserve,street_furniture,Seat,,3.0,-37.78690716918086,144.94144280569907,street_furniture_clean.csv
furniture-1575328,Drinking Fountain - Stainless Steel Drinking Fountain - Leaf Type - Bottle Refill Tap,street_furniture,Drinking Fountain,,3.45,-37.81600551227767,144.9651330881475,street_furniture_clean.csv
furniture-1566077,Information Pillar - Information Hub Pillar,street_furniture,Information Pillar,,3.24,-37.82224335695541,144.94691247669593,street_furniture_clean.csv
furniture-1578238,Seat - Stainless Steel Straight Seat,street_furniture,Seat,,3.44,-37.82221643269152,144.9387953501044,street_furniture_clean.csv
furniture-1578242,Drinking Fountain - Unknown,street_furniture,Drinking Fountain,,3.3,-37.822177747738806,144.93826895163244,street_furniture_clean.csv
furniture-1579098,Drinking Fountain - Stainless Steel Drinking Fountain - Northbank Type,street_furniture,Drinking Fountain,,3.3,-37.82340947086067,144.94065316721642,street_furniture_clean.csv
furniture-1579829,Seat - Metal Seat - Kensington Banks Type,street_furniture,Seat,,1.59,-37.79462651985046,144.919808888597,street_furniture_clean.csv
furniture-1579836,Seat - Metal Seat - Kensington Banks Type,street_furniture,Seat,,1.59,-37.79486760858307,144.91955523718397,street_furniture_clean.csv
furniture-1579837,Seat - Metal Seat - Kensington Banks Type,street_furniture,Seat,,1.59,-37.79484780452089,144.91949015268057,street_furniture_clean.csv
furniture-1361686,Seat - Metal Seat,street_furniture,Seat,,3.12,-37.81488945619007,144.95488378265875,street_furniture_clean.csv
furniture-1362042,Seat - Stainless Steel Straight Seat,street_furniture,Seat,,3.44,-37.81339672788232,144.9626333074235,street_furniture_clean.csv
furniture-1313065,Seat - Stainless Steel Bench - Docklands,street_furniture,Seat,,3.44,-37.81419128264432,144.9411318916814,street_furniture_clean.csv
furniture-1119417,Seat - Straight Seat - Wooden Battens - Type 2 - Fitzroy Gardens,street_furniture,Seat,,3.0,-37.81442007735898,144.9795928698574,street_furniture_clean.csv
furniture-1119433,Seat - Straight Seat - Wooden Battens - Type 2 - Birrarung Marr,street_furniture,Seat,,4.0,-37.82068682799839,144.97561895301945,street_furniture_clean.csv
furniture-1119434,Seat - Straight Seat - Wooden Battens - Type 2 - Fawkner Park,street_furniture,Seat,,3.0,-37.839705424588125,144.981597332684,street_furniture_clean.csv
furniture-1119440,Seat - Straight Seat - Wooden Battens - Type 2 - Queen Victoria Gardens,street_furniture,Seat,,3.0,-37.821613982016906,144.97141063874696,street_furniture_clean.csv
furniture-1119462,Seat - Straight Seat - Wooden Battens - Type 2 - Shrine of Remembrance Reserve,street_furniture,Seat,,4.0,-37.83002531137535,144.97197197615588,street_furniture_clean.csv
furniture-1119465,Seat - Straight Seat - Wooden Battens - Type 2 - Carlton Gardens North,street_furniture,Seat,,3.0,-37.802563683676325,144.97374799433544,street_furniture_clean.csv
furniture-1119479,Seat - Straight Seat - Wooden Battens - Type 2 - Enterprize Park,street_furniture,Seat,,4.0,-37.820164587586,144.9599704274285,street_furniture_clean.csv
furniture-1119527,Seat - Straight Seat - Wooden Battens - Type 2 - Queen Victoria Gardens,street_furniture,Seat,,4.0,-37.82172923980236,144.97262432057298,street_furniture_clean.csv
furniture-1119541,Seat - Straight Seat - Wooden Battens - Type 2 - Fitzroy Gardens,street_furniture,Seat,,4.0,-37.81382502800652,144.981857693577,street_furniture_clean.csv
furniture-1119558,Seat - Straight Seat - Wooden Battens - Type 2 - Treasury Gardens,street_furniture,Seat,,3.0,-37.81345050604802,144.97549028394266,street_furniture_clean.csv
furniture-1119572,Seat - Straight Seat - Wooden Battens - Type 2 - Fawkner Park,street_furniture,Seat,,3.0,-37.83784879916917,144.9780039038933,street_furniture_clean.csv
furniture-1119579,Seat - Straight Seat - Wooden Battens - Type 2 - Flagstaff Gardens,street_furniture,Seat,,4.0,-37.81076613919261,144.9544640367055,street_furniture_clean.csv
furniture-1119585,Seat - Straight Seat - Wooden Battens - Type 2 - Fawkner Park,street_furniture,Seat,,3.0,-37.84106334680225,144.982892583781,street_furniture_clean.csv
furniture-1119597,Seat - Straight Seat - Wooden Battens - Type 2 - Gordon Reserve,street_furniture,Seat,,3.0,-37.81236438990052,144.9740746086267,street_furniture_clean.csv
furniture-1119618,Seat - Straight Seat - Wooden Battens - Type 2 - Fawkner Park,street_furniture,Seat,,4.0,-37.84124024661911,144.98440253904982,street_furniture_clean.csv
furniture-1119637,Seat - Straight Seat - Wooden Battens - Type 2 - Flagstaff Gardens,street_furniture,Seat,,3.0,-37.81085644875998,144.95581393932477,street_furniture_clean.csv
furniture-1119643,Seat - Straight Seat - Wooden Battens - Type 2 - Wellington Park,street_furniture,Seat,,4.0,-37.81610223284645,144.97818156028129,street_furniture_clean.csv
furniture-1119645,Seat - Straight Seat - Wooden Battens - Type 2 - Fitzroy Gardens,street_furniture,Seat,,3.0,-37.81127622871907,144.98308345042918,street_furniture_clean.csv
furniture-1119345,Seat - Straight Seat - Wooden Battens - Type 2 - Gordon Reserve,street_furniture,Seat,,3.0,-37.812478349273306,144.97382090903125,street_furniture_clean.csv
furniture-1119692,Seat - Straight Seat - Wooden Battens - Type 2 - Parliament Reserve,street_furniture,Seat,,4.0,-37.809825536004816,144.97390899271738,street_furniture_clean.csv
furniture-1119693,Seat - Straight Seat - Wooden Battens - Type 2 - Fitzroy Gardens,street_furniture,Seat,,4.0,-37.8141508801596,144.97844210957467,street_furniture_clean.csv
furniture-1119698,Seat - Straight Seat - Wooden Battens - Type 2 - Enterprize Park,street_furniture,Seat,,4.0,-37.82003101286484,144.95978200171734,street_furniture_clean.csv
furniture-1119742,Seat - Straight Seat - Wooden Battens - Type 2 - Fitzroy Gardens,street_furniture,Seat,,3.0,-37.81408383269052,144.9786415933982,street_furniture_clean.csv
furniture-1119744,Seat - Straight Seat - Wooden Battens - Type 2 - Treasury Gardens,street_furniture,Seat,,4.0,-37.81335724017234,144.97535436121396,street_furniture_clean.csv
furniture-1119753,Seat - Straight Seat - Wooden Battens - Type 2 - Fawkner Park,street_furniture,Seat,,3.0,-37.84004267083038,144.97973384875084,street_furniture_clean.csv
furniture-1119763,Seat - Straight Seat - Wooden Battens - Type 2 - Fawkner Park,street_furniture,Seat,,4.0,-37.83938041612911,144.98104291088055,street_furniture_clean.csv
furniture-1119789,Seat - Straight Seat - Wooden Battens - Type 2 - Fitzroy Gardens,street_furniture,Seat,,4.0,-37.812503937702544,144.98058258580957,street_furniture_clean.csv
furniture-1119804,Seat - Straight Seat - Wooden Battens - Type 2 - Carlton Gardens South,street_furniture,Seat,,4.0,-37.80613436053346,144.97020180656637,street_furniture_clean.csv
furniture-1119809,Seat - Straight Seat - Wooden Battens - Type 2 - Fitzroy Gardens,street_furniture,Seat,,3.0,-37.81410456804149,144.97863682481187,street_furniture_clean.csv
furniture-1119831,Seat - Straight Seat - Wooden Battens - Type 2 - Carlton Gardens South,street_furniture,Seat,,3.0,-37.807291724774124,144.97241340225372,street_furniture_clean.csv
furniture-1119835,Seat - Straight Seat - Wooden Battens - Type 2 - Fawkner Park,street_furniture,Seat,,3.0,-37.84076965457567,144.9842342152715,street_furniture_clean.csv
furniture-1119870,Seat - Metal Seat - Central Park Kensington,street_furniture,Seat,,4.0,-37.794865824853005,144.91954608852464,street_furniture_clean.csv
furniture-1119890,Seat - Metal Seat - Lygon St Type - Argyle Square,street_furniture,Seat,,4.0,-37.80280299833088,144.96615528619654,street_furniture_clean.csv
furniture-1119918,Seat - Metal Seat - Mercantile Park East,street_furniture,Seat,,4.0,-37.795978599838485,144.9209702164667,street_furniture_clean.csv
furniture-1119924,Seat - Straight Seat - Wooden Battens - Type 2 - Kings Domain South,street_furniture,Seat,,3.0,-37.83395939215646,144.981857354328,street_furniture_clean.csv
furniture-1119952,Seat - Straight Seat - Wooden Battens - Type 2 - Royal Park,street_furniture,Seat,,2.0,-37.781440150291,144.9529922885657,street_furniture_clean.csv
furniture-1119994,Seat - Straight Seat - Wooden Battens - Type 2 - Stapley Parade Reserve,street_furniture,Seat,,3.0,-37.82389377200317,144.9785834478444,street_furniture_clean.csv
furniture-1120025,Seat - Straight Seat - Wooden Battens - Type 2 - Kings Domain South,street_furniture,Seat,,4.0,-37.83379429302912,144.9831034347883,street_furniture_clean.csv
furniture-1120029,Seat - Straight Seat - Wooden Battens - Type 2 - Queen Victoria Gardens,street_furniture,Seat,,3.0,-37.822396296142855,144.97137944739447,street_furniture_clean.csv
furniture-1120119,Seat - Metal Bench - William Street (MELBOURNE),street_furniture,Seat,,3.0,-37.80796001816908,144.95486633120794,street_furniture_clean.csv
furniture-1120162,Seat - Wooden Slats Set in Bluestone - Pleasance Gardens,street_furniture,Seat,,3.0,-37.796493906517725,144.94598626721466,street_furniture_clean.csv
furniture-1120172,Seat - Wooden Slats Set in Bluestone - Alexandra Gardens,street_furniture,Seat,,3.0,-37.81965718145037,144.97237406355418,street_furniture_clean.csv
furniture-1120199,Seat - Alloy Frame and Narrow Wooden Slats - Birrarung Marr,street_furniture,Seat,,4.0,-37.818639138710765,144.97163204470402,street_furniture_clean.csv
furniture-1120209,Seat - Alloy Frame and Narrow Wooden Slats - Birrarung Marr,street_furniture,Seat,,3.0,-37.81873538041017,144.9723538485087,street_furniture_clean.csv
furniture-1120212,Seat - Alloy Frame and Narrow Wooden Slats - Birrarung Marr,street_furniture,Seat,,4.0,-37.81864625544787,144.9716946715784,street_furniture_clean.csv
furniture-1120231,Seat - Stainless Frame with Narrow Wooden Slats (Back to Back) - Argyle Square,street_furniture,Seat,,4.0,-37.80227395405503,144.96600091145058,street_furniture_clean.csv
furniture-1120256,Seat - Metal Seat - Errol Street (NORTH MELBOURNE),street_furniture,Seat,,3.0,-37.80159143704449,144.94986151775606,street_furniture_clean.csv
furniture-1120274,Seat - Metal Seat - Weedon Reserve,street_furniture,Seat,,3.0,-37.81709922330459,144.9883952343208,street_furniture_clean.csv
furniture-1283673,Seat - Straight Seat - Wooden Battens - Type 2 - Ievers Reserve,street_furniture,Seat,,3.0,-37.79659332727357,144.95233181693015,street_furniture_clean.csv
furniture-1283945,Drinking fountain - Historic or Heritage Drinking Fountains - Shrine Gardens,street_furniture,Drinking Fountain,,4.0,-37.83224300376087,144.97302849826244,street_furniture_clean.csv
furniture-1290819,Barbeque - Barbeque (Docklands - not categorised),street_furniture,Barbeque,,4.0,-37.82086901096214,144.9465319294234,street_furniture_clean.csv
furniture-1290840,Seat - Unclassified - Docklands Park,street_furniture,Seat,,3.0,-37.81964861852457,144.946034547182,street_furniture_clean.csv
furniture-1290841,Seat - Unclassified - Docklands Park,street_furniture,Seat,,3.0,-37.819629812927225,144.9460362045382,street_furniture_clean.csv
furniture-1290846,Seat - Unclassified - Point Park,street_furniture,Seat,,4.0,-37.82325609799111,144.94175125010594,street_furniture_clean.csv
furniture-1119750,Seat - Straight Seat - Wooden Battens - Type 2 - Fawkner Park,street_furniture,Seat,,4.0,-37.84330373693115,144.97985906776182,street_furniture_clean.csv
furniture-1312941,Seat - Stainless Steel Straight Seat,street_furniture,Seat,,4.45,-37.81333805792976,144.96600046400715,street_furniture_clean.csv
furniture-1312944,Seat - Stainless Steel Straight Seat,street_furniture,Seat,,4.45,-37.81349921585057,144.96600206129852,street_furniture_clean.csv
furniture-1119848,Seat - Metal Seat - Kensington Banks Type - Lascelles Square,street_furniture,Seat,,3.0,-37.79413511294048,144.9171424707829,street_furniture_clean.csv
furniture-1313092,Seat - Timber Bench with Aluminium Legs - Docklands,street_furniture,Seat,,3.16,-37.82436233737829,144.94546907272257,street_furniture_clean.csv
furniture-1313199,Seat - Stainless Steel Straight Seat,street_furniture,Seat,,3.41,-37.81487919883154,144.95208484494628,street_furniture_clean.csv
furniture-1119660,Seat - Straight Seat - Wooden Battens - Type 2 - Carlton Gardens South,street_furniture,Seat,,4.0,-37.80657604834828,144.97230054024607,street_furniture_clean.csv
furniture-1075239,Drinking Fountain - Duke & Duchess of York Memorial Drinking Fountain,street_furniture,Drinking Fountain,,1.26,-37.80663190787703,144.95991334440367,street_furniture_clean.csv
furniture-1075290,Drinking Fountain - Stainless Steel Drinking Fountain - Leaf Type,street_furniture,Drinking Fountain,,3.44,-37.80633683559588,144.9590744803669,street_furniture_clean.csv
furniture-1078747,Seat - Stainless Steel Seat - 3m & LED lights,street_furniture,Seat,,3.45,-37.81397710174458,144.963853371442,street_furniture_clean.csv
furniture-1078758,Seat - Stainless Steel Seat - Fixed,street_furniture,Seat,,3.45,-37.8138361498709,144.96482767866968,street_furniture_clean.csv
furniture-1078786,Seat - Stainless Steel Seat - Fixed,street_furniture,Seat,,2.45,-37.81371363194739,144.9647675442897,street_furniture_clean.csv
furniture-1078896,Seat - Metal Bench on electrical control box,street_furniture,Seat,,3.17,-37.81467163540168,144.96320190283615,street_furniture_clean.csv
furniture-1078961,Seat - Metal Semi-circular Seats,street_furniture,Seat,,3.17,-37.79808922297333,144.96751341399855,street_furniture_clean.csv
furniture-1078967,Seat - Semi-circular Seats - Wooden Battens,street_furniture,Seat,,2.01,-37.80737098685034,144.95855237024804,street_furniture_clean.csv
furniture-1079188,Seat - Metal Seat,street_furniture,Seat,,2.96,-37.79581653477018,144.92996678482075,street_furniture_clean.csv
furniture-1079197,Seat - Metal Seat,street_furniture,Seat,,1.0,-37.793631628944674,144.92712784169498,street_furniture_clean.csv
furniture-1079203,Seat - Metal Seat,street_furniture,Seat,,2.86,-37.79229892158411,144.9198162603918,street_furniture_clean.csv
furniture-1079348,Seat - Metal Seat,street_furniture,Seat,,3.14,-37.80354844954008,144.94965043435218,street_furniture_clean.csv
furniture-1079362,Seat - Metal Seat,street_furniture,Seat,,3.05,-37.83403537362887,144.98121682239315,street_furniture_clean.csv
furniture-1079392,Seat - Metal Seat,street_furniture,Seat,,3.11,-37.81278359301996,144.95953295954334,street_furniture_clean.csv
furniture-1079512,Seat - Metal Seat,street_furniture,Seat,,3.02,-37.82411595670168,144.9603963799434,street_furniture_clean.csv
furniture-1079582,Seat - Metal Seat,street_furniture,Seat,,3.1,-37.81568311066363,144.9608586558407,street_furniture_clean.csv
furniture-1079878,Seat - Older Style Park Seat - Timber Slats,street_furniture,Seat,,3.12,-37.80762293644948,144.968958523671,street_furniture_clean.csv
furniture-1079887,Seat - Straight Seat - Wooden & Concrete,street_furniture,Seat,,1.0,-37.81691109666435,144.95489103436995,street_furniture_clean.csv
furniture-1079903,Seat - Straight Seat - Wooden Battens - Type 2,street_furniture,Seat,,2.95,-37.79557768349483,144.96656072480175,street_furniture_clean.csv
furniture-1079912,Seat - Straight Seat - Wooden Battens - Type 2,street_furniture,Seat,,1.39,-37.83053350952257,144.97495762603106,street_furniture_clean.csv
furniture-1079929,Seat - Straight Seat - Wooden Battens - Type 2,street_furniture,Seat,,1.0,-37.82058900228858,144.95903740973657,street_furniture_clean.csv
furniture-1079931,Seat - Straight Seat - Wooden Battens - Type 2,street_furniture,Seat,,2.82,-37.79060722717141,144.94417248132604,street_furniture_clean.csv
furniture-1460539,Seat - Stainless Steel Straight Seat,street_furniture,Seat,,3.4,-37.81162887839767,144.96409145340058,street_furniture_clean.csv
furniture-1461970,Seat - Stainless Steel Bench - Docklands,street_furniture,Seat,,3.44,-37.81945889475298,144.94579022218363,street_furniture_clean.csv
furniture-1459093,Seat - Stainless Steel Straight Seat,street_furniture,Seat,,3.44,-37.82130433299337,144.96888037120655,street_furniture_clean.csv
furniture-1473538,Seat - Metal Seat,street_furniture,Seat,,3.0,-37.79947101611645,144.95608017397956,street_furniture_clean.csv
furniture-1372735,Seat - Metal Seat,street_furniture,Seat,,3.16,-37.814709265948906,144.96194972860138,street_furniture_clean.csv
furniture-1373788,Drinking Fountain - Stainless Steel Drinking Fountain - Leaf Type,street_furniture,Drinking Fountain,,3.4,-37.811115148970096,144.96662794395766,street_furniture_clean.csv
furniture-1479899,Drinking Fountain - Stainless Steel Drinking Fountain - Leaf Type,street_furniture,Drinking Fountain,,3.44,-37.82006369883412,144.94335006764553,street_furniture_clean.csv
furniture-1491163,Seat - Urban Design Park Style - Green Powder Coat - Royal Park,street_furniture,Seat,,3.0,-37.7795304107984,144.95651320939456,street_furniture_clean.csv
furniture-1491169,Seat - Urban Design Park Style - Green Powder Coat - Royal Park,street_furniture,Seat,,3.0,-37.77725041481484,144.95030950504938,street_furniture_clean.csv
furniture-1442907,Seat - Metal Seat,street_furniture,Seat,,1.25,-37.81757034804837,144.9738201565615,street_furniture_clean.csv
furniture-1494763,Seat - Stainless Steel Seat - 3m & LED lights,street_furniture,Seat,,4.44,-37.81024672656575,144.96422074526757,street_furniture_clean.csv
furniture-1494771,Seat - Metal frame Wooden Slats,street_furniture,Seat,,3.03,-37.80566626339889,144.95285448277167,street_furniture_clean.csv
furniture-1496031,Seat - Wooden Bench,street_furniture,Seat,,3.15,-37.815550463323376,144.94030929158015,street_furniture_clean.csv
furniture-1507111,Seat - Metal Bench Around Tree Base,street_furniture,Seat,,4.16,-37.81019700921048,144.96399300280484,street_furniture_clean.csv
furniture-1472401,Seat - Stainless Steel Straight Seat,street_furniture,Seat,,1.45,-37.81306171030413,144.96751122431886,street_furniture_clean.csv
furniture-1475046,Seat - Stainless Steel Seat - Fixed,street_furniture,Seat,,3.4,-37.81770288912287,144.96263237387356,street_furniture_clean.csv
furniture-1510922,Seat - Stainless Steel Seat - Swivel - Victoria Green,street_furniture,Seat,,3.0,-37.820681227576905,144.9454276745894,street_furniture_clean.csv
furniture-1511692,Seat - Straight Seat - Wooden Battens - Type 2 - JJ Holland Park,street_furniture,Seat,,3.0,-37.79849962725668,144.9243520540452,street_furniture_clean.csv
furniture-1511731,Picnic Setting - unspecified - JJ Holland Park,street_furniture,Picnic Setting,,3.0,-37.79745298703066,144.92327247199373,street_furniture_clean.csv
furniture-1486209,Seat - Stainless Steel Bench - Docklands,street_furniture,Seat,,3.3,-37.818390072868034,144.94956777242473,street_furniture_clean.csv
furniture-1519510,Barbeque - Urban Design Double Hotplate - Alexandra Park,street_furniture,Barbeque,,4.0,-37.824622419369724,144.97794586267926,street_furniture_clean.csv
furniture-1786706,Drinking Fountain - Leaf Type - With Bottle Refill Tap - Princes Park,street_furniture,Drinking Fountain,,5.0,-37.78866797179563,144.96246173875772,street_furniture_clean.csv
furniture-1633481,Seat - Timber Bench - Ron Barassi Senior Park,street_furniture,Seat,,4.0,-37.81604054769392,144.93436408767968,street_furniture_clean.csv
furniture-1633482,Seat - Timber Bench - Ron Barassi Senior Park,street_furniture,Seat,,4.0,-37.81589577317301,144.935337671653,street_furniture_clean.csv
furniture-1600542,Seat - Straight Seat - Wooden Battens - Type 2 - Neill Street Reserve,street_furniture,Seat,,3.0,-37.79563749461249,144.9686479088175,street_furniture_clean.csv
furniture-1600543,Seat - Straight Seat - Wooden Battens - Type 2 - Neill Street Reserve,street_furniture,Seat,,4.0,-37.79560584264937,144.9687668847254,street_furniture_clean.csv
furniture-1608263,Drinking Fountain - Leaf Type - Dog Bowl  - Fitzroy Gardens,street_furniture,Drinking Fountain,,4.0,-37.81047413141583,144.98106657764444,street_furniture_clean.csv
furniture-1637079,Seat - Stainless Steel Seat - Fixed,street_furniture,Seat,,3.44,-37.82053481003789,144.94397317259134,street_furniture_clean.csv
furniture-1659131,Seat - Stainless Steel Straight Seat,street_furniture,Seat,,3.45,-37.81315304206243,144.96299225870192,street_furniture_clean.csv
furniture-1769900,Seat - Timber Bench - University Square,street_furniture,Seat,,5.0,-37.80072799914207,144.96039029189163,street_furniture_clean.csv
furniture-1658821,Seat - Older Style Park Seat - Timber Slats,street_furniture,Seat,,3.84,-37.82803105672047,144.9846908039561,street_furniture_clean.csv
furniture-1673407,Seat - Stainless Steel Straight Seat,street_furniture,Seat,,3.25,-37.81070364894351,144.95728061422253,street_furniture_clean.csv
furniture-1719687,Seat - Straight Seat - Wooden Battens - Type 2 - Royal Park,street_furniture,Seat,,4.0,-37.79203245453075,144.94908886275405,street_furniture_clean.csv
furniture-1719688,Picnic Setting - Urban Design Style - Royal Park,street_furniture,Picnic Setting,,4.0,-37.79168774286895,144.94971445736397,street_furniture_clean.csv
furniture-1723259,Drinking Fountain - Stainless Steel Drinking Fountain - Leaf Type,street_furniture,Drinking Fountain,,4.0,-37.80750643106099,144.9685049927858,street_furniture_clean.csv
furniture-1725241,Picnic Setting - unspecified - Parsons Reserve,street_furniture,Picnic Setting,,3.0,-37.79005379396978,144.93093070428313,street_furniture_clean.csv
furniture-1742442,Seat - Straight Seat - Wooden Battens - Type 2 - Bellair Street Reserve,street_furniture,Seat,,4.0,-37.795374700824745,144.9308597029657,street_furniture_clean.csv
furniture-1723261,Seat - Stainless Steel Straight Seat,street_furniture,Seat,,4.0,-37.80761087743096,144.96858334328394,street_furniture_clean.csv
furniture-1743822,Drinking Fountain - Stainless Steel Drinking Fountain - Old Docklands Type,street_furniture,Drinking Fountain,,3.44,-37.82093618828216,144.94302877180849,street_furniture_clean.csv
furniture-1743823,Seat - Stainless Steel Seat - Fixed,street_furniture,Seat,,3.44,-37.82105881018491,144.9426145723177,street_furniture_clean.csv
furniture-1744312,Seat - Stainless Steel Seat - Fixed,street_furniture,Seat,,3.3,-37.81862273943797,144.94902354575373,street_furniture_clean.csv
furniture-1742606,Seat - Stainless Steel Seat - Fixed,street_furniture,Seat,,4.29,-37.81349977616312,144.94277968900957,street_furniture_clean.csv
furniture-1742639,Seat - Stainless Steel Straight Seat - Docklands,street_furniture,Seat,,3.44,-37.81978204938504,144.94115671708622,street_furniture_clean.csv
furniture-1743807,Seat - Stainless Steel Straight Seat,street_furniture,Seat,,3.44,-37.82175522897644,144.94495687215553,street_furniture_clean.csv
furniture-1115208,Drinking Fountain - Treated Timber Drinking Fountain - Shrine Gardens,street_furniture,Drinking Fountain,,4.0,-37.83210001827241,144.975544260503,street_furniture_clean.csv
furniture-1115279,Drinking fountain - unspecified type - Gardiner Reserve,street_furniture,Drinking Fountain,,2.69,-37.7989933421049,144.94335952463908,street_furniture_clean.csv
furniture-1075244,Drinking Fountain - Drinking Fountain - Type 1,street_furniture,Drinking Fountain,,1.0,-37.79515817674436,144.9710380792056,street_furniture_clean.csv
furniture-1075267,Drinking Fountain - Stainless Steel Drinking Fountain - Leaf Type - Bottle Refill Tap,street_furniture,Drinking Fountain,,3.45,-37.803371100927336,144.96636401763817,street_furniture_clean.csv
furniture-1075286,Drinking Fountain - Stainless Steel Drinking Fountain - Leaf Type - Bottle Refill Tap,street_furniture,Drinking Fountain,,3.43,-37.80725891583743,144.94696422855037,street_furniture_clean.csv
furniture-1075295,Drinking Fountain - Stainless Steel Drinking Fountain - Leaf Type - Bottle Refill Tap,street_furniture,Drinking Fountain,,3.42,-37.81649090115357,144.98515748991457,street_furniture_clean.csv
furniture-1078817,Seat - Stainless Steel Seat - Swivel,street_furniture,Seat,,4.45,-37.81361819094912,144.96512173815995,street_furniture_clean.csv
furniture-1078819,Seat - Stainless Steel Seat - Swivel,street_furniture,Seat,,4.45,-37.81361544430732,144.96514010217743,street_furniture_clean.csv
furniture-1078930,Seat - Metal Seat - Park Type,street_furniture,Seat,,1.66,-37.81984488962425,144.96230934683226,street_furniture_clean.csv
furniture-1078994,Seat - Metal Bench,street_furniture,Seat,,3.01,-37.808048828360654,144.9612194226032,street_furniture_clean.csv
furniture-1079136,Seat - Metal Bench,street_furniture,Seat,,3.01,-37.824705724971146,144.9565995188995,street_furniture_clean.csv
furniture-1079223,Seat - Metal Seat,street_furniture,Seat,,3.16,-37.80721789127482,144.9597283177371,street_furniture_clean.csv
furniture-1079357,Seat - Metal Seat,street_furniture,Seat,,3.04,-37.83366660390612,144.97949330115966,street_furniture_clean.csv
furniture-1079370,Seat - Metal Seat,street_furniture,Seat,,3.06,-37.845323963947685,144.9814073217444,street_furniture_clean.csv
furniture-1079401,Seat - Metal Seat,street_furniture,Seat,,3.16,-37.8143029917803,144.96265133104208,street_furniture_clean.csv
furniture-1079488,Seat - Stainless Steel Seat - Fixed,street_furniture,Seat,,3.25,-37.8141928737201,144.95486449790874,street_furniture_clean.csv
furniture-1079505,Seat - Metal Seat,street_furniture,Seat,,2.96,-37.79515097104841,144.92871866168454,street_furniture_clean.csv
furniture-1079510,Seat - Metal Seat,street_furniture,Seat,,3.02,-37.82682394840136,144.96617146270478,street_furniture_clean.csv
furniture-1079525,Seat - Metal Seat,street_furniture,Seat,,2.82,-37.79779440778989,144.94407112749917,street_furniture_clean.csv
furniture-1079540,Seat - Metal Seat,street_furniture,Seat,,3.16,-37.81106386535804,144.977448570516,street_furniture_clean.csv
furniture-1079555,Seat - Metal Seat,street_furniture,Seat,,2.99,-37.82620302690641,144.96902634049766,street_furniture_clean.csv
furniture-1079569,Seat - Metal Seat,street_furniture,Seat,,3.16,-37.81702658467094,144.96744155342043,street_furniture_clean.csv
furniture-1079662,Seat - Metal Seat,street_furniture,Seat,,2.82,-37.79457728264141,144.9433165384617,street_furniture_clean.csv
furniture-1079677,Seat - Metal Seat,street_furniture,Seat,,2.23,-37.82474998277705,144.96710536753145,street_furniture_clean.csv
furniture-1079709,Seat - Metal Seat,street_furniture,Seat,,3.16,-37.82057794891556,144.96299932686242,street_furniture_clean.csv
furniture-1079736,Seat - Metal Seat,street_furniture,Seat,,3.11,-37.81915551410375,144.95715168121785,street_furniture_clean.csv
furniture-1079757,Seat - Metal Seat,street_furniture,Seat,,1.0,-37.81681903133876,144.95497604786476,street_furniture_clean.csv
furniture-1079769,Seat - Metal Seat,street_furniture,Seat,,3.06,-37.83820856244074,144.98620636651088,street_furniture_clean.csv
furniture-1079771,Seat - Metal Seat,street_furniture,Seat,,2.82,-37.79635429065999,144.9422114218618,street_furniture_clean.csv
furniture-1079935,Seat - Straight Seat - Wooden Battens - Type 2,street_furniture,Seat,,2.82,-37.79182130636204,144.9456916477998,street_furniture_clean.csv
furniture-1079960,Seat - Straight Seat - Wooden Battens - Type 3,street_furniture,Seat,,2.01,-37.80728717552131,144.95879138744496,street_furniture_clean.csv
furniture-1755044,Seat - Straight Seat - Wooden Battens - Type 2 - Gardiner Reserve,street_furniture,Seat,,4.0,-37.79862628043517,144.94417423871204,street_furniture_clean.csv
furniture-1755049,Barbeque - Urban Design Double Hotplate Spanning Two Units - Gardiner Reserve,street_furniture,Barbeque,,5.0,-37.799102729387386,144.9434773301953,street_furniture_clean.csv
furniture-1755729,Seat - Stainless Steel Bench - Docklands - Point Park,street_furniture,Seat,,4.0,-37.82320089892221,144.94238785295718,street_furniture_clean.csv
furniture-1750048,Picnic Setting - unspecified - Victoria Green,street_furniture,Picnic Setting,,2.0,-37.82071793179061,144.94534656567546,street_furniture_clean.csv
furniture-1756332,Drinking Fountain - Stainless Steel Drinking Fountain - Leaf Type - Kings Domain South,street_furniture,Drinking Fountain,,2.0,-37.82514308986054,144.97830100199906,street_furniture_clean.csv
furniture-1756566,Seat - Straight Seat - Wooden Battens - Type 2 - Kings Domain,street_furniture,Seat,,3.0,-37.82796340506454,144.9734520400689,street_furniture_clean.csv
furniture-1757710,Drinking Fountain - Leaf Type - With Bottle Refill Tap - Alexandra Gardens,street_furniture,Drinking Fountain,,3.0,-37.82055140792857,144.9731742469266,street_furniture_clean.csv
furniture-1756569,Seat - Straight Seat - Wooden Battens - Type 2 - Kings Domain,street_furniture,Seat,,3.0,-37.828938139670186,144.97424409820815,street_furniture_clean.csv
furniture-1758369,Seat - Straight Seat - Wooden Battens - Type 2 - Womens Peace Garden,street_furniture,Seat,,3.0,-37.791324439159375,144.92344953926167,street_furniture_clean.csv
furniture-1758404,Seat - Straight Seat - Wooden Battens - Type 2 - Royal Park,street_furniture,Seat,,4.0,-37.79212185766734,144.94837005065466,street_furniture_clean.csv
furniture-1758406,Picnic Setting - Urban Design Style - Royal Park,street_furniture,Picnic Setting,,5.0,-37.79274618251126,144.9480125495345,street_furniture_clean.csv
furniture-1758407,Picnic Setting - Urban Design Style - Royal Park,street_furniture,Picnic Setting,,5.0,-37.79275977397001,144.947944377269,street_furniture_clean.csv
furniture-1764809,Seat - Unclassified - Wharfs Landing Park,street_furniture,Seat,,5.0,-37.82213890366156,144.93653003736972,street_furniture_clean.csv
furniture-1765931,Drinking Fountain - Drinking Fountain - Monument Style Type 2 - Hardy Reserve,street_furniture,Drinking Fountain,,3.0,-37.78559620252012,144.96932282550418,street_furniture_clean.csv
furniture-1755041,Seat - Straight Seat - Wooden Battens - Type 2 - Gardiner Reserve,street_furniture,Seat,,5.0,-37.79886834373237,144.94406111137044,street_furniture_clean.csv
furniture-1755043,Seat - Straight Seat - Wooden Battens - Type 2 - Gardiner Reserve,street_furniture,Seat,,4.0,-37.79939585092578,144.94388328214492,street_furniture_clean.csv
furniture-1768645,Picnic Setting - Urban Design Style - Alexandra Park,street_furniture,Picnic Setting,,3.0,-37.82782296030776,144.9831322017755,street_furniture_clean.csv
furniture-1769887,Seat - Timber Bench - University Square,street_furniture,Seat,,5.0,-37.800725310905634,144.96033914400206,street_furniture_clean.csv
furniture-1769894,Seat - Timber Bench - University Square,street_furniture,Seat,,5.0,-37.8007757883015,144.96031379125293,street_furniture_clean.csv
furniture-1764808,Seat - Unclassified - Wharfs Landing Park,street_furniture,Seat,,5.0,-37.82212960134569,144.9366162964721,street_furniture_clean.csv
furniture-1770358,Seat - Straight Seat - Wooden Battens - Type 2 - Gardiner Reserve,street_furniture,Seat,,5.0,-37.79923527955992,144.94412691616466,street_furniture_clean.csv
furniture-1771595,Drinking Fountain - Treated Timber Drinking Fountain - Stock Bridge (KENSINGTON),street_furniture,Drinking Fountain,,3.0,-37.79016688522425,144.92406824328089,street_furniture_clean.csv
furniture-1771617,Seat - Straight Seat - Wooden Battens - Type 2 - Kings Domain South,street_furniture,Seat,,4.0,-37.828267848343074,144.97418142196065,street_furniture_clean.csv
furniture-1771624,Seat - Straight Seat - Wooden Battens - Type 2 - Shrine of Remembrance Reserve,street_furniture,Seat,,4.0,-37.83053851432003,144.97425849935982,street_furniture_clean.csv
furniture-1771644,Seat - Straight Seat - Wooden Battens - Type 2 - Errol Street Reserve,street_furniture,Seat,,3.0,-37.79983705623467,144.95046369366932,street_furniture_clean.csv
furniture-1771645,Seat - Straight Seat - Wooden Battens - Type 2 - Errol Street Reserve,street_furniture,Seat,,3.0,-37.79977593149227,144.9502913905479,street_furniture_clean.csv
furniture-1759441,Seat - Straight Seat - Wooden Battens - Type 2 - Princes Park,street_furniture,Seat,,4.0,-37.78516588842248,144.96293003411154,street_furniture_clean.csv
furniture-1775770,Seat - Metal Bench - Boyd Community Hub,street_furniture,Seat,,5.0,-37.82611855226424,144.9612604827642,street_furniture_clean.csv
furniture-1759482,Picnic Setting - unspecified - Riverside Quay (SOUTHBANK),street_furniture,Picnic Setting,,4.0,-37.82114741834501,144.96379742463924,street_furniture_clean.csv
furniture-1764806,Seat - Unclassified - Wharfs Landing Park,street_furniture,Seat,,5.0,-37.82182996137852,144.93670882387798,street_furniture_clean.csv
furniture-1775783,Seat - Unclassified - Boyd Community Hub,street_furniture,Seat,,5.0,-37.82599656835677,144.96146027649544,street_furniture_clean.csv
furniture-1775784,Seat - Unclassified - Boyd Community Hub,street_furniture,Seat,,5.0,-37.825751502505724,144.96071922421177,street_furniture_clean.csv
furniture-1778139,Barbeque - Urban Design Double Hotplate Spanning Two Units - Batman Park,street_furniture,Barbeque,,4.0,-37.82175122120447,144.9572847140256,street_furniture_clean.csv
furniture-1786643,Seat - Straight Seat - Wooden Battens - Type 2 - Lincoln Square,street_furniture,Seat,,5.0,-37.80175868794896,144.96247853122262,street_furniture_clean.csv
furniture-1786647,Seat - Stainless Steel Curved - Narrow Stainless Slats - Lincoln Square,street_furniture,Seat,,5.0,-37.801798578186514,144.9634977983168,street_furniture_clean.csv
furniture-1798701,Drinking Fountain - Stainless Steel Drinking Fountain - Leaf Type - Hub@Docklands,street_furniture,Drinking Fountain,,5.0,-37.81973451807136,144.9475652363716,street_furniture_clean.csv
furniture-1798702,Seat - Stainless Steel Bench - Docklands - Hub@Docklands,street_furniture,Seat,,5.0,-37.81990850908534,144.94780159600455,street_furniture_clean.csv
furniture-1798728,Seat - Unclassified - Hub@Docklands,street_furniture,Seat,,5.0,-37.82030797530116,144.94783642722106,street_furniture_clean.csv
furniture-1770355,Seat - Straight Seat - Wooden Battens - Type 2 - Gardiner Reserve,street_furniture,Seat,,5.0,-37.7993936716254,144.9440991286069,street_furniture_clean.csv
furniture-1771639,Seat - Straight Seat - Wooden Battens - Type 2 - Newmarket Reserve,street_furniture,Seat,,3.0,-37.78863628038626,144.92258320275562,street_furniture_clean.csv
furniture-1771642,Seat - Straight Seat - Wooden Battens - Type 2 -,street_furniture,Seat,,5.0,-37.794631643634986,144.91667290685288,street_furniture_clean.csv
furniture-1771648,Seat - Straight Seat - Wooden Battens - Type 2 - Princes Park,street_furniture,Seat,,4.0,-37.78605603883836,144.96203203893052,street_furniture_clean.csv
furniture-1771651,Seat - Straight Seat - Wooden Battens - Type 2 - North Melbourne Recreation Reserve,street_furniture,Seat,,3.0,-37.799323627978666,144.94068347845607,street_furniture_clean.csv
furniture-1775794,Picnic Setting - unspecified - Boyd Community Hub,street_furniture,Picnic Setting,,5.0,-37.82572642478811,144.96069696491026,street_furniture_clean.csv
furniture-1775797,Seat - Platform Style - Boyd Community Hub,street_furniture,Seat,,5.0,-37.82612646496884,144.96178515671042,street_furniture_clean.csv
furniture-1777866,Seat - Stainless Steel Straight Seat,street_furniture,Seat,,4.59,-37.81333621391363,144.96656677760652,street_furniture_clean.csv
furniture-1785417,Seat - Metal Seat,street_furniture,Seat,,5.0,-37.797923974015134,144.9689253001299,street_furniture_clean.csv
furniture-1804408,Seat - Platform Style - JJ Holland Park,street_furniture,Seat,,5.0,-37.79784346795683,144.9259418745441,street_furniture_clean.csv
furniture-1804412,Seat - Timber Bench - JJ Holland Park,street_furniture,Seat,,5.0,-37.797881415138136,144.92561487022508,street_furniture_clean.csv
furniture-1448880,Seat - Stainless Steel Seat - 3m & LED lights,street_furniture,Seat,,3.45,-37.814051864975625,144.9635856198917,street_furniture_clean.csv
furniture-1448883,Seat - Handrail Steps and Seating Wall,street_furniture,Seat,,3.45,-37.81341007856312,144.96578754421938,street_furniture_clean.csv
furniture-1361127,Seat - Metal Bench,street_furniture,Seat,,3.03,-37.79235901225143,144.94208210005195,street_furniture_clean.csv
furniture-1444101,Seat - Metal Seat,street_furniture,Seat,,3.16,-37.81664839586492,144.96726608003218,street_furniture_clean.csv
furniture-1431562,Barbeque - Urban Design Double Hotplate,street_furniture,Barbeque,,4.0,-37.82753298227228,144.98190805151714,street_furniture_clean.csv
furniture-1486733,Drinking Fountain - Stainless Steel Drinking Fountain - Leaf Type,street_furniture,Drinking Fountain,,2.3,-37.81884561014748,144.94837757274016,street_furniture_clean.csv
furniture-1490039,Seat - Stainless Steel Straight Seat,street_furniture,Seat,,3.4,-37.81156184016619,144.9651294686348,street_furniture_clean.csv
furniture-1490906,Seat - Urban Design Park Style - Green Powder Coat - Kings Domain,street_furniture,Seat,,4.0,-37.82593120208775,144.97580114092136,street_furniture_clean.csv
furniture-1490909,Seat - Urban Design Park Style - Green Powder Coat - Kings Domain,street_furniture,Seat,,4.0,-37.82620256591028,144.97406805342789,street_furniture_clean.csv
furniture-1491159,Seat - Urban Design Park Style - Green Powder Coat - Royal Park,street_furniture,Seat,,4.0,-37.77907247665545,144.95606916044156,street_furniture_clean.csv
furniture-1496029,Seat - Stainless Steel Straight Seat - Docklands,street_furniture,Seat,,3.44,-37.81534722059836,144.94103934249418,street_furniture_clean.csv
furniture-1450128,Seat - Stainless Steel Bench - Docklands,street_furniture,Seat,,2.47,-37.814637151723296,144.93862689103398,street_furniture_clean.csv
furniture-1459056,Seat - Metal Seat,street_furniture,Seat,,3.11,-37.813795996031246,144.96029365382591,street_furniture_clean.csv
furniture-1507104,Seat - Flat Bench Seat - L Shaped,street_furniture,Seat,,3.17,-37.7962931594655,144.92478972258985,street_furniture_clean.csv
furniture-1507118,Seat - Metal Bench Around Tree Base,street_furniture,Seat,,3.16,-37.80981931331591,144.96382027428177,street_furniture_clean.csv
furniture-1507124,Seat - Metal Bench Around Tree Base,street_furniture,Seat,,1.16,-37.81000633786024,144.9641243234697,street_furniture_clean.csv
furniture-1507127,Seat - Metal Bench Around Tree Base,street_furniture,Seat,,4.16,-37.810309065999135,144.96426117439142,street_furniture_clean.csv
furniture-1496030,Seat - Stainless Steel Straight Seat - Docklands,street_furniture,Seat,,3.44,-37.81545995760686,144.94074563101847,street_furniture_clean.csv
furniture-1511455,Drinking Fountain - Stainless Steel Drinking Fountain - Leaf Type - Bottle Refill Tap,street_furniture,Drinking Fountain,,3.41,-37.80726039782801,144.95788106825034,street_furniture_clean.csv
furniture-1515398,Seat - Straight Seat - Wooden Battens - Type 2 - Fawkner Park,street_furniture,Seat,,4.0,-37.84465312999445,144.98246918692033,street_furniture_clean.csv
furniture-1515426,Seat - Stainless Steel Straight Seat,street_furniture,Seat,,3.44,-37.81236723921312,144.97425593720874,street_furniture_clean.csv
furniture-1515821,Seat - Stainless Steel Straight Seat,street_furniture,Seat,,2.44,-37.8112277889244,144.9646871195756,street_furniture_clean.csv
furniture-1515987,Seat - Metal Seat - Liddy Street Reserve,street_furniture,Seat,,4.0,-37.78985244604688,144.92567819240384,street_furniture_clean.csv
furniture-1516261,Seat - Unclassified - Boyd Community Hub,street_furniture,Seat,,5.0,-37.82548979473689,144.96100500538813,street_furniture_clean.csv
furniture-1517124,Seat - Straight Seat - Wooden Battens - Type 2 - Kings Domain South,street_furniture,Seat,,4.0,-37.8307816188459,144.97632644343034,street_furniture_clean.csv
furniture-1517548,Seat - Straight Seat - Wooden Battens - Type 2 - State Library of Victoria,street_furniture,Seat,,3.0,-37.81037008146336,144.96449087887478,street_furniture_clean.csv
furniture-1517565,Seat - Straight Seat - Wooden Battens - Type 2 - State Library of Victoria,street_furniture,Seat,,3.0,-37.80999272010408,144.96434267330096,street_furniture_clean.csv
furniture-1491180,Picnic Setting - Urban Design Style - Royal Park,street_furniture,Picnic Setting,,4.0,-37.78540043897269,144.9462662141011,street_furniture_clean.csv
furniture-1511331,Information Pillar - Information Hub Pillar,street_furniture,Information Pillar,,3.4,-37.81129663954488,144.96602229943323,street_furniture_clean.csv
furniture-1529739,Seat - Metal Bench,street_furniture,Seat,,3.16,-37.8162850432884,144.96678598611598,street_furniture_clean.csv
furniture-1529741,Seat - Metal Bench,street_furniture,Seat,,4.16,-37.816161570731474,144.96672791762637,street_furniture_clean.csv
furniture-1529755,Information Pillar - Information Hub Pillar,street_furniture,Information Pillar,,3.44,-37.81139037469824,144.96475046812006,street_furniture_clean.csv
furniture-1529808,Seat - Stainless Steel Seat - Fixed,street_furniture,Seat,,3.44,-37.80819761507754,144.96303689953058,street_furniture_clean.csv
furniture-1529812,Seat - Stainless Steel Seat - 3m & LED lights,street_furniture,Seat,,4.44,-37.80796032340781,144.96294244337503,street_furniture_clean.csv
furniture-1510352,Information Pillar - Information Hub Pillar,street_furniture,Information Pillar,,3.24,-37.77954593503999,144.91345632811263,street_furniture_clean.csv
furniture-1530529,Seat - Straight Seat - Wooden Battens - Type 2 - St Augustine's (MELBOURNE),street_furniture,Seat,,3.0,-37.81699779897315,144.95474630211916,street_furniture_clean.csv
furniture-1531378,Seat - Metal Bench,street_furniture,Seat,,2.95,-37.82159148507055,144.94539572867942,street_furniture_clean.csv
furniture-1532220,Seat - Stainless Steel Seat - Fixed,street_furniture,Seat,,3.3,-37.82148705203184,144.94913874686088,street_furniture_clean.csv
furniture-1532221,Seat - Stainless Steel Straight Seat,street_furniture,Seat,,3.3,-37.821502259440194,144.94915298101353,street_furniture_clean.csv
furniture-1510292,Drinking Fountain - Stainless Steel Drinking Fountain - Leaf Type,street_furniture,Drinking Fountain,,3.42,-37.81033905955521,144.9724239787079,street_furniture_clean.csv
furniture-1534041,Seat - Stainless Steel Straight Seat,street_furniture,Seat,,3.44,-37.81101653958256,144.96155011926592,street_furniture_clean.csv
furniture-1514397,Drinking Fountain - Stainless Steel Drinking Fountain - Leaf Type,street_furniture,Drinking Fountain,,2.47,-37.814695182979264,144.93847737611912,street_furniture_clean.csv
furniture-1515788,Seat - Straight Seat - Wooden Battens - Type 2 - North Melbourne Community Centre (Open Space),street_furniture,Seat,,3.0,-37.79241283357664,144.94036152260762,street_furniture_clean.csv
furniture-1548077,Seat - Wooden Bench,street_furniture,Seat,,3.16,-37.819166640585024,144.94253329170994,street_furniture_clean.csv
furniture-1110847,Barbeque - Urban Design Single Hotplate,street_furniture,Barbeque,,3.0,-37.78507620578955,144.96242901615196,street_furniture_clean.csv
furniture-1118713,Picnic Setting - Urban Design Style,street_furniture,Picnic Setting,,3.0,-37.785035931810725,144.9622940895331,street_furniture_clean.csv
furniture-1118721,Picnic Setting - Urban Design Style,street_furniture,Picnic Setting,,3.0,-37.78997872161067,144.9449507350576,street_furniture_clean.csv
furniture-1118724,Picnic Setting - Urban Design Style,street_furniture,Picnic Setting,,4.0,-37.81984075022904,144.9748298051309,street_furniture_clean.csv
furniture-1118733,Picnic Setting - Urban Design Style - Fawkner Park,street_furniture,Picnic Setting,,3.0,-37.84220219635583,144.9817799483154,street_furniture_clean.csv
furniture-1118761,Picnic Setting - Concrete Style,street_furniture,Picnic Setting,,3.0,-37.801993363751286,144.96307812287156,street_furniture_clean.csv
furniture-1118764,Picnic Setting - Concrete Style,street_furniture,Picnic Setting,,4.0,-37.802830712772845,144.96290996517132,street_furniture_clean.csv
furniture-1118778,Picnic Setting - Slat and steel urban design,street_furniture,Picnic Setting,,3.0,-37.828736969451874,144.96735645077715,street_furniture_clean.csv
furniture-1118780,Picnic Setting - Slat and steel urban design,street_furniture,Picnic Setting,,4.0,-37.82870592957271,144.96747944087215,street_furniture_clean.csv
furniture-1119057,Seat - Straight Seat - Wooden Battens - Type 2 - Lincoln Square,street_furniture,Seat,,3.0,-37.80239472516872,144.9628527767295,street_furniture_clean.csv
furniture-1119062,Seat - Straight Seat - Wooden Battens - Type 2 - Royal Park,street_furniture,Seat,,3.0,-37.78719322055908,144.95106654041987,street_furniture_clean.csv
furniture-1119064,Seat - Straight Seat - Wooden Battens - Type 2 - Princes Park,street_furniture,Seat,,3.0,-37.78358675824197,144.9599262292777,street_furniture_clean.csv
furniture-1119105,Seat - Straight Seat - Wooden Battens - Type 2 - Princes Park,street_furniture,Seat,,3.0,-37.78081531187302,144.96245361011773,street_furniture_clean.csv
furniture-1119112,Seat - Straight Seat - Wooden Battens - Type 2 - Royal Park,street_furniture,Seat,,3.0,-37.785131340584726,144.9419189181927,street_furniture_clean.csv
furniture-1119114,Seat - Straight Seat - Wooden Battens - Type 2 - Canning & Palmerston St Reserve,street_furniture,Seat,,3.0,-37.79633957530099,144.97287212187433,street_furniture_clean.csv
furniture-1119164,Seat - Straight Seat - Wooden Battens - Type 2 - Peppercorn Park,street_furniture,Seat,,4.0,-37.792473853915375,144.92267614641682,street_furniture_clean.csv
furniture-1119182,Seat - Straight Seat - Wooden Battens - Type 2 - Hawke and Curzon Street Reserve,street_furniture,Seat,,3.0,-37.80586508821865,144.9478855882189,street_furniture_clean.csv
furniture-1119220,Seat - Straight Seat - Wooden Battens - Type 2 - Princes Park,street_furniture,Seat,,3.0,-37.78081519951476,144.96144716419093,street_furniture_clean.csv
furniture-1119233,Seat - Straight Seat - Wooden Battens - Type 2 - Bedford Street Reserve,street_furniture,Seat,,3.0,-37.80274957696466,144.9554566588563,street_furniture_clean.csv
furniture-1119236,Seat - Straight Seat - Wooden Battens - Type 2 - Princes Park,street_furniture,Seat,,4.0,-37.78459641191528,144.9633404822103,street_furniture_clean.csv
furniture-1119258,Seat - Straight Seat - Wooden Battens - Type 2 - Ievers Reserve,street_furniture,Seat,,3.0,-37.79639341803422,144.95276559889345,street_furniture_clean.csv
furniture-1119314,Seat - Straight Seat - Wooden Battens - Type 2 - Fitzroy Gardens,street_furniture,Seat,,3.0,-37.81425125646992,144.9802634801118,street_furniture_clean.csv
furniture-1119316,Seat - Straight Seat - Wooden Battens - Type 2 - Fitzroy Gardens,street_furniture,Seat,,3.0,-37.81336683804828,144.98097800620465,street_furniture_clean.csv
furniture-1119319,Seat - Straight Seat - Wooden Battens - Type 2 - Gordon Reserve,street_furniture,Seat,,3.0,-37.81254492458061,144.97397152974816,street_furniture_clean.csv
furniture-1119329,Seat - Straight Seat - Wooden Battens - Type 2 - Carlton Gardens North,street_furniture,Seat,,3.0,-37.80149207132144,144.9707897965423,street_furniture_clean.csv
furniture-1119340,Seat - Straight Seat - Wooden Battens - Type 2 - Carlton Gardens South,street_furniture,Seat,,3.0,-37.80552096692627,144.9734009284116,street_furniture_clean.csv
furniture-1119348,Seat - Straight Seat - Wooden Battens - Type 2 - Fawkner Park,street_furniture,Seat,,3.0,-37.84441508115567,144.98248737984702,street_furniture_clean.csv
furniture-1119360,Seat - Straight Seat - Wooden Battens - Type 2 - Parliament Reserve,street_furniture,Seat,,4.0,-37.80961588385296,144.973126537977,street_furniture_clean.csv
furniture-1119367,Seat - Straight Seat - Wooden Battens - Type 2 - Flagstaff Gardens,street_furniture,Seat,,4.0,-37.810369029222215,144.9546996748467,street_furniture_clean.csv
furniture-1119375,Seat - Straight Seat - Wooden Battens - Type 2 - Fawkner Park,street_furniture,Seat,,4.0,-37.84287723638816,144.98155744980198,street_furniture_clean.csv
furniture-1119377,Seat - Straight Seat - Wooden Battens - Type 2 - Wellington Park,street_furniture,Seat,,4.0,-37.8159945356226,144.97670170854593,street_furniture_clean.csv
furniture-1119393,Seat - Straight Seat - Wooden Battens - Type 2 - Birrarung Marr,street_furniture,Seat,,4.0,-37.81947725597803,144.97417209600195,street_furniture_clean.csv
furniture-1515393,Picnic Setting - Urban Design Style - Fawkner Park,street_furniture,Picnic Setting,,3.0,-37.84319139258992,144.9796981517122,street_furniture_clean.csv
furniture-1546801,Seat - Unclassified,street_furniture,Seat,,4.0,-37.79933358200676,144.95057834876232,street_furniture_clean.csv
furniture-1546803,Seat - Unclassified,street_furniture,Seat,,4.0,-37.79933127488282,144.9506011268552,street_furniture_clean.csv
furniture-1550158,Seat - Stainless Steel Seat - Fixed,street_furniture,Seat,,3.45,-37.81691227644864,144.96200682611456,street_furniture_clean.csv
furniture-1551575,Seat - Urban Design Park Style - Green Powder Coat -Warun Biik Park,street_furniture,Seat,,3.0,-37.79622373217108,144.92678816296495,street_furniture_clean.csv
furniture-1552221,Seat - Stainless Steel Straight Seat,street_furniture,Seat,,3.37,-37.79509043098248,144.93650714970207,street_furniture_clean.csv
furniture-1553761,Seat - Wooden Bench,street_furniture,Seat,,2.11,-37.823967196344704,144.9498336561652,street_furniture_clean.csv
furniture-1553771,Information Pillar - Seconday Information Hub - Illuminated,street_furniture,Information Pillar,,2.17,-37.82404394035942,144.9540174765192,street_furniture_clean.csv
furniture-1554073,Seat - Stainless Steel Straight Seat,street_furniture,Seat,,2.62,-37.81731613471001,144.95397060672943,street_furniture_clean.csv
furniture-1556699,Seat - Wooden Bench,street_furniture,Seat,,3.15,-37.8165339355186,144.9376952195039,street_furniture_clean.csv
furniture-1556700,Seat - Wooden Bench,street_furniture,Seat,,3.15,-37.8164721287318,144.93787608323018,street_furniture_clean.csv
furniture-1556984,Seat - Semi-Circular Metal Seats - Station Street Park,street_furniture,Seat,,4.0,-37.797280166406566,144.9738374108152,street_furniture_clean.csv
furniture-1558395,Seat - Alloy Frame and Narrow Wooden Slats,street_furniture,Seat,,2.21,-37.79324683418231,144.92031966489705,street_furniture_clean.csv
furniture-1561013,Seat - Metal Bench,street_furniture,Seat,,3.1,-37.81748744523736,144.96041128983498,street_furniture_clean.csv
furniture-1562946,Seat - Stainless Steel Bench - Docklands,street_furniture,Seat,,2.77,-37.81583618881032,144.9374397345235,street_furniture_clean.csv
furniture-1565520,Seat - Stainless Steel Bench - Docklands,street_furniture,Seat,,3.3,-37.8181761536919,144.94911872216286,street_furniture_clean.csv
furniture-1566842,Seat - Metal Seat - Warun Biik Park,street_furniture,Seat,,3.0,-37.79641795035707,144.92596505257058,street_furniture_clean.csv
furniture-1551961,Drinking fountain - Historic or Heritage Drinking Fountains - Victoria Green,street_furniture,Drinking Fountain,,4.0,-37.82012801999004,144.94484546150136,street_furniture_clean.csv
furniture-1567827,Seat - Straight Seat - Wooden Battens,street_furniture,Seat,,3.0,-37.82401727874529,144.971643169168,street_furniture_clean.csv
furniture-1568586,Seat - Straight Seat - Wooden Battens - Type 2 - Howard and William Street Reserve,street_furniture,Seat,,4.0,-37.806515083747215,144.9536479279349,street_furniture_clean.csv
furniture-1569177,Seat - Stainless Steel Straight Seat,street_furniture,Seat,,4.42,-37.81541354069375,144.96945079194586,street_furniture_clean.csv
furniture-1569183,Seat - Stainless Steel Straight Seat,street_furniture,Seat,,4.42,-37.81497965825832,144.96895638370813,street_furniture_clean.csv
furniture-1569200,Seat - Metal Bench,street_furniture,Seat,,4.12,-37.81434656947134,144.96896089876444,street_furniture_clean.csv
furniture-1569670,Seat - Straight Seat - Wooden Battens - Type 2 - Royal Park,street_furniture,Seat,,3.0,-37.77850961654911,144.95445048668125,street_furniture_clean.csv
furniture-1569690,Seat - Straight Seat - Wooden Battens - Type 2 - Royal Park,street_furniture,Seat,,3.0,-37.783017118433925,144.9421887663899,street_furniture_clean.csv
furniture-1569692,Seat - Stainless Steel Seat - Swivel,street_furniture,Seat,,4.0,-37.79738799654824,144.92354753714915,street_furniture_clean.csv
furniture-1569715,Picnic Setting - Urban Design Style - Flagstaff Gardens,street_furniture,Picnic Setting,,4.0,-37.80945165237631,144.9549602290813,street_furniture_clean.csv
furniture-1569723,Seat - Stainless Frame with Narrow Wooden Slats (Back to Back) - Argyle Square,street_furniture,Seat,,4.0,-37.80297360845277,144.9658223668362,street_furniture_clean.csv
furniture-1569767,Seat - Straight Seat - Wooden Battens - Type 2 - North Melbourne Recreation Reserve,street_furniture,Seat,,3.0,-37.799755465250925,144.941569726233,street_furniture_clean.csv
furniture-1569771,Seat - Straight Seat - Wooden Battens - Type 2 - North Melbourne Recreation Reserve,street_furniture,Seat,,3.0,-37.79946096375671,144.94080697789784,street_furniture_clean.csv
furniture-1565478,Information Pillar - Information Hub Pillar,street_furniture,Information Pillar,,3.44,-37.81234982006994,144.9651863253379,street_furniture_clean.csv
furniture-1572823,Drinking Fountain - Stainless Steel Drinking Fountain - Leaf Type - Bottle Refill Tap,street_furniture,Drinking Fountain,,2.45,-37.81331469375451,144.9666513135716,street_furniture_clean.csv
furniture-1566848,Seat - Straight Seat - Wooden Battens - Type 2 - Warun Biik Park,street_furniture,Seat,,4.0,-37.79685396608236,144.92650399972635,street_furniture_clean.csv
furniture-1568243,Seat - Metal frame Wooden Slats,street_furniture,Seat,,3.01,-37.77811193562987,144.93980798877726,street_furniture_clean.csv
furniture-1592308,Seat - Flat Bench Seat - L Shaped,street_furniture,Seat,,1.76,-37.794722341039936,144.92828137392274,street_furniture_clean.csv
furniture-1597121,Barbeque - Urban Design Double Hotplate - Powlett Reserve,street_furniture,Barbeque,,4.0,-37.81122104507609,144.98662556673142,street_furniture_clean.csv
furniture-1597374,Picnic Setting - Urban Design Style - Royal Park,street_furniture,Picnic Setting,,4.0,-37.77759857407158,144.95370626513926,street_furniture_clean.csv
furniture-1579838,Seat - Metal Seat - Kensington Banks Type,street_furniture,Seat,,1.59,-37.794819692191226,144.91943938326503,street_furniture_clean.csv
furniture-1610541,Seat - Stainless Steel Bench - Docklands,street_furniture,Seat,,3.44,-37.82130541388664,144.94364357638463,street_furniture_clean.csv
furniture-1611051,Seat - Stainless Steel Bench - Docklands,street_furniture,Seat,,3.3,-37.81798417048194,144.94978950607555,street_furniture_clean.csv
furniture-1600060,Seat - Straight Seat - Wooden Battens - Type 2 - Royal Park,street_furniture,Seat,,3.0,-37.78022148569104,144.9529559683109,street_furniture_clean.csv
furniture-1600065,Picnic Setting - unspecified - Royal Park,street_furniture,Picnic Setting,,3.0,-37.782036747552056,144.95639240265916,street_furniture_clean.csv
furniture-1633471,Picnic Setting - Urban Design Style - Ron Barassi Senior Park,street_furniture,Picnic Setting,,4.0,-37.817106461415584,144.93423099869418,street_furniture_clean.csv
furniture-1633486,Seat - Timber Bench - Ron Barassi Senior Park,street_furniture,Seat,,5.0,-37.81679859962539,144.93516995018055,street_furniture_clean.csv
furniture-1633488,Seat - Timber Bench - Ron Barassi Senior Park,street_furniture,Seat,,5.0,-37.81684206149449,144.93505320969882,street_furniture_clean.csv
furniture-1600541,Seat - Straight Seat - Wooden Battens - Type 2 - Neill Street Reserve,street_furniture,Seat,,4.0,-37.79569476461698,144.9687759192473,street_furniture_clean.csv
furniture-1608302,Seat - Straight Seat - Wooden Battens - Type 2 - Royal Park,street_furniture,Seat,,4.0,-37.79505693905219,144.95245782497722,street_furniture_clean.csv
furniture-1608303,Seat - Straight Seat - Wooden Battens - Type 2 - Royal Park,street_furniture,Seat,,4.0,-37.79503185261099,144.9522952110827,street_furniture_clean.csv
furniture-1639779,Seat - Straight Seat - Wooden Battens - Type 2 - Eastwood and Rankins Park,street_furniture,Seat,,4.0,-37.79355690424033,144.9308267263275,street_furniture_clean.csv
furniture-1642000,Seat - Flat Bench Seat - L Shaped,street_furniture,Seat,,3.0,-37.7997684491193,144.95721496738105,street_furniture_clean.csv
furniture-1733514,Information Pillar - Information Hub Pillar,street_furniture,Information Pillar,,3.23,-37.85000357966351,144.9807032634884,street_furniture_clean.csv
furniture-1742126,Seat - Stainless Steel Straight Seat,street_furniture,Seat,,3.42,-37.80748364592009,144.96849539464654,street_furniture_clean.csv
furniture-1742344,Picnic Setting - Urban Design Style - Hawke and Adderley Street Park,street_furniture,Picnic Setting,,4.0,-37.80879377760297,144.9450516350417,street_furniture_clean.csv
furniture-1742633,Seat - Timber Seat with Aluminium Legs - Docklands,street_furniture,Seat,,3.16,-37.81994366025223,144.9403186069119,street_furniture_clean.csv
furniture-1743772,Drinking Fountain - Stainless Steel Drinking Fountain - Old Docklands Type,street_furniture,Drinking Fountain,,3.44,-37.81966891685183,144.9417577515994,street_furniture_clean.csv
furniture-1725237,Seat - Straight Seat - Wooden Battens - Type 2 - Parsons Reserve,street_furniture,Seat,,3.0,-37.790032062866864,144.93121724704733,street_furniture_clean.csv
furniture-1743802,Seat - Stainless Steel Straight Seat,street_furniture,Seat,,3.44,-37.82207845310019,144.94456300772603,street_furniture_clean.csv
furniture-1743857,Seat - Stainless Steel Seat - Fixed,street_furniture,Seat,,3.44,-37.8239136632904,144.9432301222634,street_furniture_clean.csv
furniture-1740851,Seat - Straight Seat - Wooden Battens - Type 2 - College of Surgeons,street_furniture,Seat,,4.0,-37.8090291915436,144.97246549011106,street_furniture_clean.csv
furniture-1119878,Seat - Metal Seat - Kensington Banks Type - Vincent Place Park,street_furniture,Seat,,3.0,-37.79246821278348,144.92103376423034,street_furniture_clean.csv
furniture-1283948,Drinking fountain - Historic or Heritage Drinking Fountains - Queen Victoria Gardens,street_furniture,Drinking Fountain,,2.0,-37.82123671455052,144.97077057669242,street_furniture_clean.csv
furniture-1312940,Seat - Stainless Steel Straight Seat,street_furniture,Seat,,2.45,-37.8133328830472,144.96601912175635,street_furniture_clean.csv
furniture-1313026,Seat - Timber Seat with Aluminium Legs - Docklands,street_furniture,Seat,,3.16,-37.824680267387954,144.9468740233084,street_furniture_clean.csv
furniture-1115250,Drinking Fountain - Leaf Type - Dog Bowl  - Fawkner Park,street_furniture,Drinking Fountain,,3.0,-37.8386331437282,144.97805941362765,street_furniture_clean.csv
furniture-1115273,Drinking fountain - unspecified type - Alexandra Park,street_furniture,Drinking Fountain,,3.0,-37.819571118805214,144.97182464875007,street_furniture_clean.csv
furniture-1313044,Seat - Timber Seat with Aluminium Legs - Docklands,street_furniture,Seat,,3.16,-37.82392030700802,144.94342989002936,street_furniture_clean.csv
furniture-1313048,Seat - Stainless Steel Seat - 3m & LED lights,street_furniture,Seat,,1.67,-37.82320432525149,144.95292400905734,street_furniture_clean.csv
furniture-1313053,Seat - Timber Bench with Aluminium Legs - Docklands,street_furniture,Seat,,3.16,-37.824400336815344,144.94580305470782,street_furniture_clean.csv
furniture-1119363,Seat - Straight Seat - Wooden Battens - Type 2 - Treasury Gardens,street_furniture,Seat,,4.0,-37.81403964196109,144.97591698151444,street_furniture_clean.csv
furniture-1110849,Barbeque - Urban Design Single Hotplate,street_furniture,Barbeque,,3.0,-37.79375198566206,144.92404057125708,street_furniture_clean.csv
furniture-1119782,Seat - Straight Seat - Wooden Battens - Type 2 - Shrine of Remembrance Reserve,street_furniture,Seat,,4.0,-37.83018741159837,144.97273469540042,street_furniture_clean.csv
furniture-1119792,Seat - Straight Seat - Wooden Battens - Type 2 - Jolimont Reserve,street_furniture,Seat,,4.0,-37.81638252342676,144.98001545437847,street_furniture_clean.csv
furniture-1119801,Seat - Straight Seat - Wooden Battens - Type 2 - Carlton Gardens North,street_furniture,Seat,,4.0,-37.8022601239394,144.97208069666524,street_furniture_clean.csv
furniture-1119819,Seat - Straight Seat - Wooden Battens - Type 2 - Alexandra Gardens,street_furniture,Seat,,4.0,-37.82020695718151,144.9694699546044,street_furniture_clean.csv
furniture-1119833,Seat - Straight Seat - Wooden Battens - Type 2 - Enterprize Park,street_furniture,Seat,,4.0,-37.82009499565186,144.9598339743588,street_furniture_clean.csv
furniture-1119847,Seat - Metal Seat - Kensington Banks Type - Cakebread Mews Park East,street_furniture,Seat,,4.0,-37.79312546665762,144.91961160523482,street_furniture_clean.csv
furniture-1119859,Seat - Metal Seat - Mercantile Park East,street_furniture,Seat,,4.0,-37.7953858236916,144.92079241233202,street_furniture_clean.csv
furniture-1119860,Seat - Metal Seat - Mercantile Park East,street_furniture,Seat,,4.0,-37.79544475313634,144.92078689882626,street_furniture_clean.csv
furniture-1119290,Seat - Straight Seat - Wooden Battens - Type 2 - Shrine of Remembrance Reserve,street_furniture,Seat,,4.0,-37.82785787350651,144.9721224414732,street_furniture_clean.csv
furniture-1119888,Seat - Metal Seat - Riverside Park,street_furniture,Seat,,3.0,-37.79562384748402,144.91518673979124,street_furniture_clean.csv
furniture-1119931,Seat - Metal Seat - Burston Reserve,street_furniture,Seat,,3.0,-37.81136218245008,144.97525301686167,street_furniture_clean.csv
furniture-1119354,Seat - Straight Seat - Wooden Battens - Type 2 - Carlton Gardens North,street_furniture,Seat,,3.0,-37.801431879598695,144.97317640991992,street_furniture_clean.csv
furniture-1119959,Seat - Straight Seat - Wooden Battens - Type 2 - Royal Park,street_furniture,Seat,,4.0,-37.78533511172078,144.94230660216908,street_furniture_clean.csv
furniture-1120002,Seat - Straight Seat - Wooden Battens - Type 2 - Kings Domain South,street_furniture,Seat,,4.0,-37.83175143543379,144.97729493007597,street_furniture_clean.csv
furniture-1119184,Seat - Straight Seat - Wooden Battens - Type 2 - Princes Park,street_furniture,Seat,,4.0,-37.78153162973553,144.96179559110078,street_furniture_clean.csv
furniture-1120037,Seat - Straight Seat - Wooden Battens - Type 2 - Queen Victoria Gardens,street_furniture,Seat,,3.0,-37.82237921467348,144.97141320207885,street_furniture_clean.csv
furniture-1120075,Seat - Straight Seat - Wooden Battens - Type 2 - Fawkner Park,street_furniture,Seat,,4.0,-37.84045980676795,144.98396969928737,street_furniture_clean.csv
furniture-1120105,Seat - Metal Seat - Royal Park,street_furniture,Seat,,4.0,-37.78533889272,144.95352490825232,street_furniture_clean.csv
furniture-1119292,Seat - Straight Seat - Wooden Battens - Type 2 - Shrine of Remembrance Reserve,street_furniture,Seat,,4.0,-37.82991056301233,144.97370792060207,street_furniture_clean.csv
furniture-1314032,Seat - Metal Seat,street_furniture,Seat,,4.13,-37.81286098242232,144.9707695698593,street_furniture_clean.csv
furniture-1361125,Seat - Metal Bench,street_furniture,Seat,,2.41,-37.79194465860458,144.94219080491874,street_furniture_clean.csv
furniture-1450129,Seat - Stainless Steel Bench - Docklands,street_furniture,Seat,,2.47,-37.81458671353631,144.9387674477143,street_furniture_clean.csv
furniture-1454502,Seat - Stainless Steel Straight Seat,street_furniture,Seat,,3.44,-37.81541189064848,144.95881138660337,street_furniture_clean.csv
furniture-1459062,Seat - Metal Seat - Park Type,street_furniture,Seat,,1.0,-37.79986397126097,144.9432926718871,street_furniture_clean.csv
furniture-1444100,Seat - Metal Seat,street_furniture,Seat,,3.16,-37.8166320003584,144.96727164172833,street_furniture_clean.csv
furniture-1462372,Seat - Stainless Steel Straight Seat,street_furniture,Seat,,3.3,-37.81883908763246,144.94922397102644,street_furniture_clean.csv
furniture-1462402,Seat - Stainless Steel Bench - Docklands,street_furniture,Seat,,3.44,-37.820198261184494,144.94535893234487,street_furniture_clean.csv
furniture-1377631,Seat - Metal Seat,street_furniture,Seat,,3.16,-37.8207264509172,144.9628267682498,street_furniture_clean.csv
furniture-1479891,Seat - Stainless Steel Seat - Fixed,street_furniture,Seat,,3.44,-37.81964732573814,144.94406550762264,street_furniture_clean.csv
furniture-1490907,Seat - Urban Design Park Style - Green Powder Coat - Kings Domain,street_furniture,Seat,,4.0,-37.82598914714046,144.9738312131362,street_furniture_clean.csv
furniture-1490916,Seat - Urban Design Park Style - Green Powder Coat - Kings Domain,street_furniture,Seat,,4.0,-37.82613441967745,144.975313867827,street_furniture_clean.csv
furniture-1491341,Seat - Urban Design Park Style - Green Powder Coat - Fawkner Park,street_furniture,Seat,,4.0,-37.841947762401816,144.9796870895111,street_furniture_clean.csv
furniture-1442995,Seat - Stainless Steel Straight Seat - Docklands,street_furniture,Seat,,3.44,-37.81880749421019,144.94393999351357,street_furniture_clean.csv
furniture-1494753,Seat - Metal Floral Artwork Seat,street_furniture,Seat,,3.16,-37.81047634091201,144.96411618396067,street_furniture_clean.csv
furniture-1494759,Seat - Stainless Steel Seat - 3m & LED lights,street_furniture,Seat,,3.44,-37.80997918103085,144.96409644519247,street_furniture_clean.csv
furniture-1496024,Seat - Stainless Steel Straight Seat - Docklands,street_furniture,Seat,,3.43,-37.81466135724089,144.94285013264624,street_furniture_clean.csv
furniture-1496025,Seat - Stainless Steel Straight Seat - Docklands,street_furniture,Seat,,3.43,-37.81475206897864,144.94259531968677,street_furniture_clean.csv
furniture-1496039,Seat - Wooden Bench,street_furniture,Seat,,3.15,-37.81602322144408,144.93895502446415,street_furniture_clean.csv
furniture-1496041,Seat - Wooden Bench,street_furniture,Seat,,3.15,-37.81601212565874,144.93905734318935,street_furniture_clean.csv
furniture-1496142,Seat - Stainless Steel Straight Seat,street_furniture,Seat,,4.45,-37.8159505708515,144.9646290885857,street_furniture_clean.csv
furniture-1503054,Drinking Fountain - Stainless Steel Drinking Fountain - Leaf Type - Grant Street Reserve,street_furniture,Drinking Fountain,,4.0,-37.82601912277288,144.96821302911962,street_furniture_clean.csv
furniture-1503062,Seat - Urban Design Park Style - Green Powder Coat - Grant Street Reserve,street_furniture,Seat,,4.0,-37.82587281931747,144.96892087247124,street_furniture_clean.csv
furniture-1505307,Seat - Metal frame Wooden Slats,street_furniture,Seat,,3.17,-37.79579034439455,144.92646491996226,street_furniture_clean.csv
furniture-1507106,Seat - Metal Bench Around Tree Base,street_furniture,Seat,,4.16,-37.810518001536,144.96413855252314,street_furniture_clean.csv
furniture-1507107,Seat - Metal Bench Around Tree Base,street_furniture,Seat,,4.16,-37.81042186217105,144.96409257727828,street_furniture_clean.csv
furniture-1507108,Seat - Metal Bench Around Tree Base,street_furniture,Seat,,3.16,-37.81040404675414,144.9640889774506,street_furniture_clean.csv
furniture-1507123,Seat - Metal Bench Around Tree Base,street_furniture,Seat,,3.16,-37.8100275763427,144.96413305432603,street_furniture_clean.csv
furniture-1462426,Seat - Stainless Steel Straight Seat - Docklands,street_furniture,Seat,,3.44,-37.81923824041474,144.94263911177455,street_furniture_clean.csv
furniture-1462979,Information Pillar - Information Hub Pillar,street_furniture,Information Pillar,,3.44,-37.80134993123748,144.914354509132,street_furniture_clean.csv
furniture-1508250,Seat - Urban Design Park Style - Green Powder Coat - Kings Domain South,street_furniture,Seat,,4.0,-37.83341574709018,144.9823378028059,street_furniture_clean.csv
furniture-1509496,Seat - Metal Seat - Drill Hall,street_furniture,Seat,,3.0,-37.806592188628784,144.96108536394738,street_furniture_clean.csv
furniture-1510334,Seat - Stainless Steel Straight Seat,street_furniture,Seat,,3.45,-37.81697314493259,144.96515627222604,street_furniture_clean.csv
furniture-1514843,Seat - Metal Bench,street_furniture,Seat,,3.16,-37.81380004458613,144.9658569237559,street_furniture_clean.csv
furniture-1516423,Seat - Stainless Steel Straight Seat,street_furniture,Seat,,4.44,-37.80886458296175,144.96360001939576,street_furniture_clean.csv
furniture-1517553,Seat - Stainless Frame with Narrow Wooden Slats (Back to Back) - State Library of Victoria,street_furniture,Seat,,3.0,-37.81008920013526,144.96453868950326,street_furniture_clean.csv
furniture-1503105,Drinking Fountain - Stainless Steel Drinking Fountain - Leaf Type,street_furniture,Drinking Fountain,,3.43,-37.81515985140142,144.93712549711364,street_furniture_clean.csv
furniture-1750905,Seat - Straight Seat - Wooden Battens - Type 2 - Royal Park,street_furniture,Seat,,4.0,-37.78642519906147,144.95446535437364,street_furniture_clean.csv
furniture-1753306,Seat - Straight Seat - Wooden Battens - Type 2 - New Quay Central Park,street_furniture,Seat,,4.0,-37.814938109372605,144.93882571712396,street_furniture_clean.csv
furniture-1753313,Seat - Stainless Steel Bench - Docklands,street_furniture,Seat,,4.44,-37.81396272722206,144.94117209253363,street_furniture_clean.csv
furniture-1753422,Seat - Unclassified - New Quay Central Park,street_furniture,Seat,,4.0,-37.81572681042936,144.9393711940575,street_furniture_clean.csv
furniture-1752752,Seat - Stainless Steel Straight Seat,street_furniture,Seat,,4.45,-37.81265072636883,144.96790530182642,street_furniture_clean.csv
furniture-1757706,Drinking Fountain - Leaf Type - With Bottle Refill Tap - Carlton Gardens North,street_furniture,Drinking Fountain,,4.0,-37.80211398428,144.97283100368065,street_furniture_clean.csv
furniture-1757708,Drinking Fountain - Leaf Type - With Bottle Refill Tap - Carlton Gardens North,street_furniture,Drinking Fountain,,4.0,-37.80241728553812,144.97202290316702,street_furniture_clean.csv
furniture-1764815,Seat - Platform Style - Wharfs Landing Park,street_furniture,Seat,,5.0,-37.821997251152695,144.9364895627932,street_furniture_clean.csv
furniture-1769868,Seat - Straight Seat - Wooden Battens - Type 2 - University Square,street_furniture,Seat,,5.0,-37.80131649657252,144.9606209006204,street_furniture_clean.csv
furniture-1769869,Seat - Straight Seat - Wooden Battens - Type 2 - University Square,street_furniture,Seat,,5.0,-37.80140730270082,144.96060341093414,street_furniture_clean.csv
furniture-1769872,Seat - Straight Seat - Wooden Battens - Type 2 - University Square,street_furniture,Seat,,5.0,-37.801441008464295,144.95984391621323,street_furniture_clean.csv
furniture-1769873,Seat - Straight Seat - Wooden Battens - Type 2 - University Square,street_furniture,Seat,,5.0,-37.80113731792963,144.9606507020543,street_furniture_clean.csv
furniture-1769876,Seat - Straight Seat - Wooden Battens - Type 2 - University Square,street_furniture,Seat,,5.0,-37.80159397665634,144.95983573177867,street_furniture_clean.csv
furniture-1769880,Seat - Unclassified - University Square,street_furniture,Seat,,5.0,-37.80166115671842,144.96076429249587,street_furniture_clean.csv
furniture-1769881,Seat - Unclassified - University Square,street_furniture,Seat,,5.0,-37.80159979091837,144.96077495281747,street_furniture_clean.csv
furniture-1769886,Drinking Fountain - Leaf Type - Dog Bowl  - University Square,street_furniture,Drinking Fountain,,5.0,-37.80089398503696,144.96074870882546,street_furniture_clean.csv
furniture-1769890,Seat - Timber Bench - University Square,street_furniture,Seat,,5.0,-37.80076275275356,144.96045089294327,street_furniture_clean.csv
furniture-1757636,Seat - Straight Seat - Wooden Battens - Type 2 - Fitzroy Gardens,street_furniture,Seat,,4.0,-37.81540745030471,144.98224933379544,street_furniture_clean.csv
furniture-1769865,Seat - Straight Seat - Wooden Battens - Type 2 - University Square,street_furniture,Seat,,5.0,-37.801672341181344,144.96055670978822,street_furniture_clean.csv
furniture-1771619,Seat - Straight Seat - Wooden Battens - Type 2 - Shrine of Remembrance Reserve,street_furniture,Seat,,4.0,-37.83233082312975,144.97309915402312,street_furniture_clean.csv
furniture-1757713,Drinking Fountain - Leaf Type - Dog Bowl  - Fawkner Park,street_furniture,Drinking Fountain,,4.0,-37.8452141594852,144.98256140204748,street_furniture_clean.csv
furniture-1771621,Seat - Straight Seat - Wooden Battens - Type 2 - Jolimont Reserve,street_furniture,Seat,,4.0,-37.81651803631608,144.9812436225822,street_furniture_clean.csv
furniture-1771623,Seat - Straight Seat - Wooden Battens - Type 2 - Kings Domain,street_furniture,Seat,,3.0,-37.82346205951422,144.97228640177096,street_furniture_clean.csv
furniture-1771647,Seat - Straight Seat - Wooden Battens - Type 2 - Kensington Hall Reserve,street_furniture,Seat,,4.0,-37.78887617776834,144.92836972620668,street_furniture_clean.csv
furniture-1771659,Seat - Straight Seat - Wooden Battens - Type 2 - Princes Park,street_furniture,Seat,,3.0,-37.790071810718,144.95990991790006,street_furniture_clean.csv
furniture-1771661,Seat - Older Style Park Seat - Timber Slats - Queen Victoria Gardens,street_furniture,Seat,,3.0,-37.82233411623994,144.97178229733927,street_furniture_clean.csv
furniture-1771701,Drinking Fountain - Leaf Type - Dog Bowl  - Alexandra Gardens,street_furniture,Drinking Fountain,,3.0,-37.821103585220605,144.97249534473832,street_furniture_clean.csv
furniture-1764812,Picnic Setting - Urban Design Style - Wharfs Landing Park,street_furniture,Picnic Setting,,5.0,-37.822046979543856,144.93668403481513,street_furniture_clean.csv
furniture-1759483,Picnic Setting - unspecified - Riverside Quay (SOUTHBANK),street_furniture,Picnic Setting,,4.0,-37.8211367191862,144.9638405478912,street_furniture_clean.csv
furniture-1759486,Seat - Platform Style - Riverside Quay (SOUTHBANK),street_furniture,Seat,,4.0,-37.821287648052575,144.96405838512578,street_furniture_clean.csv
furniture-1775790,Picnic Setting - unspecified - Boyd Community Hub,street_furniture,Picnic Setting,,5.0,-37.82574590059178,144.9607235820872,street_furniture_clean.csv
furniture-1775801,Seat - Timber Bench - Boyd Community Hub,street_furniture,Seat,,5.0,-37.82599045240872,144.96190342080806,street_furniture_clean.csv
furniture-1798723,Seat - Unclassified - Hub@Docklands,street_furniture,Seat,,5.0,-37.82033736236221,144.94743368302505,street_furniture_clean.csv
furniture-1798727,Seat - Unclassified - Hub@Docklands,street_furniture,Seat,,5.0,-37.820268808015534,144.94784353308552,street_furniture_clean.csv
furniture-1799257,Seat - Straight Seat - Wooden & Concrete - Newmarket Reserve,street_furniture,Seat,,2.0,-37.78845804839335,144.92336104614336,street_furniture_clean.csv
furniture-1800418,Barbeque - All Abilities Double Hotplate - Royal Park,street_furniture,Barbeque,,5.0,-37.79505799178623,144.95104163931634,street_furniture_clean.csv
furniture-1079595,Seat - Metal Seat,street_furniture,Seat,,3.14,-37.794503112297626,144.93013302421355,street_furniture_clean.csv
furniture-1079596,Seat - Metal Seat,street_furniture,Seat,,1.0,-37.79841366776195,144.97256488384002,street_furniture_clean.csv
furniture-1079603,Seat - Metal Seat,street_furniture,Seat,,1.0,-37.79626518625205,144.944927232253,street_furniture_clean.csv
furniture-1079604,Seat - Metal Seat,street_furniture,Seat,,1.0,-37.796230513373,144.94489753013627,street_furniture_clean.csv
furniture-1079605,Seat - Metal Seat,street_furniture,Seat,,1.0,-37.79644160206085,144.9464285835277,street_furniture_clean.csv
furniture-1079606,Seat - Metal Seat,street_furniture,Seat,,1.0,-37.796422248051776,144.94640913170116,street_furniture_clean.csv
furniture-1079682,Seat - Metal Seat,street_furniture,Seat,,1.12,-37.80739035926003,144.96561313805998,street_furniture_clean.csv
furniture-1079692,Seat - Metal Seat,street_furniture,Seat,,3.16,-37.819967993403154,144.96569180036892,street_furniture_clean.csv
furniture-1079698,Seat - Metal Seat,street_furniture,Seat,,3.16,-37.82028393453254,144.96410096241678,street_furniture_clean.csv
furniture-1079716,Seat - Metal Seat,street_furniture,Seat,,3.16,-37.82047302494576,144.96346140010522,street_furniture_clean.csv
furniture-1079726,Seat - Metal Seat,street_furniture,Seat,,3.13,-37.80592480794416,144.944602901816,street_furniture_clean.csv
furniture-1079729,Seat - Metal Seat,street_furniture,Seat,,3.16,-37.812012951499405,144.97755148288832,street_furniture_clean.csv
furniture-1079741,Seat - Metal Seat,street_furniture,Seat,,2.13,-37.814704802980096,144.97192103622132,street_furniture_clean.csv
furniture-1079744,Seat - Metal Seat,street_furniture,Seat,,3.1,-37.81620441819854,144.9611019499433,street_furniture_clean.csv
furniture-1079745,Seat - Metal Seat,street_furniture,Seat,,3.1,-37.81668562098932,144.9613243125908,street_furniture_clean.csv
furniture-1079752,Seat - Metal Seat,street_furniture,Seat,,3.09,-37.81158429569327,144.95663761440878,street_furniture_clean.csv
furniture-1079770,Seat - Metal Seat,street_furniture,Seat,,3.06,-37.83836852592215,144.9863120118003,street_furniture_clean.csv
furniture-1079794,Seat - Metal Seat,street_furniture,Seat,,2.99,-37.82470607989,144.9704423012168,street_furniture_clean.csv
furniture-1079809,Seat - Metal Seat,street_furniture,Seat,,3.04,-37.80238152141422,144.94973347586125,street_furniture_clean.csv
furniture-1079820,Seat - Metal Seat,street_furniture,Seat,,3.16,-37.80908333020217,144.97589524499864,street_furniture_clean.csv
furniture-1079832,Seat - Metal Seat,street_furniture,Seat,,3.11,-37.80780531077762,144.9554645341055,street_furniture_clean.csv
furniture-1079836,Seat - Metal Seat,street_furniture,Seat,,2.86,-37.79146793405729,144.9214894668855,street_furniture_clean.csv
furniture-1079915,Seat - Straight Seat - Wooden Battens - Type 2,street_furniture,Seat,,1.0,-37.82024396279085,144.96061442072045,street_furniture_clean.csv
furniture-1079926,Seat - Straight Seat - Wooden Battens - Type 2,street_furniture,Seat,,1.0,-37.82047292762793,144.95932836672955,street_furniture_clean.csv
furniture-1079934,Seat - Straight Seat - Wooden Battens - Type 2,street_furniture,Seat,,2.82,-37.79158922891552,144.94540611415547,street_furniture_clean.csv
furniture-1079937,Seat - Straight Seat - Wooden Battens - Type 2,street_furniture,Seat,,1.0,-37.81695803828362,144.98619853497732,street_furniture_clean.csv
furniture-1079945,Seat - Straight Seat - Wooden Battens - Type 2,street_furniture,Seat,,2.86,-37.81287515933495,144.98953166400716,street_furniture_clean.csv
furniture-1079946,Seat - Straight Seat - Wooden Battens - Type 2,street_furniture,Seat,,2.86,-37.81264244729411,144.98957228194698,street_furniture_clean.csv
furniture-1079947,Seat - Straight Seat - Wooden Battens - Type 2,street_furniture,Seat,,2.82,-37.792563747406014,144.94662476931626,street_furniture_clean.csv
furniture-1079955,Seat - Straight Seat - Wooden Battens - Type 2,street_furniture,Seat,,2.8,-37.79183192185724,144.9233184774913,street_furniture_clean.csv
furniture-1118705,Picnic Setting - Urban Design Style,street_furniture,Picnic Setting,,5.0,-37.79768695756987,144.92602506898973,street_furniture_clean.csv
furniture-1118711,Picnic Setting - Urban Design Style,street_furniture,Picnic Setting,,3.0,-37.78290774049032,144.9437639623475,street_furniture_clean.csv
furniture-1118716,Picnic Setting - Urban Design Style,street_furniture,Picnic Setting,,5.0,-37.79776015606662,144.9260570922444,street_furniture_clean.csv
furniture-1119051,Seat - Straight Seat - Wooden Battens - Type 2 - Argyle Square,street_furniture,Seat,,4.0,-37.802782581963335,144.9654324732421,street_furniture_clean.csv
furniture-1119069,Seat - Straight Seat - Wooden Battens - Type 2 - JJ Holland Park,street_furniture,Seat,,4.0,-37.79824807500628,144.9217492696132,street_furniture_clean.csv
furniture-1119084,Seat - Straight Seat - Wooden Battens - Type 2 - Princes Park,street_furniture,Seat,,4.0,-37.78112867635932,144.9625018900449,street_furniture_clean.csv
furniture-1119088,Seat - Straight Seat - Wooden Battens - Type 2 - Clayton Reserve,street_furniture,Seat,,3.0,-37.79652496340927,144.93950503695513,street_furniture_clean.csv
furniture-1119095,Seat - Straight Seat - Wooden Battens - Type 2 - JJ Holland Park,street_furniture,Seat,,3.0,-37.79885072209773,144.92655673536467,street_furniture_clean.csv
furniture-1119118,Seat - Straight Seat - Wooden Battens - Type 2 - JJ Holland Park,street_furniture,Seat,,5.0,-37.79773510876579,144.92610344744057,street_furniture_clean.csv
furniture-1119130,Seat - Straight Seat - Wooden Battens - Type 2 - Royal Park,street_furniture,Seat,,4.0,-37.78868507144357,144.9431381258366,street_furniture_clean.csv
furniture-1119139,Seat - Straight Seat - Wooden Battens - Type 2 - Bayswater Road Park,street_furniture,Seat,,4.0,-37.793916074358485,144.9236358960526,street_furniture_clean.csv
furniture-1119147,Seat - Straight Seat - Wooden Battens - Type 2 - Ievers Reserve,street_furniture,Seat,,3.0,-37.79657606276632,144.9523495559194,street_furniture_clean.csv
furniture-1119151,Seat - Straight Seat - Wooden Battens - Type 2 - JJ Holland Park,street_furniture,Seat,,4.0,-37.79790024520962,144.9252053815743,street_furniture_clean.csv
furniture-1119159,Seat - Straight Seat - Wooden Battens - Type 2 - Princes Park,street_furniture,Seat,,4.0,-37.78336447320872,144.96349534365075,street_furniture_clean.csv
furniture-1119173,Seat - Straight Seat - Wooden Battens - Type 2 - Princes Park,street_furniture,Seat,,3.0,-37.78960296069949,144.96188973234072,street_furniture_clean.csv
furniture-1119199,Seat - Straight Seat - Wooden Battens - Type 2 - Princes Park,street_furniture,Seat,,3.0,-37.77892908845909,144.96151306215828,street_furniture_clean.csv
furniture-1119218,Seat - Straight Seat - Wooden Battens - Type 2 - Princes Park,street_furniture,Seat,,3.0,-37.77899725989795,144.9609428048849,street_furniture_clean.csv
furniture-1119230,Seat - Straight Seat - Wooden Battens - Type 2 - Clayton Reserve,street_furniture,Seat,,4.0,-37.79595149650828,144.93889454033595,street_furniture_clean.csv
furniture-1119256,Seat - Straight Seat - Wooden Battens - Type 2 - Ievers Reserve,street_furniture,Seat,,3.0,-37.79655860678466,144.95208678872663,street_furniture_clean.csv
furniture-1119257,Seat - Straight Seat - Wooden Battens - Type 2 - Ievers Reserve,street_furniture,Seat,,3.0,-37.796423531605576,144.95292194452085,street_furniture_clean.csv
furniture-1119276,Seat - Straight Seat - Wooden Battens - Type 2 - Fawkner Park,street_furniture,Seat,,3.0,-37.84391546407998,144.9800066986941,street_furniture_clean.csv
furniture-1119300,Seat - Straight Seat - Wooden Battens - Type 2 - Fawkner Park,street_furniture,Seat,,4.0,-37.84269846796184,144.98162721163376,street_furniture_clean.csv
furniture-1119323,Seat - Straight Seat - Wooden Battens - Type 2 - Grant Street (SOUTHBANK),street_furniture,Seat,,3.0,-37.825860337020174,144.9685891249586,street_furniture_clean.csv
furniture-1119331,Seat - Straight Seat - Wooden Battens - Type 2 - Enterprize Park,street_furniture,Seat,,4.0,-37.82029095730274,144.95964942490806,street_furniture_clean.csv
furniture-1119343,Seat - Straight Seat - Wooden Battens - Type 2 - Carlton Gardens South,street_furniture,Seat,,3.0,-37.80626746680243,144.9729590146879,street_furniture_clean.csv
furniture-1119349,Seat - Straight Seat - Wooden Battens - Type 2 - Fawkner Park,street_furniture,Seat,,3.0,-37.84334245870342,144.98322106514303,street_furniture_clean.csv
furniture-1119357,Seat - Straight Seat - Wooden Battens - Type 2 - Carlton Gardens South,street_furniture,Seat,,4.0,-37.80579508384881,144.97169334029468,street_furniture_clean.csv
furniture-1119370,Seat - Straight Seat - Wooden Battens - Type 2 - Shrine of Remembrance Reserve,street_furniture,Seat,,3.0,-37.82916177275917,144.97395905004882,street_furniture_clean.csv
furniture-1119379,Seat - Straight Seat - Wooden Battens - Type 2 - Treasury Gardens,street_furniture,Seat,,3.0,-37.815122376562144,144.97592046467324,street_furniture_clean.csv
furniture-1119401,Seat - Straight Seat - Wooden Battens - Type 2 - Fitzroy Gardens,street_furniture,Seat,,4.0,-37.81290955118176,144.9824274156834,street_furniture_clean.csv
furniture-1119415,Seat - Straight Seat - Wooden Battens - Type 2 - Shrine of Remembrance Reserve,street_furniture,Seat,,4.0,-37.82823579214735,144.97331370146964,street_furniture_clean.csv
furniture-1115163,Drinking Fountain - Treated Timber Drinking Fountain - JJ Holland Park,street_furniture,Drinking Fountain,,4.0,-37.7981300933256,144.9217175971122,street_furniture_clean.csv
furniture-1119421,Seat - Straight Seat - Wooden Battens - Type 2 - Kings Domain,street_furniture,Seat,,4.0,-37.826923968737226,144.97337231734127,street_furniture_clean.csv
furniture-1119081,Seat - Straight Seat - Wooden Battens - Type 2 - Royal Park,street_furniture,Seat,,3.0,-37.782135236938544,144.94243180114722,street_furniture_clean.csv
furniture-1119447,Seat - Straight Seat - Wooden Battens - Type 2 - Treasury Gardens,street_furniture,Seat,,4.0,-37.81402009344346,144.9758859361421,street_furniture_clean.csv
furniture-1119483,Seat - Straight Seat - Wooden Battens - Type 2 - Queen Victoria Gardens,street_furniture,Seat,,4.0,-37.821831738191946,144.97309741347254,street_furniture_clean.csv
furniture-1119516,Seat - Straight Seat - Wooden Battens - Type 2 - Powlett Reserve,street_furniture,Seat,,4.0,-37.81115561516513,144.98630383874385,street_furniture_clean.csv
furniture-1119520,Seat - Straight Seat - Wooden Battens - Type 2 - Powlett Reserve,street_furniture,Seat,,4.0,-37.81175542192577,144.9865557309793,street_furniture_clean.csv
furniture-1119211,Seat - Straight Seat - Wooden Battens - Type 2 - Princes Park,street_furniture,Seat,,4.0,-37.78153894328481,144.96117157650698,street_furniture_clean.csv
furniture-1119542,Seat - Straight Seat - Wooden Battens - Type 2 - Fitzroy Gardens,street_furniture,Seat,,4.0,-37.8138637932922,144.98262635401554,street_furniture_clean.csv
furniture-1119547,Seat - Straight Seat - Wooden Battens - Type 2 - Grant Street (SOUTHBANK),street_furniture,Seat,,3.0,-37.82611760732532,144.96817044962913,street_furniture_clean.csv
furniture-1119556,Seat - Straight Seat - Wooden Battens - Type 2 - Birrarung Marr,street_furniture,Seat,,3.0,-37.818669977631934,144.97084337302965,street_furniture_clean.csv
furniture-1119560,Seat - Straight Seat - Wooden Battens - Type 2 - Darling Square,street_furniture,Seat,,3.0,-37.81288412832362,144.9895397129935,street_furniture_clean.csv
furniture-1119563,Seat - Straight Seat - Wooden Battens - Type 2 - Kings Domain South,street_furniture,Seat,,4.0,-37.83313265543267,144.97964546783183,street_furniture_clean.csv
furniture-1119582,Seat - Straight Seat - Wooden Battens - Type 2 - Fawkner Park,street_furniture,Seat,,4.0,-37.84489397210573,144.9808426545424,street_furniture_clean.csv
furniture-1119620,Seat - Straight Seat - Wooden Battens - Type 2 - Royal Society,street_furniture,Seat,,4.0,-37.80779881020467,144.96897210538518,street_furniture_clean.csv
furniture-1119647,Seat - Straight Seat - Wooden Battens - Type 2 - Fitzroy Gardens,street_furniture,Seat,,4.0,-37.8150078970564,144.97761799138027,street_furniture_clean.csv
furniture-1119689,Seat - Straight Seat - Wooden Battens - Type 2 - Darling Square,street_furniture,Seat,,4.0,-37.813253479384734,144.98879315200526,street_furniture_clean.csv
furniture-1119697,Seat - Straight Seat - Wooden Battens - Type 2 - Enterprize Park,street_furniture,Seat,,4.0,-37.82046627047802,144.9591782517362,street_furniture_clean.csv
furniture-1119710,Seat - Straight Seat - Wooden Battens - Type 2 - Flagstaff Gardens,street_furniture,Seat,,4.0,-37.81059968195403,144.9548681232115,street_furniture_clean.csv
furniture-1119718,Seat - Straight Seat - Wooden Battens - Type 2 - Fitzroy Gardens,street_furniture,Seat,,4.0,-37.81260012009198,144.98277127826717,street_furniture_clean.csv
furniture-1450092,Seat - Handrail Steps and Seating Wall,street_furniture,Seat,,3.45,-37.813324689119945,144.96652040695577,street_furniture_clean.csv
furniture-1454503,Seat - Stainless Steel Straight Seat,street_furniture,Seat,,3.44,-37.81533824350698,144.9590181157963,street_furniture_clean.csv
furniture-1462418,Seat - Stainless Steel Bench - Docklands,street_furniture,Seat,,3.44,-37.82003140627521,144.94390557512483,street_furniture_clean.csv
furniture-1475058,Seat - Stainless Steel Straight Seat,street_furniture,Seat,,2.45,-37.81301815117915,144.96765032073992,street_furniture_clean.csv
furniture-1119457,Seat - Straight Seat - Wooden Battens - Type 2 - Wellington Park,street_furniture,Seat,,3.0,-37.81622388143549,144.97854311802,street_furniture_clean.csv
furniture-1075283,Drinking Fountain - Stainless Steel Drinking Fountain - Leaf Type - Bottle Refill Tap,street_furniture,Drinking Fountain,,3.37,-37.83463602099828,144.97488441712127,street_furniture_clean.csv
furniture-1078749,Seat - Stainless Steel Seat - 6m & LED lights,street_furniture,Seat,,3.45,-37.81363118331491,144.96512263094448,street_furniture_clean.csv
furniture-1078900,Seat - Flat Bench Seat on Service Box - Type 2,street_furniture,Seat,,3.04,-37.803467449125385,144.95234447239145,street_furniture_clean.csv
furniture-1078931,Seat - Metal Seat - Park Type,street_furniture,Seat,,1.66,-37.81979788059254,144.9624413970053,street_furniture_clean.csv
furniture-1078959,Seat - Metal Semi-circular Seats,street_furniture,Seat,,3.17,-37.80249070182188,144.96675320324326,street_furniture_clean.csv
furniture-1078968,Seat - Metal Bench,street_furniture,Seat,,3.16,-37.80739184160306,144.95866890112205,street_furniture_clean.csv
furniture-1079012,Seat - Metal Bench,street_furniture,Seat,,4.12,-37.816197512338846,144.9698083854505,street_furniture_clean.csv
furniture-1079023,Seat - Metal Bench,street_furniture,Seat,,3.12,-37.81011600061737,144.96113927570042,street_furniture_clean.csv
furniture-1079154,Seat - Metal Bench,street_furniture,Seat,,3.11,-37.81301089823526,144.95683739312858,street_furniture_clean.csv
furniture-1079211,Seat - Stainless Steel Straight Seat,street_furniture,Seat,,3.42,-37.81641198856322,144.96990747401108,street_furniture_clean.csv
furniture-1079263,Seat - Metal Seat,street_furniture,Seat,,1.93,-37.81710126401749,144.98839336132818,street_furniture_clean.csv
furniture-1079285,Seat - Metal Seat,street_furniture,Seat,,2.57,-37.82697310055466,144.90281656948568,street_furniture_clean.csv
furniture-1079335,Seat - Metal Seat,street_furniture,Seat,,3.13,-37.79960410925025,144.95316360772543,street_furniture_clean.csv
furniture-1079355,Seat - Metal Seat,street_furniture,Seat,,3.05,-37.83402505924638,144.9822815464456,street_furniture_clean.csv
furniture-1079774,Seat - Metal Seat,street_furniture,Seat,,1.0,-37.79585503648968,144.94145325360367,street_furniture_clean.csv
furniture-1079815,Seat - Metal Seat,street_furniture,Seat,,3.11,-37.81477489973674,144.9604524388237,street_furniture_clean.csv
furniture-1079823,Seat - Metal Seat,street_furniture,Seat,,3.1,-37.79725216967866,144.96701519072755,street_furniture_clean.csv
furniture-1079835,Seat - Metal Seat,street_furniture,Seat,,2.86,-37.7914819702068,144.9214065160861,street_furniture_clean.csv
furniture-1079837,Seat - Metal Seat,street_furniture,Seat,,2.86,-37.79142687221599,144.92106749691936,street_furniture_clean.csv
furniture-1079908,Seat - Straight Seat - Wooden Battens - Type 2,street_furniture,Seat,,1.0,-37.79509089770601,144.95409029506814,street_furniture_clean.csv
furniture-1079911,Seat - Straight Seat - Wooden Battens - Type 2,street_furniture,Seat,,1.0,-37.83166149186047,144.9775096319326,street_furniture_clean.csv
furniture-1079942,Seat - Straight Seat - Wooden Battens - Type 2,street_furniture,Seat,,2.86,-37.81324909387266,144.98880020023202,street_furniture_clean.csv
furniture-1079962,Seat - Straight Seat - Wooden Battens - Type 3,street_furniture,Seat,,2.01,-37.80733094310415,144.95862332725778,street_furniture_clean.csv
furniture-1110856,Barbeque - Urban Design Single Hotplate,street_furniture,Barbeque,,3.0,-37.82009381572264,144.97510314880833,street_furniture_clean.csv
furniture-1515818,Seat - Metal Bench,street_furniture,Seat,,4.16,-37.81076026604302,144.96447380192342,street_furniture_clean.csv
furniture-1546797,Seat - Unclassified,street_furniture,Seat,,4.0,-37.79945995125001,144.95068331694196,street_furniture_clean.csv
furniture-1600522,Drinking Fountain - Stainless Steel Drinking Fountain - Leaf Type - Neill Street Reserve,street_furniture,Drinking Fountain,,4.0,-37.795594738274296,144.9691367333386,street_furniture_clean.csv
furniture-1600533,Seat - Straight Seat - Wooden Battens - Type 2 - Neill Street Reserve,street_furniture,Seat,,5.0,-37.79477366313751,144.97072016947868,street_furniture_clean.csv
furniture-1600546,Seat - Straight Seat - Wooden Battens - Type 2 - Neill Street Reserve,street_furniture,Seat,,3.0,-37.79512377513967,144.9698105822568,street_furniture_clean.csv
furniture-1606143,Drinking Fountain - Stainless Steel Drinking Fountain - Leaf Type - Bottle Refill Tap,street_furniture,Drinking Fountain,,4.44,-37.811468256332006,144.96175067722208,street_furniture_clean.csv
furniture-1597430,Seat - Straight Seat - Wooden Battens,street_furniture,Seat,,2.99,-37.78961091087554,144.96189087656865,street_furniture_clean.csv
furniture-1589235,Seat - Five Sided Platform - Royal Park,street_furniture,Seat,,3.0,-37.79533124894314,144.95179917996657,street_furniture_clean.csv
furniture-1633462,Seat - Straight Seat - Wooden Battens - Type 2 - Ron Barassi Senior Park,street_furniture,Seat,,4.0,-37.81737949247961,144.93343364653072,street_furniture_clean.csv
furniture-1633477,Seat - Five Sided Platform - Ron Barassi Senior Park,street_furniture,Seat,,4.0,-37.8163787112257,144.93358594683008,street_furniture_clean.csv
furniture-1633820,Seat - Straight Seat - Wooden Battens - Type 2 - Sturt Street Reserve,street_furniture,Seat,,3.0,-37.82967213683541,144.9645773568123,street_furniture_clean.csv
furniture-1641986,Seat - Flat Bench Seat - L Shaped,street_furniture,Seat,,3.0,-37.79971609397699,144.95650874071833,street_furniture_clean.csv
furniture-1645353,Seat - Modular Style - Docklands Park,street_furniture,Seat,,4.0,-37.82105614370485,144.9467207798589,street_furniture_clean.csv
furniture-1664551,Seat - Stainless Steel Straight Seat,street_furniture,Seat,,3.45,-37.81753738938488,144.96454210629642,street_furniture_clean.csv
furniture-1719686,Seat - Straight Seat - Wooden Battens - Type 2 - Royal Park,street_furniture,Seat,,4.0,-37.79197401282005,144.95023539398176,street_furniture_clean.csv
furniture-1720357,Drinking Fountain - Leaf Type - Dog Bowl - Stockmans Way,street_furniture,Drinking Fountain,,4.0,-37.79403468455117,144.91961812395766,street_furniture_clean.csv
furniture-1658030,Seat - Metal Bench,street_furniture,Seat,,4.01,-37.806973943458026,144.96297647903586,street_furniture_clean.csv
furniture-1431560,Barbeque - Urban Design Double Hotplate,street_furniture,Barbeque,,4.0,-37.82768003600854,144.98241701976517,street_furniture_clean.csv
furniture-1753310,Seat - Unclassified - New Quay Central Park,street_furniture,Seat,,4.0,-37.814752753391744,144.93859493577426,street_furniture_clean.csv
furniture-1755051,Picnic Setting - Urban Design Style - Gardiner Reserve,street_furniture,Picnic Setting,,5.0,-37.79909172362479,144.94339927137744,street_furniture_clean.csv
furniture-1757698,Drinking Fountain - Stainless Steel Drinking Fountain - Leaf Type - Royal Park,street_furniture,Drinking Fountain,,4.0,-37.7802053636393,144.95293574839906,street_furniture_clean.csv
furniture-1767915,Drinking Fountain - Leaf Type - With Bottle Refill Tap - Flagstaff Gardens,street_furniture,Drinking Fountain,,5.0,-37.81043106640399,144.95558395492208,street_furniture_clean.csv
furniture-1768806,Seat - Stainless Steel Straight Seat,street_furniture,Seat,,4.73,-37.79308048851205,144.9749429848278,street_furniture_clean.csv
furniture-1759480,Picnic Setting - unspecified - Riverside Quay (SOUTHBANK),street_furniture,Picnic Setting,,4.0,-37.82106771999306,144.96408726340655,street_furniture_clean.csv
furniture-1769871,Seat - Straight Seat - Wooden Battens - Type 2 - University Square,street_furniture,Seat,,5.0,-37.80122566291613,144.96063680097006,street_furniture_clean.csv
furniture-1769885,Seat - Unclassified - University Square,street_furniture,Seat,,5.0,-37.80176375676872,144.96074613775968,street_furniture_clean.csv
furniture-1769901,Seat - Timber Bench - University Square,street_furniture,Seat,,5.0,-37.80073761044946,144.96045612752823,street_furniture_clean.csv
furniture-1771665,Seat - Wooden Bench - Womens Peace Garden,street_furniture,Seat,,3.0,-37.79085007211799,144.9242833917224,street_furniture_clean.csv
furniture-1771698,Drinking Fountain - Leaf Type - Dog Bowl  - Princes Park,street_furniture,Drinking Fountain,,4.0,-37.7914165845557,144.96125460876374,street_furniture_clean.csv
furniture-1771978,Information Pillar - Information Hub Pillar,street_furniture,Information Pillar,,3.73,-37.81172384430269,144.96760641393948,street_furniture_clean.csv
furniture-1775806,Seat - Timber Bench - Boyd Community Hub,street_furniture,Seat,,5.0,-37.82602169398117,144.96146969657443,street_furniture_clean.csv
furniture-1769913,Seat - Timber Bench - University Square,street_furniture,Seat,,5.0,-37.801427514485965,144.96059967486605,street_furniture_clean.csv
furniture-1771634,Seat - Straight Seat - Wooden Battens - Type 2 - Robertson Street Reserve,street_furniture,Seat,,3.0,-37.793294950254925,144.9324183388538,street_furniture_clean.csv
furniture-1771637,Seat - Straight Seat - Wooden Battens - Type 2 - Newmarket Reserve,street_furniture,Seat,,3.0,-37.78807192883846,144.9220498621643,street_furniture_clean.csv
furniture-1786713,Drinking Fountain - Leaf Type - Dog Bowl  - Riverside Park,street_furniture,Drinking Fountain,,5.0,-37.79451455017051,144.9159122539464,street_furniture_clean.csv
furniture-1806223,Picnic Setting - Urban Design Style - Southbank Boulevard (SOUTHBANK),street_furniture,Picnic Setting,,5.0,-37.82343713897669,144.96618628410965,street_furniture_clean.csv
furniture-1796549,Seat - Unclassified - East Melbourne Library,street_furniture,Seat,,3.0,-37.8152445306169,144.98637732726544,street_furniture_clean.csv
furniture-1796984,Seat - Stainless Steel Straight Seat,street_furniture,Seat,,5.0,-37.80955700891791,144.9583623319045,street_furniture_clean.csv
furniture-1631171,Seat - Timber Bench - Keppel Street Park,street_furniture,Seat,,3.0,-37.79466667525313,144.96589239216237,street_furniture_clean.csv
furniture-1078769,Seat - Stainless Steel Seat - Fixed,street_furniture,Seat,,4.45,-37.81376503421036,144.96510850497492,street_furniture_clean.csv
furniture-1078770,Seat - Stainless Steel Seat - Fixed,street_furniture,Seat,,3.45,-37.813750850024825,144.96512729667887,street_furniture_clean.csv
furniture-1078776,Seat - Stainless Steel Seat - Fixed,street_furniture,Seat,,3.45,-37.81363927923383,144.96503834921683,street_furniture_clean.csv
furniture-1509498,Seat - Metal Seat - Drill Hall,street_furniture,Seat,,3.0,-37.80667927688511,144.96101970274358,street_furniture_clean.csv
furniture-1078954,Seat - Metal Semi-circular Seats,street_furniture,Seat,,3.17,-37.79986259770154,144.96719699822415,street_furniture_clean.csv
furniture-1078969,Seat - Stainless Steel Straight Seat,street_furniture,Seat,,3.4,-37.8123221578905,144.97008402929256,street_furniture_clean.csv
furniture-1078971,Seat - Stainless Steel Straight Seat,street_furniture,Seat,,3.42,-37.81300443197088,144.9708469745756,street_furniture_clean.csv
furniture-1079021,Seat - Metal Bench,street_furniture,Seat,,3.11,-37.81788653664261,144.95907765679652,street_furniture_clean.csv
furniture-1079087,Seat - Stainless Steel Straight Seat,street_furniture,Seat,,3.4,-37.80853844466204,144.96879145517016,street_furniture_clean.csv
furniture-1079091,Seat - Metal Bench,street_furniture,Seat,,2.98,-37.79692640956776,144.95547026945354,street_furniture_clean.csv
furniture-1079160,Seat - Stainless Steel Seat - Fixed,street_furniture,Seat,,3.22,-37.81352267460264,144.95839598568713,street_furniture_clean.csv
furniture-1079205,Seat - Metal Seat,street_furniture,Seat,,3.14,-37.79356485364659,144.9184474179093,street_furniture_clean.csv
furniture-1079218,Seat - Metal Seat,street_furniture,Seat,,3.11,-37.81913001533112,144.95684031926805,street_furniture_clean.csv
furniture-1079248,Seat - Metal Seat,street_furniture,Seat,,3.08,-37.80656216599398,144.96606112235904,street_furniture_clean.csv
furniture-1079304,Seat - Stainless Steel Straight Seat,street_furniture,Seat,,2.4,-37.81183153482208,144.96340252276684,street_furniture_clean.csv
furniture-1079336,Seat - Metal Seat,street_furniture,Seat,,3.13,-37.79992527681264,144.95275337613117,street_furniture_clean.csv
furniture-1079458,Seat - Metal Seat,street_furniture,Seat,,3.16,-37.81991749695388,144.966284720127,street_furniture_clean.csv
furniture-1079543,Seat - Metal Seat,street_furniture,Seat,,1.16,-37.82022002099115,144.96445943494172,street_furniture_clean.csv
furniture-1079571,Seat - Metal Seat,street_furniture,Seat,,3.16,-37.81686571721588,144.96736281170902,street_furniture_clean.csv
furniture-1079590,Seat - Metal Seat,street_furniture,Seat,,2.86,-37.83658900243181,144.98679844771095,street_furniture_clean.csv
furniture-1079638,Seat - Metal Seat,street_furniture,Seat,,1.12,-37.8069359336758,144.96001038249793,street_furniture_clean.csv
furniture-1079687,Seat - Metal Seat,street_furniture,Seat,,3.16,-37.81982142853767,144.96667588048564,street_furniture_clean.csv
furniture-1079689,Seat - Metal Seat,street_furniture,Seat,,1.16,-37.81973889177696,144.96727149517116,street_furniture_clean.csv
furniture-1079747,Seat - Stainless Steel Seat - Fixed,street_furniture,Seat,,3.45,-37.81849684810568,144.9634255181246,street_furniture_clean.csv
furniture-1079750,Seat - Metal Seat,street_furniture,Seat,,3.09,-37.81229765789013,144.95412006701835,street_furniture_clean.csv
furniture-1079806,Seat - Metal Seat,street_furniture,Seat,,3.04,-37.80173348687379,144.9498629277771,street_furniture_clean.csv
furniture-1079827,Seat - Stainless Steel Straight Seat,street_furniture,Seat,,3.42,-37.81612439658494,144.9839626351054,street_furniture_clean.csv
furniture-1079851,Seat - Metal Seat,street_furniture,Seat,,3.11,-37.81820691805821,144.95641830051892,street_furniture_clean.csv
furniture-1079877,Seat - Older Style Park Seat - Timber Slats,street_furniture,Seat,,3.12,-37.80760294367634,144.96896452354426,street_furniture_clean.csv
furniture-1573368,Seat - Stainless Steel Straight Seat,street_furniture,Seat,,3.45,-37.81713722411101,144.9612320275104,street_furniture_clean.csv
furniture-1569663,Seat - Straight Seat - Wooden Battens - Type 2 - Shrine of Remembrance Reserve,street_furniture,Seat,,4.0,-37.83092831660034,144.9741301266954,street_furniture_clean.csv
furniture-1560258,Information Pillar - Information Hub Pillar,street_furniture,Information Pillar,,3.25,-37.810907258622045,144.95735531023473,street_furniture_clean.csv
furniture-1579963,Seat - Unclassified - Fitzroy Gardens,street_furniture,Seat,,4.0,-37.815237039696726,144.97941689998706,street_furniture_clean.csv
furniture-1579969,Seat - Straight Seat - Wooden Battens - Type 2,street_furniture,Seat,,4.0,-37.81520081190247,144.979884314923,street_furniture_clean.csv
furniture-1578248,Seat - Stainless Steel Straight Seat,street_furniture,Seat,,3.44,-37.82196069991186,144.9376900340499,street_furniture_clean.csv
furniture-1589232,Picnic Setting - Urban Design Style - Royal Park,street_furniture,Picnic Setting,,4.0,-37.795351635602806,144.9520957043351,street_furniture_clean.csv
furniture-1589316,Seat - Stainless Steel Bench - Docklands,street_furniture,Seat,,3.44,-37.82111690906044,144.9442485288996,street_furniture_clean.csv
furniture-1589921,Drinking Fountain - Stainless Steel Drinking Fountain - Leaf Type - Bottle Refill Tap,street_furniture,Drinking Fountain,,2.0,-37.81276680167682,144.9815543655956,street_furniture_clean.csv
furniture-1589924,Drinking Fountain - Stainless Steel Drinking Fountain - Leaf Type - Bottle Refill Tap,street_furniture,Drinking Fountain,,3.39,-37.811005097961136,144.95862163735288,street_furniture_clean.csv
furniture-1590040,Seat - Straight Seat - Wooden Battens - Type 2 - Clayton Reserve,street_furniture,Seat,,3.0,-37.7963743706555,144.9388043118538,street_furniture_clean.csv
furniture-1590045,Seat - Timber Bench - Clayton Reserve,street_furniture,Seat,,3.0,-37.7962955672341,144.93911608526372,street_furniture_clean.csv
furniture-1569713,Picnic Setting - Urban Design Style - Fawkner Park,street_furniture,Picnic Setting,,4.0,-37.83926727619596,144.98081975183328,street_furniture_clean.csv
furniture-1589752,Seat - Metal Seat - Reeves Street Park,street_furniture,Seat,,4.0,-37.793461757824026,144.9704971436713,street_furniture_clean.csv
furniture-1119529,Seat - Straight Seat - Wooden Battens - Type 2 - Shrine of Remembrance Reserve,street_furniture,Seat,,4.0,-37.828407736723456,144.97258094131857,street_furniture_clean.csv
furniture-1119893,Seat - Metal Seat - Central Park Kensington,street_furniture,Seat,,4.0,-37.79435870581046,144.91974337969066,street_furniture_clean.csv
furniture-1075231,Drinking Fountain - Stainless Steel Drinking Fountain - Leaf Type - Bottle Refill Tap,street_furniture,Drinking Fountain,,3.44,-37.82099191418598,144.9617423793966,street_furniture_clean.csv
furniture-1075232,Drinking Fountain - Drinking Fountain - Monument Style Type 2,street_furniture,Drinking Fountain,,1.28,-37.79825505675542,144.9705660670761,street_furniture_clean.csv
furniture-1075240,Drinking Fountain - Old Style Steel Drinking Fountain,street_furniture,Drinking Fountain,,1.48,-37.816927072109706,144.9837045105586,street_furniture_clean.csv
furniture-1075269,Drinking Fountain - Drinking Fountain - Type 1,street_furniture,Drinking Fountain,,2.21,-37.81099949197208,144.99096539168528,street_furniture_clean.csv
furniture-1075292,Drinking Fountain - Stainless Steel Drinking Fountain - Leaf Type - Bottle Refill Tap,street_furniture,Drinking Fountain,,3.41,-37.81803793542333,144.9566252834487,street_furniture_clean.csv
furniture-1075303,Drinking Fountain - Stainless Steel Drinking Fountain - Leaf Type,street_furniture,Drinking Fountain,,3.34,-37.807863918393416,144.96107434937468,street_furniture_clean.csv
furniture-1431563,Picnic Setting - Urban Design Style,street_furniture,Picnic Setting,,3.0,-37.82749795896605,144.98178902788183,street_furniture_clean.csv
furniture-1078741,Seat - Stainless Steel Seat - 3m & LED lights,street_furniture,Seat,,2.45,-37.81362090423123,144.9651014439627,street_furniture_clean.csv
furniture-1078757,Seat - Stainless Steel Seat - Fixed,street_furniture,Seat,,4.45,-37.81384854428377,144.96480961760355,street_furniture_clean.csv
furniture-1078760,Seat - Stainless Steel Seat - Fixed,street_furniture,Seat,,3.45,-37.81382034359712,144.96487775336763,street_furniture_clean.csv
furniture-1078762,Seat - Stainless Steel Seat - Fixed,street_furniture,Seat,,2.45,-37.81381629689388,144.96489910659187,street_furniture_clean.csv
furniture-1078763,Seat - Stainless Steel Seat - Fixed,street_furniture,Seat,,3.45,-37.8138245074428,144.96489967627713,street_furniture_clean.csv
furniture-1078764,Seat - Stainless Steel Seat - Fixed,street_furniture,Seat,,3.45,-37.81377343248676,144.96504693359554,street_furniture_clean.csv
furniture-1078767,Seat - Stainless Steel Seat - Fixed,street_furniture,Seat,,3.45,-37.81377655857085,144.96507138406608,street_furniture_clean.csv
furniture-1078771,Seat - Stainless Steel Seat - Fixed,street_furniture,Seat,,3.45,-37.813761606215664,144.9651291596185,street_furniture_clean.csv
furniture-1078803,Seat - Stainless Steel Seat - Swivel,street_furniture,Seat,,4.45,-37.8140163081393,144.96416638268198,street_furniture_clean.csv
furniture-1078809,Seat - Stainless Steel Seat - Fixed,street_furniture,Seat,,3.45,-37.81396337178,144.9639088419169,street_furniture_clean.csv
furniture-1078892,Seat - Stainless Steel Straight Seat,street_furniture,Seat,,1.37,-37.81180500363332,144.97185351736053,street_furniture_clean.csv
furniture-1078895,Seat - Metal Bench on electrical control box,street_furniture,Seat,,2.17,-37.81469486148164,144.9632109200721,street_furniture_clean.csv
furniture-1078929,Seat - Metal Seat - Park Type,street_furniture,Seat,,1.66,-37.81989502093747,144.96207133227497,street_furniture_clean.csv
furniture-1078935,Seat - Metal Seat - Park Type,street_furniture,Seat,,2.99,-37.81992094429862,144.96158541908974,street_furniture_clean.csv
furniture-1078947,Seat - Metal Semi-circular Seats,street_furniture,Seat,,2.17,-37.79926485294505,144.96707210275818,street_furniture_clean.csv
furniture-1078991,Seat - Metal Bench,street_furniture,Seat,,2.01,-37.80768346548256,144.961686422883,street_furniture_clean.csv
furniture-1079024,Seat - Metal Bench,street_furniture,Seat,,3.12,-37.80650195760117,144.95937240501158,street_furniture_clean.csv
furniture-1514841,Seat - Metal Bench,street_furniture,Seat,,4.16,-37.81228950645121,144.96516923867262,street_furniture_clean.csv
furniture-1079029,Seat - Metal Bench,street_furniture,Seat,,3.17,-37.81660889184817,144.96302994412832,street_furniture_clean.csv
furniture-1079039,Seat - Stainless Steel Straight Seat,street_furniture,Seat,,3.4,-37.809883097077176,144.96971147199838,street_furniture_clean.csv
furniture-1079056,Seat - Metal Bench,street_furniture,Seat,,3.03,-37.805582862059886,144.9543143742508,street_furniture_clean.csv
furniture-1079061,Seat - Metal Bench,street_furniture,Seat,,3.16,-37.81623268362131,144.95592327610012,street_furniture_clean.csv
furniture-1079086,Seat - Stainless Steel Straight Seat,street_furniture,Seat,,3.38,-37.8083448976338,144.96849518884096,street_furniture_clean.csv
furniture-1079096,Seat - Stainless Steel Straight Seat,street_furniture,Seat,,3.38,-37.809648724668016,144.9641280126053,street_furniture_clean.csv
furniture-1079121,Seat - Metal Bench,street_furniture,Seat,,3.16,-37.807233906675,144.9591443964552,street_furniture_clean.csv
furniture-1079123,Seat - Metal Bench,street_furniture,Seat,,3.11,-37.80816091291211,144.95771825267093,street_furniture_clean.csv
furniture-1079148,Seat - Metal Seat,street_furniture,Seat,,3.1,-37.81221656046328,144.9697611405267,street_furniture_clean.csv
furniture-1079150,Seat - Metal Bench,street_furniture,Seat,,3.1,-37.81908254106896,144.95842069681504,street_furniture_clean.csv
furniture-1079153,Seat - Metal Bench,street_furniture,Seat,,3.11,-37.81333497090972,144.9569833996736,street_furniture_clean.csv
furniture-1079165,Seat - Metal Seat,street_furniture,Seat,,1.13,-37.81159207037275,144.9701964888579,street_furniture_clean.csv
furniture-1079210,Seat - Metal Seat,street_furniture,Seat,,2.12,-37.81607395888467,144.96975076856071,street_furniture_clean.csv
furniture-1079368,Seat - Metal Seat,street_furniture,Seat,,3.06,-37.84546192454369,144.98250544204635,street_furniture_clean.csv
furniture-1079369,Seat - Metal Seat,street_furniture,Seat,,3.06,-37.84539192842017,144.98194436290956,street_furniture_clean.csv
furniture-1079371,Seat - Metal Seat,street_furniture,Seat,,3.14,-37.80515631898973,144.95046792628952,street_furniture_clean.csv
furniture-1079374,Seat - Metal Seat,street_furniture,Seat,,3.14,-37.80536468961675,144.9503602832602,street_furniture_clean.csv
furniture-1079393,Seat - Metal Seat,street_furniture,Seat,,3.11,-37.81331675742577,144.9597738645715,street_furniture_clean.csv
furniture-1079404,Seat - Stainless Steel Straight Seat,street_furniture,Seat,,3.42,-37.81108990957264,144.96746272737124,street_furniture_clean.csv
furniture-1079415,Seat - Metal Seat,street_furniture,Seat,,3.16,-37.81259959769097,144.96155315011316,street_furniture_clean.csv
furniture-1079445,Seat - Metal Seat,street_furniture,Seat,,3.16,-37.82008218865087,144.96529116551258,street_furniture_clean.csv
furniture-1079449,Seat - Metal Seat,street_furniture,Seat,,3.16,-37.82003124741774,144.96557134780576,street_furniture_clean.csv
furniture-1079452,Seat - Metal Seat,street_furniture,Seat,,3.16,-37.82000581817124,144.96572688776604,street_furniture_clean.csv
furniture-1079455,Seat - Metal Seat,street_furniture,Seat,,3.16,-37.81992991452883,144.966179296045,street_furniture_clean.csv
furniture-1079464,Seat - Metal Seat,street_furniture,Seat,,3.16,-37.819850048492526,144.96674155303555,street_furniture_clean.csv
furniture-1079514,Seat - Metal Seat,street_furniture,Seat,,3.16,-37.82044103800157,144.96360235336496,street_furniture_clean.csv
furniture-1115245,Drinking Fountain - Treated Timber Drinking Fountain - Miles & Dodds Street Reserve,street_furniture,Drinking Fountain,,3.0,-37.82867398659136,144.9672264971803,street_furniture_clean.csv
furniture-1313517,Seat - Stainless Steel Straight Seat,street_furniture,Seat,,3.4,-37.81376792609864,144.97149127668663,street_furniture_clean.csv
furniture-1119338,Seat - Straight Seat - Wooden Battens - Type 2 - Queen Victoria Gardens,street_furniture,Seat,,3.0,-37.82193943344675,144.97286736727537,street_furniture_clean.csv
furniture-1313884,Seat - Stainless Steel Bench - Docklands,street_furniture,Seat,,2.44,-37.8194076352022,144.9448874824514,street_furniture_clean.csv
furniture-1313891,Seat - Stainless Steel Straight Seat,street_furniture,Seat,,4.45,-37.815666898994536,144.96368675558475,street_furniture_clean.csv
furniture-1120107,Seat - Metal Bench - North Melbourne Recreation Reserve,street_furniture,Seat,,3.0,-37.79986429190485,144.9432903915466,street_furniture_clean.csv
furniture-1120133,Seat - Older Style Park Seat - Metal - Murchison Square,street_furniture,Seat,,3.0,-37.80009942673296,144.97286927560788,street_furniture_clean.csv
furniture-1120137,Seat - Older Style Park Seat - Metal - Murchison Square,street_furniture,Seat,,4.0,-37.80033766855348,144.97280995028188,street_furniture_clean.csv
furniture-1120168,Seat - Wooden Slats Set in Bluestone - Alexandra Park,street_furniture,Seat,,3.0,-37.81964144753258,144.97229769839518,street_furniture_clean.csv
furniture-1120169,Seat - Wooden Slats Set in Bluestone - Alexandra Gardens,street_furniture,Seat,,3.0,-37.81968634734484,144.97248732303743,street_furniture_clean.csv
furniture-1120171,Seat - Wooden Slats Set in Bluestone - Alexandra Park,street_furniture,Seat,,3.0,-37.81956875378478,144.97190184995446,street_furniture_clean.csv
furniture-1120191,Seat - Alloy Frame and Narrow Wooden Slats - Birrarung Marr,street_furniture,Seat,,4.0,-37.8186967392495,144.97214042591852,street_furniture_clean.csv
furniture-1120200,Seat - Alloy Frame and Narrow Wooden Slats - Birrarung Marr,street_furniture,Seat,,4.0,-37.81864877841876,144.97175219853844,street_furniture_clean.csv
furniture-1120217,Seat - Straight Seat - Wooden Battens - Type 2 - Alexandra Park,street_furniture,Seat,,3.0,-37.819727906321575,144.9728179074206,street_furniture_clean.csv
furniture-1120237,Seat - Stainless Frame with Narrow Wooden Slats (Back to Back) - Argyle Square,street_furniture,Seat,,3.0,-37.80228126346627,144.96606931106987,street_furniture_clean.csv
furniture-1120239,Seat - Metal Seat - Park Type - Birrarung Marr,street_furniture,Seat,,3.0,-37.81877201100274,144.96941748914094,street_furniture_clean.csv
furniture-1120279,Seat - Metal Seat - Gordon Reserve,street_furniture,Seat,,3.0,-37.81208694535184,144.97428052375238,street_furniture_clean.csv
furniture-1283653,Barbeque - Urban Design Double Hotplate,street_furniture,Barbeque,,3.0,-37.797946142132304,144.92142020526532,street_furniture_clean.csv
furniture-1360378,Seat - Straight Seat - Wooden Battens - Type 2 - Fitzroy Gardens,street_furniture,Seat,,3.0,-37.81370004235027,144.9805440860949,street_furniture_clean.csv
furniture-1119491,Seat - Straight Seat - Wooden Battens - Type 2 - Fitzroy Gardens,street_furniture,Seat,,3.0,-37.81154734660249,144.9784036248243,street_furniture_clean.csv
furniture-1360451,Seat - Metal Bench - Racecourse Road (KENSINGTON),street_furniture,Seat,,3.0,-37.7880525747035,144.92692947289942,street_furniture_clean.csv
furniture-1360452,Seat - Metal Bench - Racecourse Road (KENSINGTON),street_furniture,Seat,,3.0,-37.788043984677856,144.92684080028198,street_furniture_clean.csv
furniture-1119551,Seat - Straight Seat - Wooden Battens - Type 2 - Fawkner Park,street_furniture,Seat,,4.0,-37.84521178989046,144.98324354964706,street_furniture_clean.csv
furniture-1119590,Seat - Straight Seat - Wooden Battens - Type 2 - Treasury Gardens,street_furniture,Seat,,4.0,-37.8144397475161,144.97479963583635,street_furniture_clean.csv
furniture-1119591,Seat - Straight Seat - Wooden Battens - Type 2 - Carlton Gardens North,street_furniture,Seat,,3.0,-37.80193126001596,144.97105387912464,street_furniture_clean.csv
furniture-1119684,Seat - Straight Seat - Wooden Battens - Type 2 - Birrarung Marr,street_furniture,Seat,,4.0,-37.818696088823295,144.97167888000072,street_furniture_clean.csv
furniture-1119882,Seat - Metal Seat - Lygon St Type - Argyle Square,street_furniture,Seat,,3.0,-37.80274343306328,144.96559198768787,street_furniture_clean.csv
furniture-1361433,Seat - Metal Bench,street_furniture,Seat,,1.25,-37.78975379712827,144.9247488797367,street_furniture_clean.csv
furniture-1361434,Drinking Fountain - Drinking Fountain - Type 1,street_furniture,Drinking Fountain,,2.39,-37.78942634033224,144.92521601291634,street_furniture_clean.csv
furniture-1361469,Seat - Metal Bench,street_furniture,Seat,,1.25,-37.79014696224929,144.92416498373328,street_furniture_clean.csv
furniture-1120115,Seat - Metal Seat - Royal Park,street_furniture,Seat,,4.0,-37.78534279166223,144.95349516408538,street_furniture_clean.csv
furniture-1313835,Seat - Metal Seat,street_furniture,Seat,,3.16,-37.81891529094608,144.96705132303177,street_furniture_clean.csv
furniture-1312955,Information Pillar - Poster Pillar - COM,street_furniture,Information Pillar,,2.97,-37.80711379698014,144.95966541792285,street_furniture_clean.csv
furniture-1313165,Seat - Stainless Steel Straight Seat,street_furniture,Seat,,3.44,-37.82122319239744,144.96176532681432,street_furniture_clean.csv
furniture-1313399,Drinking Fountain - Stainless Steel Drinking Fountain - Old Docklands Type,street_furniture,Drinking Fountain,,3.44,-37.815397268276,144.9405619842941,street_furniture_clean.csv
furniture-1431554,Drinking Fountain - Treated Timber Drinking Fountain - Sturt Street Reserve,street_furniture,Drinking Fountain,,4.0,-37.829762043290245,144.9650239066239,street_furniture_clean.csv
furniture-1313953,Seat - Stainless Steel Straight Seat,street_furniture,Seat,,3.45,-37.81879416193295,144.96320763736065,street_furniture_clean.csv
furniture-1442753,Seat - Stainless Steel Straight Seat,street_furniture,Seat,,3.41,-37.818410851423415,144.95401558185532,street_furniture_clean.csv
furniture-1361431,Seat - Metal Bench,street_furniture,Seat,,1.25,-37.78977770424119,144.9247656985331,street_furniture_clean.csv
furniture-1360425,Seat - Straight Seat - Wooden Battens - Type 2 - Parkville Gardens,street_furniture,Seat,,3.0,-37.779050784038034,144.93938566581082,street_furniture_clean.csv
furniture-1360427,Seat - Straight Seat - Wooden Battens - Type 2 - Parkville Gardens,street_furniture,Seat,,3.0,-37.781330772526665,144.94081873870843,street_furniture_clean.csv
furniture-1749940,Drinking Fountain - Leaf Type - With Bottle Refill Tap - Fitzroy Gardens,street_furniture,Drinking Fountain,,4.0,-37.81358696797776,144.9803405398592,street_furniture_clean.csv
furniture-1751043,Picnic Setting - Urban Design Style - North Melbourne Recreation Reserve,street_furniture,Picnic Setting,,3.0,-37.79918060235284,144.94041499350163,street_furniture_clean.csv
furniture-1751222,Seat - Straight Seat - Wooden Battens - Type 2 - Railway Place And Miller Street Reserve,street_furniture,Seat,,4.0,-37.80557102101585,144.9426582084829,street_furniture_clean.csv
furniture-1442987,Seat - Stainless Steel Bench - Docklands,street_furniture,Seat,,3.44,-37.81889446795496,144.94354326919157,street_furniture_clean.csv
furniture-1479890,Seat - Stainless Steel Seat - Fixed,street_furniture,Seat,,3.44,-37.81961677285,144.94417370990377,street_furniture_clean.csv
furniture-1479898,Seat - Stainless Steel Bench - Docklands,street_furniture,Seat,,3.44,-37.82007378323448,144.94332377255677,street_furniture_clean.csv
furniture-1444099,Seat - Metal Seat,street_furniture,Seat,,3.16,-37.81662217210327,144.96725566676207,street_furniture_clean.csv
furniture-1489629,Drinking Fountain - Drinking Fountain - Type 1,street_furniture,Drinking Fountain,,3.16,-37.82018203006011,144.96060794598628,street_furniture_clean.csv
furniture-1490900,Seat - Urban Design Park Style - Green Powder Coat - Kings Domain,street_furniture,Seat,,4.0,-37.82522053693479,144.97345436805037,street_furniture_clean.csv
furniture-1490908,Seat - Urban Design Park Style - Green Powder Coat - Kings Domain,street_furniture,Seat,,4.0,-37.825267075204245,144.97503832078283,street_furniture_clean.csv
furniture-1490932,Seat - Urban Design Park Style - Green Powder Coat - Kings Domain,street_furniture,Seat,,4.0,-37.82561395285818,144.97670609827586,street_furniture_clean.csv
furniture-1491165,Seat - Urban Design Park Style - Green Powder Coat - Royal Park,street_furniture,Seat,,4.0,-37.779296530548585,144.95546803377113,street_furniture_clean.csv
furniture-1494770,Seat - Older Style Park Seat - Timber Slats,street_furniture,Seat,,3.03,-37.80568105726548,144.95298491999313,street_furniture_clean.csv
furniture-1496023,Seat - Stainless Steel Straight Seat - Docklands,street_furniture,Seat,,3.43,-37.81464006687722,144.9428694668367,street_furniture_clean.csv
furniture-1496032,Seat - Wooden Bench,street_furniture,Seat,,3.15,-37.81560527391185,144.94016100155648,street_furniture_clean.csv
furniture-1502654,Seat - Metal Bench,street_furniture,Seat,,3.14,-37.7934743605447,144.9185944088255,street_furniture_clean.csv
furniture-1507125,Seat - Metal Bench Around Tree Base,street_furniture,Seat,,2.16,-37.81016687813441,144.96419965282558,street_furniture_clean.csv
furniture-1507129,Seat - Metal Bench Around Tree Base,street_furniture,Seat,,4.15,-37.8104636121841,144.96433382923198,street_furniture_clean.csv
furniture-1462427,Seat - Stainless Steel Straight Seat - Docklands,street_furniture,Seat,,3.44,-37.81920252051407,144.94276097611552,street_furniture_clean.csv
furniture-1462428,Seat - Stainless Steel Straight Seat - Docklands,street_furniture,Seat,,3.44,-37.819180877039614,144.94281167551603,street_furniture_clean.csv
furniture-1507605,Drinking Fountain - Stainless Steel Drinking Fountain - Leaf Type,street_furniture,Drinking Fountain,,3.44,-37.81767138974231,144.9462535088493,street_furniture_clean.csv
furniture-1511686,Seat - Straight Seat - Wooden Battens - Type 2 - JJ Holland Park,street_furniture,Seat,,4.0,-37.797134966806375,144.9243000816099,street_furniture_clean.csv
furniture-1511689,Seat - Straight Seat - Wooden Battens - Type 2 - JJ Holland Park,street_furniture,Seat,,3.0,-37.79827432055701,144.92353850279207,street_furniture_clean.csv
furniture-1514899,Seat - Stainless Steel Bench - Docklands,street_furniture,Seat,,3.3,-37.81913669211559,144.95014727011556,street_furniture_clean.csv
furniture-1515386,Barbeque - Urban Design Single Hotplate - Fawkner Park,street_furniture,Barbeque,,4.0,-37.84077622109281,144.98393881060923,street_furniture_clean.csv
furniture-1515815,Seat - Stainless Steel Straight Seat,street_furniture,Seat,,3.44,-37.81502005398698,144.96646195823146,street_furniture_clean.csv
furniture-1515816,Seat - Stainless Steel Seat - 6m & LED lights,street_furniture,Seat,,3.44,-37.81528659543791,144.96661697310248,street_furniture_clean.csv
furniture-1515827,Seat - Metal Bench Around Tree Base,street_furniture,Seat,,4.16,-37.81140866210443,144.96455197787702,street_furniture_clean.csv
furniture-1516254,Seat - Unclassified - Boyd Community Hub,street_furniture,Seat,,5.0,-37.82538464430082,144.96111003670322,street_furniture_clean.csv
furniture-1489876,Seat - Metal Seat,street_furniture,Seat,,2.99,-37.82536659981174,144.96916470283122,street_furniture_clean.csv
furniture-1529826,Seat - Metal Bench Around Tree Base,street_furniture,Seat,,1.16,-37.808007953043656,144.9632056742184,street_furniture_clean.csv
furniture-1529830,Seat - Stainless Steel Seat - 3m & LED lights,street_furniture,Seat,,3.44,-37.80804254452334,144.96322051203765,street_furniture_clean.csv
furniture-1530181,Information Pillar - Information Hub Pillar,street_furniture,Information Pillar,,3.45,-37.814497900874485,144.96340058479282,street_furniture_clean.csv
furniture-1530532,Seat - Straight Seat - Wooden Battens - Type 2 - St Augustine's (MELBOURNE),street_furniture,Seat,,4.0,-37.81688033039778,144.95467104780303,street_furniture_clean.csv
furniture-1530887,Seat - Straight Seat - Wooden Battens - Type 2 - Stock Route,street_furniture,Seat,,3.0,-37.793249259497486,144.92029370480645,street_furniture_clean.csv
furniture-1532737,Seat - Stainless Steel Seat - Fixed,street_furniture,Seat,,3.44,-37.81581771806879,144.93981805467783,street_furniture_clean.csv
furniture-1119419,Seat - Straight Seat - Wooden Battens - Type 2 - Kings Domain,street_furniture,Seat,,4.0,-37.82276614746274,144.97421678995644,street_furniture_clean.csv
furniture-1120253,Seat - Straight Seat - Wooden Battens - Type 2 - MacArthur Square,street_furniture,Seat,,3.0,-37.798421546894325,144.97152050030556,street_furniture_clean.csv
furniture-1075248,Drinking Fountain - Stainless Steel Drinking Fountain - Northbank Type,street_furniture,Drinking Fountain,,3.44,-37.819376190936254,144.96425791163875,street_furniture_clean.csv
furniture-1075315,Drinking Fountain - Drinking Fountain - Type 1,street_furniture,Drinking Fountain,,3.3,-37.8060370483463,144.95639004511094,street_furniture_clean.csv
furniture-1079329,Seat - Metal Seat,street_furniture,Seat,,3.0,-37.8283084639706,144.98523986433727,street_furniture_clean.csv
furniture-1490929,Seat - Urban Design Park Style - Green Powder Coat - Kings Domain,street_furniture,Seat,,4.0,-37.82565413273192,144.97673158613495,street_furniture_clean.csv
furniture-1078778,Seat - Stainless Steel Seat - Fixed,street_furniture,Seat,,3.45,-37.81364959101391,144.96498842555528,street_furniture_clean.csv
furniture-1078787,Seat - Stainless Steel Seat - Fixed,street_furniture,Seat,,3.45,-37.81372700816322,144.96476978959808,street_furniture_clean.csv
furniture-1078805,Seat - Stainless Steel Seat - Swivel,street_furniture,Seat,,3.45,-37.81385948798933,144.96469719963025,street_furniture_clean.csv
furniture-1078820,Seat - Stainless Steel Seat - Fixed,street_furniture,Seat,,3.45,-37.8136347055991,144.9650552866904,street_furniture_clean.csv
furniture-1078871,Seat - Metal Bench,street_furniture,Seat,,3.17,-37.818195873984834,144.9575424565663,street_furniture_clean.csv
furniture-1078888,Seat - Metal Bench on electrical control box,street_furniture,Seat,,2.01,-37.80784095458498,144.96115335459334,street_furniture_clean.csv
furniture-1078963,Seat - Metal Semi-circular Seats,street_furniture,Seat,,3.17,-37.79793297942541,144.9672953270924,street_furniture_clean.csv
furniture-1079015,Seat - Stainless Steel Straight Seat,street_furniture,Seat,,2.44,-37.81403670719193,144.9718446957501,street_furniture_clean.csv
furniture-1079042,Seat - Stainless Steel Straight Seat,street_furniture,Seat,,2.44,-37.813729430669525,144.97220717793616,street_furniture_clean.csv
furniture-1079082,Seat - Metal Bench,street_furniture,Seat,,2.93,-37.81093887464173,144.95122321913814,street_furniture_clean.csv
furniture-1079110,Seat - Metal Bench,street_furniture,Seat,,3.1,-37.81888392106616,144.96075034829568,street_furniture_clean.csv
furniture-1079164,Seat - Metal Seat,street_furniture,Seat,,3.12,-37.80689496188823,144.96001741640117,street_furniture_clean.csv
furniture-1079189,Seat - Metal Seat,street_furniture,Seat,,2.96,-37.79604866428068,144.93071983575825,street_furniture_clean.csv
furniture-1079195,Seat - Metal Seat,street_furniture,Seat,,2.85,-37.79156769735123,144.92514373223875,street_furniture_clean.csv
furniture-1079224,Seat - Metal Seat,street_furniture,Seat,,2.99,-37.82891107155808,144.9706733892931,street_furniture_clean.csv
furniture-1079243,Seat - Metal Seat,street_furniture,Seat,,3.02,-37.824124032847024,144.9644352156418,street_furniture_clean.csv
furniture-1645350,Seat - Five Sided Platform - Docklands Park,street_furniture,Seat,,4.0,-37.82090332189762,144.94687679098408,street_furniture_clean.csv
furniture-1633464,Seat - Straight Seat - Wooden Battens - Type 2 - Ron Barassi Senior Park,street_furniture,Seat,,5.0,-37.816785487929856,144.93520337260296,street_furniture_clean.csv
furniture-1639778,Seat - Metal Seat - Eastwood and Rankins Park,street_furniture,Seat,,5.0,-37.79368348575775,144.93087611471893,street_furniture_clean.csv
furniture-1639731,Seat - Stainless Steel Bench - Docklands - Point Park,street_furniture,Seat,,5.0,-37.823715303965145,144.9427704010914,street_furniture_clean.csv
furniture-1645352,Seat - Modular Style - Docklands Park,street_furniture,Seat,,4.0,-37.821116227599255,144.94651269444748,street_furniture_clean.csv
furniture-1733515,Information Pillar - Information Hub Pillar,street_furniture,Information Pillar,,3.24,-37.85043917280112,144.98415033630022,street_furniture_clean.csv
furniture-1742600,Seat - Stainless Steel Seat - Fixed,street_furniture,Seat,,4.29,-37.81345457725797,144.9427046091311,street_furniture_clean.csv
furniture-1742629,Seat - Timber Seat with Aluminium Legs - Docklands,street_furniture,Seat,,3.16,-37.82002878853392,144.94006949425517,street_furniture_clean.csv
furniture-1743785,Seat - Stainless Steel Straight Seat,street_furniture,Seat,,3.44,-37.82009021601816,144.9425879620358,street_furniture_clean.csv
furniture-1512791,Seat - Metal Seat,street_furniture,Seat,,3.0,-37.82974080525516,144.97432724203367,street_furniture_clean.csv
furniture-1534049,Seat - Stainless Steel Straight Seat,street_furniture,Seat,,4.44,-37.81094149180753,144.9617699346711,street_furniture_clean.csv
furniture-1515781,Seat - Straight Seat - Wooden Battens - Type 2 - North Melbourne Community Centre (Open Space),street_furniture,Seat,,4.0,-37.79363865630569,144.9403382673086,street_furniture_clean.csv
furniture-1511693,Seat - Straight Seat - Wooden Battens - Type 2 - JJ Holland Park,street_furniture,Seat,,4.0,-37.79795531282079,144.92358491408427,street_furniture_clean.csv
furniture-1551437,Seat - Metal frame Wooden Slats,street_furniture,Seat,,3.01,-37.77743821485127,144.93846367198677,street_furniture_clean.csv
furniture-1531385,Seat - Metal Bench,street_furniture,Seat,,2.95,-37.82129406287655,144.94606515934638,street_furniture_clean.csv
furniture-1633465,Seat - Straight Seat - Wooden Battens - Type 2 - Ron Barassi Senior Park,street_furniture,Seat,,5.0,-37.81692025147342,144.93484587216076,street_furniture_clean.csv
furniture-1672283,Seat - Stainless Steel Straight Seat - Docklands,street_furniture,Seat,,3.3,-37.81889037073531,144.9491415536624,street_furniture_clean.csv
furniture-1119416,Seat - Straight Seat - Wooden Battens - Type 2 - Fitzroy Gardens,street_furniture,Seat,,3.0,-37.81465065353588,144.9791969504952,street_furniture_clean.csv
furniture-1360385,Seat - Straight Seat - Wooden Battens - Type 2 - Treasury Gardens,street_furniture,Seat,,3.0,-37.810220975024016,144.9732231251718,street_furniture_clean.csv
furniture-1360387,Seat - Straight Seat - Wooden Battens - Type 2 - Carlton Gardens North,street_furniture,Seat,,3.0,-37.802019678199656,144.9709813829654,street_furniture_clean.csv
furniture-1360404,Seat - Straight Seat - Wooden Battens - Type 2 - Kensington Hall Reserve,street_furniture,Seat,,4.0,-37.78897281843636,144.92840756632165,street_furniture_clean.csv
furniture-1360464,Picnic Setting - Urban Design Style,street_furniture,Picnic Setting,,3.0,-37.802452078921846,144.9711810289987,street_furniture_clean.csv
furniture-1119611,Seat - Straight Seat - Wooden Battens - Type 2 - Fitzroy Gardens,street_furniture,Seat,,3.0,-37.81347178920908,144.97999858072356,street_furniture_clean.csv
furniture-1119628,Seat - Straight Seat - Wooden Battens - Type 2 - Queen Victoria Gardens,street_furniture,Seat,,4.0,-37.82191446055006,144.97315990609624,street_furniture_clean.csv
furniture-1361027,Seat - Metal Seat - Park Type,street_furniture,Seat,,2.82,-37.7896660710251,144.92822195744952,street_furniture_clean.csv
furniture-1313592,Seat - Stainless Steel Straight Seat,street_furniture,Seat,,2.45,-37.81313142369921,144.96671041227947,street_furniture_clean.csv
furniture-1119863,Seat - Metal Seat - Central Park Kensington,street_furniture,Seat,,3.0,-37.7944809299726,144.91906129491525,street_furniture_clean.csv
furniture-1119982,Seat - Straight Seat - Wooden Battens - Type 2 - Royal Park,street_furniture,Seat,,3.0,-37.77697336532504,144.95000243213013,street_furniture_clean.csv
furniture-1120165,Seat - Wooden Slats Set in Bluestone - Alexandra Gardens,street_furniture,Seat,,3.0,-37.81993554861984,144.97316928242182,street_furniture_clean.csv
furniture-1120250,Seat - Metal Seat - Errol Street (NORTH MELBOURNE),street_furniture,Seat,,3.0,-37.80185928897096,144.9498214012486,street_furniture_clean.csv
furniture-1120263,Seat - Metal Seat - Hawke and Curzon Street Reserve,street_furniture,Seat,,3.0,-37.80611870251341,144.94773181939425,street_furniture_clean.csv
furniture-1314015,Seat - Timber Seat with Aluminium Legs - Docklands,street_furniture,Seat,,3.16,-37.82431031753614,144.9443371436488,street_furniture_clean.csv
furniture-1362018,Seat - Metal Seat,street_furniture,Seat,,3.14,-37.80319052862851,144.94983308472584,street_furniture_clean.csv
furniture-1362033,Seat - Metal Seat,street_furniture,Seat,,3.17,-37.80584659707422,144.9590017692113,street_furniture_clean.csv
furniture-1442759,Seat - Straight Seat - Wooden Battens,street_furniture,Seat,,1.0,-37.83379701382637,144.98313074433267,street_furniture_clean.csv
furniture-1360396,Seat - Straight Seat - Wooden Battens - Type 2 - Fawkner Park,street_furniture,Seat,,3.0,-37.84085153163146,144.98411085009977,street_furniture_clean.csv
furniture-1360424,Seat - Straight Seat - Wooden Battens - Type 2 - Parkville Gardens,street_furniture,Seat,,3.0,-37.77936934790074,144.93951431681256,street_furniture_clean.csv
furniture-1360426,Seat - Straight Seat - Wooden Battens - Type 2 - Parkville Gardens,street_furniture,Seat,,3.0,-37.78120622601693,144.9405092690512,street_furniture_clean.csv
furniture-1313294,Seat - Stainless Steel Straight Seat - Docklands,street_furniture,Seat,,3.43,-37.81488530028621,144.9419219762286,street_furniture_clean.csv
furniture-1313351,Seat - Stainless Steel Bench - Docklands,street_furniture,Seat,,3.44,-37.81947727410532,144.9446539155137,street_furniture_clean.csv
furniture-1313355,Seat - Stainless Steel Bench - Docklands,street_furniture,Seat,,3.44,-37.81437829504704,144.94143192444284,street_furniture_clean.csv
furniture-1313358,Seat - Timber Seat with Aluminium Legs - Docklands,street_furniture,Seat,,3.16,-37.82430932272485,144.94437307196185,street_furniture_clean.csv
furniture-1313362,Seat - Timber Bench with Aluminium Legs - Docklands,street_furniture,Seat,,3.16,-37.8236002801008,144.9430830654722,street_furniture_clean.csv
furniture-1313392,Seat - Stainless Steel Bench - Docklands,street_furniture,Seat,,3.43,-37.81325527947337,144.94208299575618,street_furniture_clean.csv
furniture-1120243,Seat - Metal Seat - Park Type - Birrarung Marr,street_furniture,Seat,,3.0,-37.81879397355662,144.96879946144543,street_furniture_clean.csv
furniture-1120259,Seat - Metal Seat - Pleasance Gardens,street_furniture,Seat,,3.0,-37.79623814985468,144.94489618283154,street_furniture_clean.csv
furniture-1120265,Seat - Metal Seat - Stapley Parade Reserve,street_furniture,Seat,,4.0,-37.82831089922335,144.9852452516975,street_furniture_clean.csv
furniture-1120266,Seat - Metal Seat - Gordon Reserve,street_furniture,Seat,,3.0,-37.81210592683301,144.97421048685342,street_furniture_clean.csv
furniture-1119450,Seat - Straight Seat - Wooden Battens - Type 2 - Wellington Park,street_furniture,Seat,,4.0,-37.81613511471428,144.97785554599133,street_furniture_clean.csv
furniture-1118702,Picnic Setting - Urban Design Style,street_furniture,Picnic Setting,,3.0,-37.78521213381399,144.96231616098524,street_furniture_clean.csv
furniture-1118704,Picnic Setting - Urban Design Style,street_furniture,Picnic Setting,,4.0,-37.793893281752496,144.92368741034468,street_furniture_clean.csv
furniture-1118714,Picnic Setting - Urban Design Style,street_furniture,Picnic Setting,,2.0,-37.79110282733468,144.94502179165377,street_furniture_clean.csv
furniture-1118719,Picnic Setting - Urban Design Style,street_furniture,Picnic Setting,,3.0,-37.79102489535352,144.94489381255875,street_furniture_clean.csv
furniture-1118738,Picnic Setting - Urban Design Style,street_furniture,Picnic Setting,,3.0,-37.83389663178789,144.9814293341254,street_furniture_clean.csv
furniture-1118739,Picnic Setting - Urban Design Style,street_furniture,Picnic Setting,,4.0,-37.844595273914855,144.98032498214843,street_furniture_clean.csv
furniture-1118740,Picnic Setting - Urban Design Style,street_furniture,Picnic Setting,,4.0,-37.82007106890082,144.97508002726582,street_furniture_clean.csv
furniture-1118741,Picnic Setting - Urban Design Style,street_furniture,Picnic Setting,,4.0,-37.83384208100603,144.98181657838313,street_furniture_clean.csv
furniture-1118749,Picnic Setting - Wooden Style,street_furniture,Picnic Setting,,3.0,-37.79151565290129,144.92369912583445,street_furniture_clean.csv
furniture-1118777,Picnic Setting - Slat and steel urban design,street_furniture,Picnic Setting,,3.0,-37.8286569372525,144.96741341045328,street_furniture_clean.csv
furniture-1119050,Seat - Straight Seat - Wooden Battens - Type 2 - Argyle Square,street_furniture,Seat,,4.0,-37.80309580055464,144.96557152838042,street_furniture_clean.csv
furniture-1119070,Seat - Straight Seat - Wooden Battens - Type 2 - Canning Street Reserve,street_furniture,Seat,,3.0,-37.793314885596594,144.97377983371123,street_furniture_clean.csv
furniture-1119080,Seat - Straight Seat - Wooden Battens - Type 2 - Royal Park,street_furniture,Seat,,4.0,-37.78710602990379,144.95316286425128,street_furniture_clean.csv
furniture-1119102,Seat - Straight Seat - Wooden Battens - Type 2 - Princes Park,street_furniture,Seat,,4.0,-37.78684108554011,144.95960304155568,street_furniture_clean.csv
furniture-1119115,Seat - Straight Seat - Wooden Battens - Type 2 - Royal Park,street_furniture,Seat,,2.0,-37.79158484986524,144.9453927218679,street_furniture_clean.csv
furniture-1119132,Seat - Straight Seat - Wooden Battens - Type 2 - JJ Holland Park,street_furniture,Seat,,3.0,-37.798280344867024,144.92605378587976,street_furniture_clean.csv
furniture-1119144,Seat - Straight Seat - Wooden Battens - Type 2 - Lincoln Square,street_furniture,Seat,,3.0,-37.80253219165432,144.9622975843925,street_furniture_clean.csv
furniture-1119152,Seat - Straight Seat - Wooden Battens - Type 2 - Lincoln Square,street_furniture,Seat,,3.0,-37.803009940514734,144.96290901565283,street_furniture_clean.csv
furniture-1119162,Seat - Straight Seat - Wooden Battens - Type 2 - Princes Park,street_furniture,Seat,,4.0,-37.78338108905586,144.963466046505,street_furniture_clean.csv
furniture-1119179,Seat - Straight Seat - Wooden Battens - Type 2 - Reserve (1-19 Frearson Walk),street_furniture,Seat,,4.0,-37.79465859086184,144.92354617294458,street_furniture_clean.csv
furniture-1119198,Seat - Straight Seat - Wooden Battens - Type 2 - Princes Park,street_furniture,Seat,,3.0,-37.77897070089623,144.96086621358967,street_furniture_clean.csv
furniture-1119206,Seat - Straight Seat - Wooden Battens - Type 2 - JJ Holland Park,street_furniture,Seat,,4.0,-37.79890205417573,144.92629374698643,street_furniture_clean.csv
furniture-1119213,Seat - Straight Seat - Wooden Battens - Type 2 - Clayton Reserve,street_furniture,Seat,,4.0,-37.79574498661994,144.93893798406367,street_furniture_clean.csv
furniture-1119226,Seat - Straight Seat - Wooden Battens - Type 2 - Argyle Square,street_furniture,Seat,,4.0,-37.80319714222874,144.96540746689658,street_furniture_clean.csv
furniture-1119254,Seat - Straight Seat - Wooden Battens - Type 2 - Clayton Reserve,street_furniture,Seat,,4.0,-37.79606439611523,144.9393157999605,street_furniture_clean.csv
furniture-1119288,Seat - Straight Seat - Wooden Battens - Type 2 - Enterprize Park,street_furniture,Seat,,4.0,-37.8200625544394,144.95980283145025,street_furniture_clean.csv
furniture-1119321,Seat - Straight Seat - Wooden Battens - Type 2 - Queen Victoria Gardens,street_furniture,Seat,,3.0,-37.822033383307705,144.97187062322317,street_furniture_clean.csv
furniture-1119322,Seat - Straight Seat - Wooden Battens - Type 2 - Fitzroy Gardens,street_furniture,Seat,,4.0,-37.81049229883355,144.9814692111118,street_furniture_clean.csv
furniture-1119334,Seat - Straight Seat - Wooden Battens - Type 2 - Alexandra Gardens,street_furniture,Seat,,3.0,-37.82014569070687,144.97106515556754,street_furniture_clean.csv
furniture-1119366,Seat - Straight Seat - Wooden Battens - Type 2 - Darling Square,street_furniture,Seat,,4.0,-37.81262290135743,144.98891317944603,street_furniture_clean.csv
furniture-1119385,Seat - Straight Seat - Wooden Battens - Type 2 - Jolimont Reserve,street_furniture,Seat,,3.0,-37.81644652418032,144.98058386008285,street_furniture_clean.csv
furniture-1119399,Seat - Straight Seat - Wooden Battens - Type 2 - Treasury Gardens,street_furniture,Seat,,3.0,-37.8143632805152,144.97602332740848,street_furniture_clean.csv
furniture-1119400,Seat - Straight Seat - Wooden Battens - Type 2 - Treasury Gardens,street_furniture,Seat,,3.0,-37.81343258856995,144.97553314385823,street_furniture_clean.csv
furniture-1119412,Seat - Straight Seat - Wooden Battens - Type 2 - Fawkner Park,street_furniture,Seat,,4.0,-37.84526321324303,144.98365717181775,street_furniture_clean.csv
furniture-1119424,Seat - Straight Seat - Wooden Battens - Type 2 - Carlton Gardens North,street_furniture,Seat,,3.0,-37.80216578433816,144.97024027407784,street_furniture_clean.csv
furniture-1119426,Seat - Straight Seat - Wooden Battens - Type 2 - Royal Society,street_furniture,Seat,,4.0,-37.80780042176978,144.96899761783715,street_furniture_clean.csv
furniture-1119428,Seat - Straight Seat - Wooden Battens - Type 2 - Gordon Reserve,street_furniture,Seat,,3.0,-37.8123849754944,144.97408733616749,street_furniture_clean.csv
furniture-1119441,Seat - Straight Seat - Wooden Battens - Type 2 - Flagstaff Gardens,street_furniture,Seat,,4.0,-37.80898705544836,144.9546880592343,street_furniture_clean.csv
furniture-1119449,Seat - Straight Seat - Wooden Battens - Type 2 - Jolimont Reserve,street_furniture,Seat,,4.0,-37.81627417728004,144.97949403892903,street_furniture_clean.csv
furniture-1119470,Seat - Straight Seat - Wooden Battens - Type 2 - Flagstaff Gardens,street_furniture,Seat,,4.0,-37.81028080229776,144.95447129773143,street_furniture_clean.csv
furniture-1119472,Seat - Straight Seat - Wooden Battens - Type 2 - Royal Society,street_furniture,Seat,,4.0,-37.80752794041612,144.96902053130128,street_furniture_clean.csv
furniture-1119473,Seat - Straight Seat - Wooden Battens - Type 2 - Parliament Reserve,street_furniture,Seat,,4.0,-37.80983477668124,144.97366043644843,street_furniture_clean.csv
furniture-1119478,Seat - Straight Seat - Wooden Battens - Type 2 - Enterprize Park,street_furniture,Seat,,4.0,-37.820216468069766,144.95984403472545,street_furniture_clean.csv
furniture-1119481,Seat - Straight Seat - Wooden Battens - Type 2 - Queen Victoria Gardens,street_furniture,Seat,,3.0,-37.8224669256795,144.97082379054018,street_furniture_clean.csv
furniture-1119482,Seat - Straight Seat - Wooden Battens - Type 2 - Queen Victoria Gardens,street_furniture,Seat,,3.0,-37.82221614340224,144.97026001104192,street_furniture_clean.csv
furniture-1119489,Seat - Straight Seat - Wooden Battens - Type 2 - Fitzroy Gardens,street_furniture,Seat,,4.0,-37.81180009699117,144.9826265286953,street_furniture_clean.csv
furniture-1119497,Seat - Straight Seat - Wooden Battens - Type 2 - Fitzroy Gardens,street_furniture,Seat,,4.0,-37.81354330007173,144.97838927753588,street_furniture_clean.csv
furniture-1119501,Seat - Straight Seat - Wooden Battens - Type 2 - Carlton Gardens South,street_furniture,Seat,,3.0,-37.80605364914187,144.96944585498844,street_furniture_clean.csv
furniture-1119504,Seat - Straight Seat - Wooden Battens - Type 2 - Fawkner Park,street_furniture,Seat,,3.0,-37.84414418759019,144.9824137367213,street_furniture_clean.csv
furniture-1119418,Seat - Straight Seat - Wooden Battens - Type 2 - Fawkner Park,street_furniture,Seat,,4.0,-37.83965982475647,144.97950123215023,street_furniture_clean.csv
furniture-1119534,Seat - Straight Seat - Wooden Battens - Type 2 - Stapley Parade Reserve,street_furniture,Seat,,4.0,-37.82223561935877,144.97686323476427,street_furniture_clean.csv
furniture-1119540,Seat - Straight Seat - Wooden Battens - Type 2 - Wellington Park,street_furniture,Seat,,3.0,-37.8158778295984,144.97657039570606,street_furniture_clean.csv
furniture-1119580,Seat - Straight Seat - Wooden Battens - Type 2 - Flagstaff Gardens,street_furniture,Seat,,4.0,-37.811111964471664,144.95461703902555,street_furniture_clean.csv
furniture-1119594,Seat - Straight Seat - Wooden Battens - Type 2 - Carlton Gardens South,street_furniture,Seat,,3.0,-37.80621351765824,144.97139611742546,street_furniture_clean.csv
furniture-1119604,Seat - Straight Seat - Wooden Battens - Type 2 - Fawkner Park,street_furniture,Seat,,4.0,-37.84505775439888,144.9820799571518,street_furniture_clean.csv
furniture-1119622,Seat - Straight Seat - Wooden Battens - Type 2 - Fawkner Park,street_furniture,Seat,,4.0,-37.83847191151331,144.97820562953106,street_furniture_clean.csv
furniture-1119631,Seat - Straight Seat - Wooden Battens - Type 2 - Fitzroy Gardens,street_furniture,Seat,,4.0,-37.81023359515223,144.9788963128947,street_furniture_clean.csv
furniture-1119641,Seat - Straight Seat - Wooden Battens - Type 2 - Queen Victoria Gardens,street_furniture,Seat,,3.0,-37.8221497193464,144.9705105165561,street_furniture_clean.csv
furniture-1119642,Seat - Straight Seat - Wooden Battens - Type 2 - Shrine of Remembrance Reserve,street_furniture,Seat,,4.0,-37.828460891058846,144.97238645158782,street_furniture_clean.csv
furniture-1119676,Seat - Straight Seat - Wooden Battens - Type 2 - Fawkner Park,street_furniture,Seat,,3.0,-37.83862299184809,144.98498854454178,street_furniture_clean.csv
furniture-1119686,Seat - Straight Seat - Wooden Battens - Type 2 - Flagstaff Gardens,street_furniture,Seat,,3.0,-37.81150985705796,144.9557860349,street_furniture_clean.csv
furniture-1119704,Seat - Straight Seat - Wooden Battens - Type 2 - Fitzroy Gardens,street_furniture,Seat,,3.0,-37.81048986626154,144.97953030869527,street_furniture_clean.csv
furniture-1119717,Seat - Straight Seat - Wooden Battens - Type 2 - Fitzroy Gardens,street_furniture,Seat,,4.0,-37.81282879087728,144.98244233668515,street_furniture_clean.csv
furniture-1119719,Seat - Straight Seat - Wooden Battens - Type 2 - Fitzroy Gardens,street_furniture,Seat,,4.0,-37.81196786885923,144.98269329742394,street_furniture_clean.csv
furniture-1119735,Seat - Straight Seat - Wooden Battens - Type 2 - Carlton Gardens North,street_furniture,Seat,,3.0,-37.80294833510104,144.9729955927444,street_furniture_clean.csv
furniture-1119752,Seat - Straight Seat - Wooden Battens - Type 2 - Fitzroy Gardens,street_furniture,Seat,,3.0,-37.81423043313605,144.97983761203886,street_furniture_clean.csv
furniture-1119758,Seat - Straight Seat - Wooden Battens - Type 2 - Darling Square,street_furniture,Seat,,3.0,-37.81269627335753,144.9892993350067,street_furniture_clean.csv
furniture-1119902,Seat - Metal Seat - Kensington Banks Type - Gilbertson Walk,street_furniture,Seat,,3.0,-37.791445500366144,144.92204131101616,street_furniture_clean.csv
furniture-1514402,Seat - Stainless Steel Seat - Fixed,street_furniture,Seat,,3.29,-37.81313653889152,144.94081689540087,street_furniture_clean.csv
furniture-1514403,Seat - Stainless Steel Seat - Fixed,street_furniture,Seat,,3.29,-37.813357222691984,144.940939805052,street_furniture_clean.csv
furniture-1515829,Seat - Stainless Steel Straight Seat,street_furniture,Seat,,4.44,-37.81127540139315,144.96448555255662,street_furniture_clean.csv
furniture-1489875,Seat - Metal Seat,street_furniture,Seat,,2.99,-37.82536234076961,144.96915289034564,street_furniture_clean.csv
furniture-1517590,Seat - Straight Seat - Wooden Battens - Type 2 - State Library of Victoria,street_furniture,Seat,,3.0,-37.810134837775024,144.96471815537592,street_furniture_clean.csv
furniture-1496154,Seat - Stainless Steel Straight Seat,street_furniture,Seat,,4.45,-37.81594888838772,144.96529822327304,street_furniture_clean.csv
furniture-1529773,Seat - Metal Bench,street_furniture,Seat,,3.16,-37.81286532152182,144.96543309379044,street_furniture_clean.csv
furniture-1529778,Seat - Metal Bench Around Tree Base,street_furniture,Seat,,4.16,-37.81308905359279,144.9655408853424,street_furniture_clean.csv
furniture-1529783,Seat - Metal Bench Around Tree Base,street_furniture,Seat,,3.16,-37.81332267207805,144.96564193130584,street_furniture_clean.csv
furniture-1529788,Seat - Metal Bench Around Tree Base,street_furniture,Seat,,4.16,-37.81333469662564,144.96544076815633,street_furniture_clean.csv
furniture-1529792,Seat - Metal Bench Around Tree Base,street_furniture,Seat,,3.16,-37.8129870803156,144.96528242120817,street_furniture_clean.csv
furniture-1529821,Seat - Stainless Steel Seat - 3m & LED lights,street_furniture,Seat,,3.44,-37.80784340570601,144.96312796025455,street_furniture_clean.csv
furniture-1529824,Seat - Stainless Steel Seat - 3m & LED lights,street_furniture,Seat,,3.44,-37.80794348906094,144.96317268856595,street_furniture_clean.csv
furniture-1507601,Seat - Stainless Steel Bench - Docklands,street_furniture,Seat,,3.44,-37.81831999902127,144.94654486562422,street_furniture_clean.csv
furniture-1532215,Seat - Stainless Steel Straight Seat,street_furniture,Seat,,3.3,-37.821184867724185,144.94889956629467,street_furniture_clean.csv
furniture-1748619,Drinking Fountain - Drinking Fountain - Monument Style Type 3,street_furniture,Drinking Fountain,,3.16,-37.808763201408944,144.9755999159518,street_furniture_clean.csv
furniture-1749205,Seat - Timber Swivel Seat - Docklands,street_furniture,Seat,,3.16,-37.82193541170236,144.93724960564546,street_furniture_clean.csv
furniture-1749206,Seat - Timber Swivel Seat - Docklands,street_furniture,Seat,,3.16,-37.82193859189776,144.93727167028229,street_furniture_clean.csv
furniture-1755723,Drinking Fountain - Leaf Type - Dog Bowl  - Errol Street Reserve,street_furniture,Drinking Fountain,,4.0,-37.79924850919621,144.9504177251165,street_furniture_clean.csv
furniture-1753307,Seat - Straight Seat - Wooden Battens - Type 2 - New Quay Central Park,street_furniture,Seat,,4.0,-37.81480904356855,144.93897913904402,street_furniture_clean.csv
furniture-1758405,Seat - Straight Seat - Wooden Battens - Type 2 - Royal Park,street_furniture,Seat,,4.0,-37.79214558169684,144.9483765486927,street_furniture_clean.csv
furniture-1798705,Seat - Unclassified - Hub@Docklands,street_furniture,Seat,,5.0,-37.81976474633931,144.94752611482227,street_furniture_clean.csv
furniture-1798720,Seat - Unclassified - Hub@Docklands,street_furniture,Seat,,5.0,-37.82011046064642,144.94737760074815,street_furniture_clean.csv
furniture-1771635,Seat - Straight Seat - Wooden Battens - Type 2 - Kensington Hall Reserve,street_furniture,Seat,,3.0,-37.78910801479445,144.92816793552458,street_furniture_clean.csv
furniture-1771656,Seat - Straight Seat - Wooden Battens - Type 2 - Princes Park,street_furniture,Seat,,3.0,-37.781650906564245,144.9625641914128,street_furniture_clean.csv
furniture-1771640,Seat - Straight Seat - Wooden Battens - Type 2 - Liddy Street Reserve,street_furniture,Seat,,4.0,-37.79003995611028,144.9257586837838,street_furniture_clean.csv
furniture-1771669,Seat - Alloy Frame and Narrow Wooden Slats - Birrarung Marr,street_furniture,Seat,,3.0,-37.818631549526856,144.9712386229314,street_furniture_clean.csv
furniture-1771699,Drinking Fountain - Leaf Type - Dog Bowl  - Royal Park,street_furniture,Drinking Fountain,,4.0,-37.79028778877907,144.94509842701018,street_furniture_clean.csv
furniture-1775789,Seat - Unclassified - Boyd Community Hub,street_furniture,Seat,,5.0,-37.82560119196383,144.96141162438954,street_furniture_clean.csv
furniture-1786710,Drinking Fountain - Leaf Type - With Bottle Refill Tap - Docklands Park,street_furniture,Drinking Fountain,,5.0,-37.81961616571647,144.94608043349226,street_furniture_clean.csv
furniture-1110866,Barbeque - Urban Design Double Hotplate,street_furniture,Barbeque,,4.0,-37.82744680370206,144.981675215773,street_furniture_clean.csv
furniture-1079227,Seat - Metal Seat,street_furniture,Seat,,2.99,-37.828934974862726,144.96986446023635,street_furniture_clean.csv
furniture-1079228,Seat - Metal Seat,street_furniture,Seat,,2.99,-37.82864203783465,144.97087538617572,street_furniture_clean.csv
furniture-1079240,Seat - Metal Seat,street_furniture,Seat,,2.99,-37.828498019715845,144.96803232409627,street_furniture_clean.csv
furniture-1079266,Seat - Metal Seat,street_furniture,Seat,,2.15,-37.80833047062246,144.97446360875094,street_furniture_clean.csv
furniture-1079267,Seat - Metal Seat,street_furniture,Seat,,1.16,-37.80978789825426,144.97543550949842,street_furniture_clean.csv
furniture-1079346,Seat - Metal Seat,street_furniture,Seat,,3.14,-37.804068530847694,144.9495580215465,street_furniture_clean.csv
furniture-1079350,Seat - Metal Seat,street_furniture,Seat,,3.14,-37.80491551534664,144.9491785206247,street_furniture_clean.csv
furniture-1079354,Seat - Metal Seat,street_furniture,Seat,,3.05,-37.834019071298016,144.98224239520368,street_furniture_clean.csv
furniture-1079359,Seat - Metal Seat,street_furniture,Seat,,3.09,-37.8126561081896,144.95367193335505,street_furniture_clean.csv
furniture-1079523,Seat - Metal Seat,street_furniture,Seat,,3.16,-37.81930783968038,144.9647611175125,street_furniture_clean.csv
furniture-1079526,Seat - Stainless Steel Straight Seat,street_furniture,Seat,,3.4,-37.81083852736101,144.96758548261795,street_furniture_clean.csv
furniture-1079567,Seat - Metal Seat,street_furniture,Seat,,3.16,-37.81688901161829,144.96737580457767,street_furniture_clean.csv
furniture-1079583,Seat - Metal Seat,street_furniture,Seat,,3.17,-37.81693107996593,144.9612294066711,street_furniture_clean.csv
furniture-1079637,Seat - Metal Seat,street_furniture,Seat,,2.82,-37.793582901587634,144.94312425823256,street_furniture_clean.csv
furniture-1079640,Seat - Metal Seat,street_furniture,Seat,,2.86,-37.81460511547319,144.98876953333505,street_furniture_clean.csv
furniture-1079852,Seat - Metal Seat,street_furniture,Seat,,3.16,-37.82212538397962,144.96926639204506,street_furniture_clean.csv
furniture-1079858,Seat - Metal Seat,street_furniture,Seat,,3.17,-37.81897975141721,144.9548033783392,street_furniture_clean.csv
furniture-1079871,Seat - Straight Seat - Wooden & Concrete,street_furniture,Seat,,1.0,-37.77896932992565,144.95604021037911,street_furniture_clean.csv
furniture-1079902,Seat - Straight Seat - Wooden Battens,street_furniture,Seat,,1.94,-37.81120296547005,144.95596533882212,street_furniture_clean.csv
furniture-1442989,Seat - Stainless Steel Bench - Docklands,street_furniture,Seat,,3.44,-37.81881687325819,144.9437494509178,street_furniture_clean.csv
furniture-1450089,Seat - Metal Seat - Park Type,street_furniture,Seat,,3.14,-37.7942597186564,144.9290163343038,street_furniture_clean.csv
furniture-1459061,Seat - Metal Seat - Park Type,street_furniture,Seat,,1.0,-37.79991801453802,144.94321371639933,street_furniture_clean.csv
furniture-1473004,Seat - Flat Bench Seat - L Shaped,street_furniture,Seat,,1.59,-37.793643118651225,144.93088155636144,street_furniture_clean.csv
furniture-1477577,Drinking Fountain - Stainless Steel Drinking Fountain - Leaf Type,street_furniture,Drinking Fountain,,3.44,-37.81555894354543,144.93989772357784,street_furniture_clean.csv
furniture-1479864,Drinking Fountain - Stainless Steel Drinking Fountain - Leaf Type,street_furniture,Drinking Fountain,,3.44,-37.8188136383738,144.942903892035,street_furniture_clean.csv
furniture-1119777,Seat - Straight Seat - Wooden Battens - Type 2 - Fitzroy Gardens,street_furniture,Seat,,4.0,-37.81207739007573,144.97962004607135,street_furniture_clean.csv
furniture-1119781,Seat - Straight Seat - Wooden Battens - Type 2 - Queen Victoria Gardens,street_furniture,Seat,,4.0,-37.82309380754013,144.97049056133656,street_furniture_clean.csv
furniture-1119788,Seat - Straight Seat - Wooden Battens - Type 2 - Fitzroy Gardens,street_furniture,Seat,,3.0,-37.81073587643328,144.98205744643496,street_furniture_clean.csv
furniture-1119793,Seat - Straight Seat - Wooden Battens - Type 2 - Carlton Gardens South,street_furniture,Seat,,3.0,-37.806277190807776,144.96933898385862,street_furniture_clean.csv
furniture-1119795,Seat - Straight Seat - Wooden Battens - Type 2 - Fawkner Park,street_furniture,Seat,,4.0,-37.84334776042999,144.98278363491428,street_furniture_clean.csv
furniture-1119803,Seat - Straight Seat - Wooden Battens - Type 2 - Carlton Gardens South,street_furniture,Seat,,3.0,-37.80645089027762,144.97105625559664,street_furniture_clean.csv
furniture-1119868,Seat - Metal Seat - Central Park Kensington,street_furniture,Seat,,4.0,-37.79433426756995,144.9190028369496,street_furniture_clean.csv
furniture-1119535,Seat - Straight Seat - Wooden Battens - Type 2 - Treasury Gardens,street_furniture,Seat,,3.0,-37.81396168874663,144.97623672088403,street_furniture_clean.csv
furniture-1119881,Seat - Metal Seat - Royal Park,street_furniture,Seat,,3.0,-37.78564007659415,144.95316765831694,street_furniture_clean.csv
furniture-1119895,Seat - Metal Seat - Riverside Park,street_furniture,Seat,,4.0,-37.79584852487544,144.91561015549624,street_furniture_clean.csv
furniture-1119903,Seat - Metal Seat - Kensington Banks Type - Gilbertson Walk,street_furniture,Seat,,3.0,-37.79224572848988,144.92069773042465,street_furniture_clean.csv
furniture-1119920,Seat - Metal Seat - Kensington Banks Type - Vincent Place Park,street_furniture,Seat,,5.0,-37.79237749239999,144.9207698945696,street_furniture_clean.csv
furniture-1119799,Seat - Straight Seat - Wooden Battens - Type 2 - Carlton Gardens South,street_furniture,Seat,,3.0,-37.80564337831436,144.97204698201423,street_furniture_clean.csv
furniture-1119986,Seat - Straight Seat - Wooden Battens - Type 2 - Royal Park,street_furniture,Seat,,3.0,-37.78763971513834,144.94368048859585,street_furniture_clean.csv
furniture-1120023,Seat - Straight Seat - Wooden Battens - Type 2 - Eades Park,street_furniture,Seat,,4.0,-37.80699332300596,144.95150651323712,street_furniture_clean.csv
furniture-1120083,Seat - Straight Seat - Wooden Battens - Type 2 - Kings Domain South,street_furniture,Seat,,4.0,-37.834087055721454,144.9834699710345,street_furniture_clean.csv
furniture-1120104,Seat - Metal Seat - Royal Park,street_furniture,Seat,,4.0,-37.78538988676304,144.95383020085282,street_furniture_clean.csv
furniture-1313262,Seat - Stainless Steel Straight Seat - Docklands,street_furniture,Seat,,3.44,-37.815170298682055,144.94116694168997,street_furniture_clean.csv
furniture-1313316,Seat - Timber Bench with Aluminium Legs - Docklands,street_furniture,Seat,,3.16,-37.82421028148623,144.9440890694363,street_furniture_clean.csv
furniture-1313328,Seat - Stainless Steel Bench - Docklands,street_furniture,Seat,,3.43,-37.81295034605497,144.942172000372,street_furniture_clean.csv
furniture-1313393,Seat - Timber Bench with Aluminium Legs - Docklands,street_furniture,Seat,,3.16,-37.82423026571289,144.9442581341111,street_furniture_clean.csv
furniture-1313408,Drinking Fountain - Stainless Steel Drinking Fountain - Leaf Type,street_furniture,Drinking Fountain,,3.36,-37.81812625933699,144.9458429589375,street_furniture_clean.csv
furniture-1313424,Seat - Stainless Steel Seat - Fixed,street_furniture,Seat,,3.44,-37.81881531323791,144.94692897065238,street_furniture_clean.csv
furniture-1119234,Seat - Straight Seat - Wooden Battens - Type 2 - Royal Park,street_furniture,Seat,,2.0,-37.78645264628093,144.95304190540477,street_furniture_clean.csv
furniture-1313479,Seat - Timber Seat with Aluminium Legs - Docklands,street_furniture,Seat,,3.16,-37.82451230031018,144.9458000635689,street_furniture_clean.csv
furniture-1118706,Picnic Setting - Urban Design Style,street_furniture,Picnic Setting,,4.0,-37.78680778557567,144.95280772585832,street_furniture_clean.csv
furniture-1119113,Seat - Straight Seat - Wooden Battens - Type 2 - Canning & Palmerston St Reserve,street_furniture,Seat,,3.0,-37.79632002577176,144.97290388732222,street_furniture_clean.csv
furniture-1313692,Seat - Metal Seat,street_furniture,Seat,,3.12,-37.81493886081898,144.9549212689076,street_furniture_clean.csv
furniture-1119043,Seat - Straight Seat - Wooden Battens - Type 2 - Peppercorn Park,street_furniture,Seat,,4.0,-37.79259710106378,144.92257718962287,street_furniture_clean.csv
furniture-1119128,Seat - Straight Seat - Wooden Battens - Type 2 - Royal Park,street_furniture,Seat,,4.0,-37.78707380159671,144.95315444219972,street_furniture_clean.csv
furniture-1119167,Seat - Wooden Bench - Womens Peace Garden,street_furniture,Seat,,3.0,-37.7910549344719,144.92422349088443,street_furniture_clean.csv
furniture-1119168,Seat - Straight Seat - Wooden Battens - Type 2 - Womens Peace Garden,street_furniture,Seat,,3.0,-37.79144500470216,144.92388847606986,street_furniture_clean.csv
furniture-1119170,Seat - Straight Seat - Wooden Battens - Type 2 - Lincoln Square,street_furniture,Seat,,3.0,-37.8023723814663,144.9624520113551,street_furniture_clean.csv
furniture-1119186,Seat - Straight Seat - Wooden Battens - Type 2 - Argyle Square,street_furniture,Seat,,4.0,-37.80304682815308,144.96568406471647,street_furniture_clean.csv
furniture-1119189,Seat - Straight Seat - Wooden Battens - Type 2 - Hawke and Curzon Street Reserve,street_furniture,Seat,,3.0,-37.80598751678625,144.94766605287103,street_furniture_clean.csv
furniture-1119224,Seat - Straight Seat - Wooden Battens - Type 2 - Royal Park,street_furniture,Seat,,4.0,-37.78273943364587,144.95438031009243,street_furniture_clean.csv
furniture-1119227,Seat - Straight Seat - Wooden Battens - Type 2 - Argyle Square,street_furniture,Seat,,4.0,-37.80306407454791,144.96587383396883,street_furniture_clean.csv
furniture-1313994,Seat - Stainless Steel Seat - Fixed,street_furniture,Seat,,3.44,-37.81587070608154,144.95791382665826,street_furniture_clean.csv
furniture-1314016,Seat - Fixed Single Seat,street_furniture,Seat,,3.44,-37.81540729579511,144.94158895522972,street_furniture_clean.csv
furniture-1314024,Seat - Timber Seat with Aluminium Legs - Docklands,street_furniture,Seat,,3.16,-37.824180270709554,144.94747206192042,street_furniture_clean.csv
furniture-1119332,Seat - Straight Seat - Wooden Battens - Type 2 - Fawkner Park,street_furniture,Seat,,4.0,-37.84185412232061,144.98331831555356,street_furniture_clean.csv
furniture-1119333,Seat - Straight Seat - Wooden Battens - Type 2 - Fawkner Park,street_furniture,Seat,,3.0,-37.84218576760898,144.9820622183135,street_furniture_clean.csv
furniture-1120113,Seat - Metal Bench - William Street (MELBOURNE),street_furniture,Seat,,3.0,-37.807811835026456,144.95479715759535,street_furniture_clean.csv
furniture-1120140,Seat - Concrete Bench Seat,street_furniture,Seat,,3.0,-37.80036112906654,144.96024456147876,street_furniture_clean.csv
furniture-1120142,Seat - Concrete Bench Seat,street_furniture,Seat,,3.0,-37.80057708772366,144.9605224409051,street_furniture_clean.csv
furniture-1120143,Seat - Concrete Bench Seat,street_furniture,Seat,,3.0,-37.80047772717107,144.9605507280944,street_furniture_clean.csv
furniture-1120178,Seat - Womens Peace Garden Bench,street_furniture,Seat,,3.0,-37.79131919911946,144.92385770291773,street_furniture_clean.csv
furniture-1120190,Seat - Alloy Frame and Narrow Wooden Slats - Birrarung Marr,street_furniture,Seat,,4.0,-37.818639478432594,144.97157852904542,street_furniture_clean.csv
furniture-1120193,Seat - Alloy Frame and Narrow Wooden Slats - Birrarung Marr,street_furniture,Seat,,4.0,-37.81872474118566,144.97229597555938,street_furniture_clean.csv
furniture-1119772,Seat - Straight Seat - Wooden Battens - Type 2 - Gordon Reserve,street_furniture,Seat,,3.0,-37.8123195982494,144.97394872365706,street_furniture_clean.csv
furniture-1120221,Seat - Long bench attached to building,street_furniture,Seat,,3.0,-37.81174598607878,144.9862305482757,street_furniture_clean.csv
furniture-1120242,Seat - Metal Seat - Park Type - Birrarung Marr,street_furniture,Seat,,3.0,-37.81877406503798,144.96934847657008,street_furniture_clean.csv
furniture-1120258,Seat - Metal Seat - Pleasance Gardens,street_furniture,Seat,,3.0,-37.79625457023105,144.9449127627772,street_furniture_clean.csv
furniture-1120267,Seat - Metal Seat - Gordon Reserve,street_furniture,Seat,,3.0,-37.81202692661639,144.9741705037905,street_furniture_clean.csv
furniture-1283679,Seat - Straight Seat - Wooden Battens - Type 2 - Royal Park,street_furniture,Seat,,4.0,-37.78540334090114,144.9460967168857,street_furniture_clean.csv
furniture-1283947,Drinking fountain - Historic or Heritage Drinking Fountains - Shrine Gardens,street_furniture,Drinking Fountain,,4.0,-37.83249800027375,144.97285892460977,street_furniture_clean.csv
furniture-1290812,Picnic Table,street_furniture,Picnic Setting,,3.0,-37.81967101529141,144.94604244650313,street_furniture_clean.csv
furniture-1290850,Seat - Unclassified - Docklands Park,street_furniture,Seat,,3.0,-37.82082680012063,144.94654536864982,street_furniture_clean.csv
furniture-1312946,Seat - Stainless Steel Straight Seat,street_furniture,Seat,,4.45,-37.81348039022888,144.96607561867182,street_furniture_clean.csv
furniture-1312950,Seat - Stainless Steel Straight Seat,street_furniture,Seat,,4.45,-37.81327304732439,144.96622273284277,street_furniture_clean.csv
furniture-1313003,Seat - Stainless Steel Bench - Docklands,street_furniture,Seat,,3.43,-37.813569255606254,144.94126890039138,street_furniture_clean.csv
furniture-1313017,Drinking Fountain - Stainless Steel Drinking Fountain - Leaf Type,street_furniture,Drinking Fountain,,3.44,-37.82416129460037,144.94386411864073,street_furniture_clean.csv
furniture-1313022,Drinking Fountain - Stainless Steel Drinking Fountain - Leaf Type,street_furniture,Drinking Fountain,,3.44,-37.824688315009205,144.94695310036423,street_furniture_clean.csv
furniture-1119908,Seat - Metal Seat -,street_furniture,Seat,,3.0,-37.79535409206762,144.91432975434827,street_furniture_clean.csv
furniture-1119091,Seat - Wooden Bench - Womens Peace Garden,street_furniture,Seat,,4.0,-37.79111802598712,144.92437741386735,street_furniture_clean.csv
furniture-1313167,Seat - Stainless Steel Straight Seat,street_furniture,Seat,,3.44,-37.821273636123074,144.96176405265493,street_furniture_clean.csv
furniture-1313168,Seat - Stainless Steel Straight Seat,street_furniture,Seat,,3.44,-37.82130369940674,144.96176197591703,street_furniture_clean.csv
furniture-1119612,Seat - Straight Seat - Wooden Battens - Type 2 - Fitzroy Gardens,street_furniture,Seat,,3.0,-37.81264511610546,144.9796663634766,street_furniture_clean.csv
furniture-1119648,Seat - Straight Seat - Wooden Battens - Type 2 - Fawkner Park,street_furniture,Seat,,3.0,-37.84240950405584,144.9838700145781,street_furniture_clean.csv
furniture-1119650,Seat - Straight Seat - Wooden Battens - Type 2 - Carlton Gardens North,street_furniture,Seat,,4.0,-37.80166187509742,144.97100026113858,street_furniture_clean.csv
furniture-1120181,Seat - Womens Peace Garden Bench,street_furniture,Seat,,3.0,-37.79095811498961,144.92385861241252,street_furniture_clean.csv
furniture-1120183,Seat - Straight Seat - Wooden Battens - Type 2 - Batman Park,street_furniture,Seat,,3.0,-37.821843339866746,144.9573013735692,street_furniture_clean.csv
furniture-1120245,Seat - Metal Seat - Errol Street (NORTH MELBOURNE),street_furniture,Seat,,3.0,-37.80268991536949,144.9496979159523,street_furniture_clean.csv
furniture-1751219,Seat - Straight Seat - Wooden Battens - Type 2 - Railway Place And Miller Street Reserve,street_furniture,Seat,,4.0,-37.80523248236061,144.9410616891967,street_furniture_clean.csv
furniture-1753304,Seat - Straight Seat - Wooden Battens - Type 2 - New Quay Central Park,street_furniture,Seat,,4.0,-37.81510370404176,144.93914258670588,street_furniture_clean.csv
furniture-1753305,Seat - Straight Seat - Wooden Battens - Type 2 - New Quay Central Park,street_furniture,Seat,,4.0,-37.81508485092686,144.93915696968244,street_furniture_clean.csv
furniture-1480683,Seat - Stainless Steel Seat - Fixed,street_furniture,Seat,,3.44,-37.82078752387884,144.94615872521334,street_furniture_clean.csv
furniture-1491154,Seat - Urban Design Park Style - Green Powder Coat - Royal Park,street_furniture,Seat,,3.0,-37.78735080786546,144.95496921569242,street_furniture_clean.csv
furniture-1491182,Seat - Urban Design Park Style - Green Powder Coat - Royal Park,street_furniture,Seat,,3.0,-37.7794003198673,144.95510831407972,street_furniture_clean.csv
furniture-1519508,Barbeque - Urban Design Double Hotplate Spanning Two Units - Alexandra Park,street_furniture,Barbeque,,4.0,-37.824260053373365,144.9776466199352,street_furniture_clean.csv
furniture-1755036,Drinking Fountain - Stainless Steel Drinking Fountain - Leaf Type - Gardiner Reserve,street_furniture,Drinking Fountain,,4.0,-37.79889823757444,144.94401837483926,street_furniture_clean.csv
furniture-1753331,Seat - Stainless Steel Seat - Fixed,street_furniture,Seat,,3.44,-37.81977831499552,144.9451936983497,street_furniture_clean.csv
furniture-1756565,Seat - Straight Seat - Wooden Battens - Type 2 - Kings Domain,street_furniture,Seat,,3.0,-37.82685367661527,144.97256621601178,street_furniture_clean.csv
furniture-1757694,Drinking Fountain - Stainless Steel Drinking Fountain - Leaf Type - Royal Park,street_furniture,Drinking Fountain,,4.0,-37.77732383776788,144.9531895231545,street_furniture_clean.csv
furniture-1764807,Seat - Unclassified - Wharfs Landing Park,street_furniture,Seat,,5.0,-37.82181625070909,144.93664638167752,street_furniture_clean.csv
furniture-1767916,Drinking Fountain - Leaf Type - Dog Bowl  - Flagstaff Gardens,street_furniture,Drinking Fountain,,5.0,-37.81010993947886,144.95363625566395,street_furniture_clean.csv
furniture-1757704,Drinking Fountain - Leaf Type - With Bottle Refill Tap - Fitzroy Gardens,street_furniture,Drinking Fountain,,4.0,-37.81367564418339,144.98268520584864,street_furniture_clean.csv
furniture-1771628,Seat - Straight Seat - Wooden Battens - Type 2 - Newmarket Reserve,street_furniture,Seat,,3.0,-37.78836170707966,144.92232347243345,street_furniture_clean.csv
furniture-1771702,Drinking Fountain - Leaf Type - Dog Bowl  - JJ Holland Park,street_furniture,Drinking Fountain,,3.0,-37.79841970759794,144.92421993826414,street_furniture_clean.csv
furniture-1771970,Drinking Fountain - Leaf Type - With Bottle Refill Tap - Queen Victoria Gardens,street_furniture,Drinking Fountain,,5.0,-37.82168006484173,144.9700370336942,street_furniture_clean.csv
furniture-1775787,Seat - Unclassified - Boyd Community Hub,street_furniture,Seat,,5.0,-37.82576508075414,144.96127430125114,street_furniture_clean.csv
furniture-1566073,Seat - Stainless Steel Seat - Fixed,street_furniture,Seat,,3.24,-37.821568729055365,144.94472699534222,street_furniture_clean.csv
furniture-1566840,Seat - Metal Seat - Warun Biik Park,street_furniture,Seat,,3.0,-37.79640900892127,144.92588205827337,street_furniture_clean.csv
furniture-1566841,Seat - Metal Seat - Warun Biik Park,street_furniture,Seat,,3.0,-37.79643893246534,144.92591301997493,street_furniture_clean.csv
furniture-1551640,Seat - Stainless Steel Straight Seat,street_furniture,Seat,,3.44,-37.81686550608367,144.9672722792471,street_furniture_clean.csv
furniture-1566849,Seat - Straight Seat - Wooden Battens - Type 2 - Warun Biik Park,street_furniture,Seat,,4.0,-37.79687893468122,144.92648899203792,street_furniture_clean.csv
furniture-1568595,Seat - Stainless Steel Seat - Swivel,street_furniture,Seat,,4.0,-37.82018726356619,144.94509022419146,street_furniture_clean.csv
furniture-1559236,Seat - Stainless Steel Seat - Fixed,street_furniture,Seat,,3.3,-37.82163480380041,144.94937959092402,street_furniture_clean.csv
furniture-1572354,Drinking Fountain - Stainless Steel Drinking Fountain - Leaf Type - Bottle Refill Tap,street_furniture,Drinking Fountain,,3.45,-37.81775113289117,144.9668727624917,street_furniture_clean.csv
furniture-1572828,Drinking Fountain - Stainless Steel Drinking Fountain - Leaf Type - Bottle Refill Tap,street_furniture,Drinking Fountain,,3.4,-37.81211636429392,144.96242655579448,street_furniture_clean.csv
furniture-1578235,Seat - Stainless Steel Straight Seat,street_furniture,Seat,,3.44,-37.82232894211782,144.93928175107345,street_furniture_clean.csv
furniture-1579970,Seat - Straight Seat - Wooden Battens - Type 2,street_furniture,Seat,,4.0,-37.81507965668969,144.97988216503214,street_furniture_clean.csv
furniture-1589229,Picnic Setting - Urban Design Style - Royal Park,street_furniture,Picnic Setting,,4.0,-37.795090189469946,144.95102757614495,street_furniture_clean.csv
furniture-1589362,Drinking Fountain - Stainless Steel Drinking Fountain - Leaf Type - Bottle Refill Tap,street_furniture,Drinking Fountain,,4.0,-37.814436444048496,144.97774297882825,street_furniture_clean.csv
furniture-1589755,Seat - Metal Seat - Reeves Street Park,street_furniture,Seat,,4.0,-37.79383236468742,144.97042635874104,street_furniture_clean.csv
furniture-1589849,Seat - Wooden Slats set in Stonework,street_furniture,Seat,,3.16,-37.81834373913514,144.94465162008123,street_furniture_clean.csv
furniture-1569161,Information Pillar - Information Hub Pillar,street_furniture,Information Pillar,,2.55,-37.82355106413839,144.9697169670817,street_furniture_clean.csv
furniture-1589911,Drinking Fountain - Stainless Steel Drinking Fountain - Leaf Type - Bottle Refill Tap,street_furniture,Drinking Fountain,,4.0,-37.82469655350015,144.9721174141578,street_furniture_clean.csv
furniture-1589918,Drinking Fountain - Stainless Steel Drinking Fountain - Leaf Type - Bottle Refill Tap,street_furniture,Drinking Fountain,,3.0,-37.82186723614085,144.9572554993872,street_furniture_clean.csv
furniture-1589919,Drinking Fountain - Stainless Steel Drinking Fountain - Leaf Type - Bottle Refill Tap,street_furniture,Drinking Fountain,,3.0,-37.82024273028081,144.95962780503942,street_furniture_clean.csv
furniture-1589920,Drinking Fountain - Stainless Steel Drinking Fountain - Leaf Type - Bottle Refill Tap,street_furniture,Drinking Fountain,,4.0,-37.82317712092532,144.94186784766944,street_furniture_clean.csv
furniture-1591436,Drinking Fountain - Stainless Steel Drinking Fountain - Leaf Type - Bottle Refill Tap,street_furniture,Drinking Fountain,,3.43,-37.80443768421831,144.9634305261689,street_furniture_clean.csv
furniture-1578245,Seat - Stainless Steel Seat - Swivel,street_furniture,Seat,,3.44,-37.82205803385921,144.93808665055886,street_furniture_clean.csv
furniture-1579100,Seat - Stainless Steel Straight Seat,street_furniture,Seat,,3.3,-37.82352258560033,144.94067478945138,street_furniture_clean.csv
furniture-1597363,Seat - Straight Seat - Wooden Battens - Type 2 - Royal Park,street_furniture,Seat,,4.0,-37.77799314854997,144.95409753909408,street_furniture_clean.csv
furniture-1598977,Seat - Straight Seat - Wooden Battens - Type 2 - Alexandra Gardens,street_furniture,Seat,,4.0,-37.82045572419636,144.97278288433765,street_furniture_clean.csv
furniture-1599661,Seat - Straight Seat - Wooden Battens - Type 2 - Garrard Street Reserve,street_furniture,Seat,,4.0,-37.77920659953,144.94180304588338,street_furniture_clean.csv
furniture-1610129,Seat - Straight Seat - Wooden Battens - Type 2 - Royal Park,street_furniture,Seat,,4.0,-37.77723217959167,144.95068059593336,street_furniture_clean.csv
furniture-1610556,Seat - Stainless Steel Bench - Docklands,street_furniture,Seat,,3.44,-37.82092623860842,144.9420726108622,street_furniture_clean.csv
furniture-1606405,Picnic Setting - unspecified - Point Park,street_furniture,Picnic Setting,,3.0,-37.82303506103988,144.9414998423118,street_furniture_clean.csv
furniture-1618757,Seat - Metal Bench,street_furniture,Seat,,4.17,-37.814421172851794,144.97055418373805,street_furniture_clean.csv
furniture-1618759,Seat - Metal Bench,street_furniture,Seat,,3.17,-37.814489362015934,144.9703171742237,street_furniture_clean.csv
furniture-1631168,Seat - Straight Seat - Wooden Battens - Type 2 - Cardigan Street Park,street_furniture,Seat,,4.0,-37.79434600545785,144.96619327498925,street_furniture_clean.csv
furniture-1613536,Seat - Straight Seat - Wooden Battens - Type 2 - Leverson Street Reserve,street_furniture,Seat,,4.0,-37.800505964738,144.95180842495876,street_furniture_clean.csv
furniture-1633484,Seat - Timber Bench - Ron Barassi Senior Park,street_furniture,Seat,,5.0,-37.81723234943576,144.93413308846706,street_furniture_clean.csv
furniture-1644107,Seat - Straight Seat - Wooden Battens - Type 2 - Jolimont Reserve,street_furniture,Seat,,4.0,-37.81653783931513,144.9820150988995,street_furniture_clean.csv
furniture-1633458,Seat - Straight Seat - Wooden Battens - Type 2 - Ron Barassi Senior Park,street_furniture,Seat,,4.0,-37.81602533334218,144.93441120013748,street_furniture_clean.csv
furniture-1631172,Seat - Timber Bench - Keppel Street Park,street_furniture,Seat,,3.0,-37.79474617388132,144.96595585207604,street_furniture_clean.csv
furniture-1633821,Seat - Straight Seat - Wooden Battens - Type 2 - Sturt Street Reserve,street_furniture,Seat,,4.0,-37.82959416155349,144.96493046664668,street_furniture_clean.csv
furniture-1672756,Drinking Fountain - Stainless Steel Drinking Fountain - Leaf Type,street_furniture,Drinking Fountain,,3.44,-37.82034342836768,144.94031908099987,street_furniture_clean.csv
furniture-1725240,Picnic Setting - unspecified - Parsons Reserve,street_furniture,Picnic Setting,,3.0,-37.79004756056683,144.93096574017986,street_furniture_clean.csv
furniture-1742339,Seat - Straight Seat - Wooden Battens - Type 2 - Hawke and Adderley Street Park,street_furniture,Seat,,4.0,-37.80850243633499,144.9450624383117,street_furniture_clean.csv
furniture-1742443,Picnic Setting - Urban Design Style - Bellair Street Reserve,street_furniture,Picnic Setting,,5.0,-37.79559633214363,144.93086669245656,street_furniture_clean.csv
furniture-1742445,Picnic Setting - Urban Design Style - Bellair Street Reserve,street_furniture,Picnic Setting,,4.0,-37.795519270989736,144.9308455617539,street_furniture_clean.csv
furniture-1742447,Seat - Platform Style - Bellair Street Reserve,street_furniture,Seat,,4.0,-37.79531117026927,144.93084444086213,street_furniture_clean.csv
furniture-1742495,Barbeque - Urban Design Single Hotplate,street_furniture,Barbeque,,4.0,-37.79557201558579,144.93078549022908,street_furniture_clean.csv
furniture-1742601,Seat - Stainless Steel Straight Seat,street_furniture,Seat,,4.29,-37.81343201948916,144.94273908609873,street_furniture_clean.csv
furniture-1742605,Seat - Stainless Steel Seat - Fixed,street_furniture,Seat,,4.29,-37.813454850071565,144.94277696038947,street_furniture_clean.csv
furniture-1742641,Seat - Stainless Steel Straight Seat - Docklands,street_furniture,Seat,,3.44,-37.81962916452527,144.9415251753637,street_furniture_clean.csv
furniture-1743781,Drinking Fountain - Stainless Steel Drinking Fountain - Old Docklands Type,street_furniture,Drinking Fountain,,3.44,-37.82016422388396,144.9419807414183,street_furniture_clean.csv
furniture-1740997,Seat - Stainless Steel Straight Seat,street_furniture,Seat,,3.42,-37.8097883557077,144.96656586311823,street_furniture_clean.csv
furniture-1743804,Seat - Stainless Steel Straight Seat,street_furniture,Seat,,3.44,-37.82191937174457,144.944504824321,street_furniture_clean.csv
furniture-1743858,Seat - Stainless Steel Seat - Fixed,street_furniture,Seat,,3.44,-37.823792955173786,144.9431039593365,street_furniture_clean.csv
furniture-1078744,Seat - Stainless Steel Seat - 3m & LED lights,street_furniture,Seat,,1.45,-37.81403537747067,144.9640965662264,street_furniture_clean.csv
furniture-1078745,Seat - Stainless Steel Seat - 3m & LED lights,street_furniture,Seat,,4.45,-37.81384925227319,144.96473587556437,street_furniture_clean.csv
furniture-1078746,Seat - Stainless Steel Seat - 3m & LED lights,street_furniture,Seat,,3.45,-37.81372458656876,144.96521889299112,street_furniture_clean.csv
furniture-1078751,Seat - Stainless Steel Seat - 6m & LED lights,street_furniture,Seat,,3.45,-37.814033923768726,144.9641688522083,street_furniture_clean.csv
furniture-1078752,Seat - Stainless Steel Seat - 6m & LED lights,street_furniture,Seat,,3.45,-37.81387336384709,144.96470749639323,street_furniture_clean.csv
furniture-1078761,Seat - Stainless Steel Seat - Fixed,street_furniture,Seat,,2.45,-37.813828524905226,144.96488184527092,street_furniture_clean.csv
furniture-1078780,Seat - Stainless Steel Seat - Fixed,street_furniture,Seat,,3.45,-37.813658928350456,144.96501247823545,street_furniture_clean.csv
furniture-1078799,Seat - Stainless Steel Seat - Fixed,street_furniture,Seat,,4.45,-37.81408324015813,144.96395643885802,street_furniture_clean.csv
furniture-1078807,Seat - Stainless Steel Seat - Fixed,street_furniture,Seat,,2.45,-37.81397474476513,144.96390989257645,street_furniture_clean.csv
furniture-1078876,Seat - Stainless Steel Straight Seat,street_furniture,Seat,,1.37,-37.811340473812216,144.97273951247098,street_furniture_clean.csv
furniture-1078912,Seat - Handrail Steps and Seating Wall,street_furniture,Seat,,3.45,-37.81416214362411,144.96369879676675,street_furniture_clean.csv
furniture-1078952,Seat - Metal Semi-circular Seats,street_furniture,Seat,,3.17,-37.79929738261094,144.96729642386398,street_furniture_clean.csv
furniture-1078960,Seat - Metal Semi-circular Seats,street_furniture,Seat,,2.17,-37.80041132746047,144.96686303917173,street_furniture_clean.csv
furniture-1078989,Seat - Stainless Steel Seat - Fixed,street_furniture,Seat,,3.44,-37.8146580464614,144.96143246098998,street_furniture_clean.csv
furniture-1078996,Seat - Metal Seat,street_furniture,Seat,,3.12,-37.80841187783488,144.96060334325716,street_furniture_clean.csv
furniture-1079004,Seat - Metal Seat,street_furniture,Seat,,3.1,-37.81657356474337,144.9615666334737,street_furniture_clean.csv
furniture-1079030,Seat - Stainless Steel Seat - Fixed,street_furniture,Seat,,3.4,-37.81786003401517,144.96236041081784,street_furniture_clean.csv
furniture-1079037,Seat - Stainless Steel Straight Seat,street_furniture,Seat,,3.4,-37.80961367696224,144.96958266036776,street_furniture_clean.csv
furniture-1079070,Seat - Stainless Steel Straight Seat,street_furniture,Seat,,2.38,-37.80987902767219,144.97005564193475,street_furniture_clean.csv
furniture-1079112,Seat - Metal Bench,street_furniture,Seat,,3.02,-37.82397093218316,144.9607174572109,street_furniture_clean.csv
furniture-1079113,Seat - Metal Bench,street_furniture,Seat,,3.11,-37.813095575914055,144.957173110908,street_furniture_clean.csv
furniture-1079118,Seat - Metal Bench,street_furniture,Seat,,3.16,-37.80716682045191,144.95938136195085,street_furniture_clean.csv
furniture-1079124,Seat - Stainless Steel Straight Seat,street_furniture,Seat,,3.42,-37.81376981484004,144.97402971361666,street_furniture_clean.csv
furniture-1079127,Seat - Stainless Steel Straight Seat,street_furniture,Seat,,3.44,-37.81373534710192,144.97288051546835,street_furniture_clean.csv
furniture-1079149,Seat - Metal Bench,street_furniture,Seat,,4.1,-37.81212429612236,144.9700757041029,street_furniture_clean.csv
furniture-1079161,Seat - Metal Seat,street_furniture,Seat,,3.16,-37.81473398338744,144.96114433872623,street_furniture_clean.csv
furniture-1079192,Seat - Metal Seat,street_furniture,Seat,,3.14,-37.79428461717743,144.92806999585753,street_furniture_clean.csv
furniture-1079198,Seat - Metal Seat,street_furniture,Seat,,2.85,-37.7939695824868,144.92748191051692,street_furniture_clean.csv
furniture-1079201,Seat - Metal Seat,street_furniture,Seat,,2.87,-37.79145688138669,144.9220223684664,street_furniture_clean.csv
furniture-1079219,Seat - Metal Seat,street_furniture,Seat,,3.11,-37.81961188744605,144.9570644611616,street_furniture_clean.csv
furniture-1079225,Seat - Metal Seat,street_furniture,Seat,,2.99,-37.828920073366575,144.97064144340942,street_furniture_clean.csv
furniture-1079234,Seat - Metal Seat,street_furniture,Seat,,2.99,-37.82995105771063,144.96715440743571,street_furniture_clean.csv
furniture-1079235,Seat - Metal Seat,street_furniture,Seat,,2.99,-37.830061817316974,144.96598075023604,street_furniture_clean.csv
furniture-1079246,Seat - Metal Seat,street_furniture,Seat,,3.02,-37.824946022220615,144.96348840184626,street_furniture_clean.csv
furniture-1079250,Seat - Metal Seat,street_furniture,Seat,,3.1,-37.79732225466518,144.9679848506231,street_furniture_clean.csv
furniture-1079252,Seat - Metal Seat,street_furniture,Seat,,3.08,-37.79781989309313,144.97030552356705,street_furniture_clean.csv
furniture-1079255,Seat - Metal Seat,street_furniture,Seat,,3.05,-37.81512863989127,144.98288659030553,street_furniture_clean.csv
furniture-1079264,Seat - Metal Seat,street_furniture,Seat,,2.03,-37.81663008472382,144.97994236423887,street_furniture_clean.csv
furniture-1079303,Seat - Stainless Steel Straight Seat,street_furniture,Seat,,3.4,-37.81186020733914,144.9633096125044,street_furniture_clean.csv
furniture-1079332,Seat - Metal Seat,street_furniture,Seat,,2.83,-37.79857149187092,144.94852039247817,street_furniture_clean.csv
furniture-1079337,Seat - Metal Seat,street_furniture,Seat,,3.13,-37.80007543992238,144.95217443798228,street_furniture_clean.csv
furniture-1079364,Seat - Metal Seat,street_furniture,Seat,,3.06,-37.84534696437431,144.9833433954871,street_furniture_clean.csv
furniture-1079378,Seat - Metal Seat,street_furniture,Seat,,3.12,-37.80209334590193,144.95599686465704,street_furniture_clean.csv
furniture-1079385,Seat - Metal Seat,street_furniture,Seat,,3.11,-37.81165705316627,144.95932089149645,street_furniture_clean.csv
furniture-1079386,Seat - Metal Seat,street_furniture,Seat,,3.11,-37.81214946796908,144.95955041855174,street_furniture_clean.csv
furniture-1079405,Seat - Stainless Steel Straight Seat,street_furniture,Seat,,3.42,-37.81167961873496,144.9677069051382,street_furniture_clean.csv
furniture-1079410,Seat - Stainless Steel Straight Seat,street_furniture,Seat,,3.4,-37.81042530737244,144.9671556344951,street_furniture_clean.csv
furniture-1079424,Seat - Metal Seat,street_furniture,Seat,,4.1,-37.8122719232898,144.96269830675408,street_furniture_clean.csv
furniture-1079440,Seat - Metal Seat,street_furniture,Seat,,2.96,-37.80490299939318,144.9603190434943,street_furniture_clean.csv
furniture-1079456,Seat - Metal Seat,street_furniture,Seat,,2.16,-37.819928438623336,144.96619819473892,street_furniture_clean.csv
furniture-1079521,Seat - Metal Seat,street_furniture,Seat,,3.16,-37.81939070394854,144.96437281955986,street_furniture_clean.csv
furniture-1079527,Seat - Stainless Steel Straight Seat,street_furniture,Seat,,3.4,-37.8103911747534,144.9683265361796,street_furniture_clean.csv
furniture-1079552,Seat - Metal Seat,street_furniture,Seat,,3.02,-37.82698202421864,144.9664433188022,street_furniture_clean.csv
furniture-1079553,Seat - Metal Seat,street_furniture,Seat,,2.99,-37.82816907211986,144.96843332409117,street_furniture_clean.csv
furniture-1079616,Seat - Metal Seat,street_furniture,Seat,,1.16,-37.80858836725306,144.97610288032874,street_furniture_clean.csv
furniture-1079628,Seat - Metal Seat,street_furniture,Seat,,3.1,-37.81021173751082,144.97079780501244,street_furniture_clean.csv
furniture-1079631,Seat - Stainless Steel Straight Seat,street_furniture,Seat,,2.4,-37.81154192194679,144.96439940078645,street_furniture_clean.csv
furniture-1079646,Seat - Metal Seat,street_furniture,Seat,,1.13,-37.81472291195712,144.97164348094944,street_furniture_clean.csv
furniture-1079681,Seat - Metal Seat,street_furniture,Seat,,1.12,-37.80742800849861,144.96560676629818,street_furniture_clean.csv
furniture-1079693,Seat - Metal Seat,street_furniture,Seat,,1.16,-37.81991469591394,144.96604952422044,street_furniture_clean.csv
furniture-1079694,Seat - Metal Seat,street_furniture,Seat,,2.16,-37.819879218777096,144.96627554650695,street_furniture_clean.csv
furniture-1079696,Seat - Metal Seat,street_furniture,Seat,,3.16,-37.8202286805046,144.96456416705965,street_furniture_clean.csv
furniture-1079699,Seat - Metal Seat,street_furniture,Seat,,3.16,-37.82065269201262,144.96243890554953,street_furniture_clean.csv
furniture-1079701,Seat - Metal Seat,street_furniture,Seat,,3.16,-37.8206728929284,144.9625803557098,street_furniture_clean.csv
furniture-1079703,Seat - Metal Seat,street_furniture,Seat,,3.16,-37.82076754561893,144.96267579366943,street_furniture_clean.csv
furniture-1079706,Seat - Metal Seat,street_furniture,Seat,,3.16,-37.820690025559465,144.9629663674291,street_furniture_clean.csv
furniture-1079722,Seat - Metal Seat,street_furniture,Seat,,3.02,-37.8238279571589,144.96050133164033,street_furniture_clean.csv
furniture-1079742,Seat - Metal Seat,street_furniture,Seat,,4.1,-37.81539113658741,144.96101516082513,street_furniture_clean.csv
furniture-1079743,Seat - Metal Seat,street_furniture,Seat,,3.1,-37.81763778909322,144.96205753071072,street_furniture_clean.csv
furniture-1079755,Seat - Metal Seat,street_furniture,Seat,,3.09,-37.811214714797984,144.9586998067618,street_furniture_clean.csv
furniture-1079767,Seat - Metal Seat,street_furniture,Seat,,3.06,-37.83770426375367,144.98217492825034,street_furniture_clean.csv
furniture-1079797,Seat - Metal Seat,street_furniture,Seat,,3.14,-37.80446704676864,144.9492536231637,street_furniture_clean.csv
furniture-1079798,Seat - Metal Seat,street_furniture,Seat,,3.14,-37.8041073756109,144.94931502404296,street_furniture_clean.csv
furniture-1079800,Seat - Metal Seat,street_furniture,Seat,,3.14,-37.8039815138749,144.9493375868688,street_furniture_clean.csv
furniture-1079824,Seat - Metal Seat,street_furniture,Seat,,2.93,-37.817178177342605,144.98859632072265,street_furniture_clean.csv
furniture-1079857,Seat - Metal Seat,street_furniture,Seat,,3.05,-37.83732148674888,144.9817831075448,street_furniture_clean.csv
furniture-1079859,Seat - Stainless Steel Seat - Fixed,street_furniture,Seat,,3.45,-37.81886115012637,144.95522845503,street_furniture_clean.csv
furniture-1079873,Seat - Straight Seat - Wooden & Concrete,street_furniture,Seat,,1.0,-37.77690843290998,144.94949750926347,street_furniture_clean.csv
furniture-1079888,Seat - Straight Seat - Wooden & Concrete,street_furniture,Seat,,1.0,-37.81697939545034,144.9548178093165,street_furniture_clean.csv
furniture-1079895,Seat - Straight Seat - Wooden Battens,street_furniture,Seat,,2.13,-37.80826307939648,144.97181015709296,street_furniture_clean.csv
furniture-1079914,Seat - Straight Seat - Wooden Battens - Type 2,street_furniture,Seat,,1.0,-37.82015196362459,144.9608283696166,street_furniture_clean.csv
furniture-1079921,Seat - Straight Seat - Wooden Battens - Type 2,street_furniture,Seat,,1.0,-37.82034498515401,144.959657366179,street_furniture_clean.csv
furniture-1079922,Seat - Straight Seat - Wooden Battens - Type 2,street_furniture,Seat,,1.0,-37.82036392786301,144.95960640432403,street_furniture_clean.csv
furniture-1079927,Seat - Straight Seat - Wooden Battens - Type 2,street_furniture,Seat,,1.0,-37.820458990462015,144.95936135500668,street_furniture_clean.csv
furniture-1079928,Seat - Straight Seat - Wooden Battens - Type 2,street_furniture,Seat,,1.0,-37.82060097150103,144.95900527078456,street_furniture_clean.csv
furniture-1079930,Seat - Straight Seat - Wooden Battens - Type 2,street_furniture,Seat,,2.82,-37.79033312620113,144.9438287312973,street_furniture_clean.csv
furniture-1079959,Seat - Straight Seat - Wooden Battens - Type 3,street_furniture,Seat,,1.01,-37.80729670603145,144.9587485310074,street_furniture_clean.csv
furniture-1079967,Seat - Wooden bench with brick supports,street_furniture,Seat,,2.01,-37.8073899843701,144.95852538194296,street_furniture_clean.csv
furniture-1771614,Seat - Straight Seat - Wooden Battens - Type 2 - Shrine of Remembrance Reserve,street_furniture,Seat,,4.0,-37.83079129174287,144.9724732005305,street_furniture_clean.csv
furniture-1771643,Seat - Straight Seat - Wooden Battens - Type 2 - Riverside Park,street_furniture,Seat,,3.0,-37.79464050661208,144.9148263376384,street_furniture_clean.csv
furniture-1775798,Seat - Timber Bench - Boyd Community Hub,street_furniture,Seat,,5.0,-37.82572235217357,144.96070116707196,street_furniture_clean.csv
furniture-1796550,Seat - Unclassified - East Melbourne Library,street_furniture,Seat,,3.0,-37.815236939264096,144.98645512005376,street_furniture_clean.csv
furniture-1796725,Seat - Straight Seat - Wooden Battens - Type 2 - Fawkner Park,street_furniture,Seat,,5.0,-37.83879118498041,144.9845956839914,street_furniture_clean.csv
furniture-1454501,Seat - Stainless Steel Straight Seat,street_furniture,Seat,,3.44,-37.81541231646545,144.95879956084522,street_furniture_clean.csv
furniture-1532222,Seat - Stainless Steel Straight Seat,street_furniture,Seat,,3.3,-37.82144923050337,144.94922829254003,street_furniture_clean.csv
furniture-1510337,Seat - Stainless Steel Straight Seat,street_furniture,Seat,,4.45,-37.81691900461445,144.96551207381924,street_furniture_clean.csv
furniture-1511751,Drinking fountain - Historic or Heritage Drinking Fountains - JJ Holland Park,street_furniture,Drinking Fountain,,3.0,-37.79745516285821,144.92349296059965,street_furniture_clean.csv
furniture-1530827,Seat - Flat Bench Seat - Wooden Battens,street_furniture,Seat,,2.01,-37.79736304069326,144.9258797897902,street_furniture_clean.csv
furniture-1119235,Seat - Straight Seat - Wooden Battens - Type 2 - Royal Park,street_furniture,Seat,,3.0,-37.786577954466445,144.95299779595388,street_furniture_clean.csv
furniture-1119250,Seat - Straight Seat - Wooden Battens - Type 2 - Princes Park,street_furniture,Seat,,4.0,-37.78747432810167,144.9595293006548,street_furniture_clean.csv
furniture-1119266,Seat - Straight Seat - Wooden Battens - Type 2 - Princes Park,street_furniture,Seat,,3.0,-37.78187930558696,144.9620872749843,street_furniture_clean.csv
furniture-1119281,Seat - Straight Seat - Wooden Battens - Type 2 - Enterprize Park,street_furniture,Seat,,4.0,-37.82038824568846,144.9593508070657,street_furniture_clean.csv
furniture-1119302,Seat - Straight Seat - Wooden Battens - Type 2 - Wellington Park,street_furniture,Seat,,3.0,-37.81601385173945,144.97738015444483,street_furniture_clean.csv
furniture-1119306,Seat - Straight Seat - Wooden Battens - Type 2 - Fitzroy Gardens,street_furniture,Seat,,3.0,-37.81502587316365,144.97761522887376,street_furniture_clean.csv
furniture-1119318,Seat - Straight Seat - Wooden Battens - Type 2 - Gordon Reserve,street_furniture,Seat,,4.0,-37.8125420633867,144.97393094192523,street_furniture_clean.csv
furniture-1119325,Seat - Straight Seat - Wooden Battens - Type 2 - Gordon Reserve,street_furniture,Seat,,3.0,-37.81235664859065,144.9738499080645,street_furniture_clean.csv
furniture-1119347,Seat - Straight Seat - Wooden Battens - Type 2 - Fawkner Park,street_furniture,Seat,,3.0,-37.84246437331219,144.98163950313864,street_furniture_clean.csv
furniture-1119356,Seat - Straight Seat - Wooden Battens - Type 2 - Carlton Gardens North,street_furniture,Seat,,3.0,-37.801209908358494,144.97153757298986,street_furniture_clean.csv
furniture-1119381,Seat - Straight Seat - Wooden Battens - Type 2 - Fitzroy Gardens,street_furniture,Seat,,5.0,-37.81152466029562,144.98312417072654,street_furniture_clean.csv
furniture-1119383,Seat - Straight Seat - Wooden Battens - Type 2 - Fawkner Park,street_furniture,Seat,,3.0,-37.83869294204928,144.98472642213562,street_furniture_clean.csv
furniture-1118736,Picnic Setting - Urban Design Style,street_furniture,Picnic Setting,,4.0,-37.83907644675196,144.98070120950442,street_furniture_clean.csv
furniture-1119402,Seat - Straight Seat - Wooden Battens - Type 2 - Fitzroy Gardens,street_furniture,Seat,,3.0,-37.81094625500862,144.98275949774663,street_furniture_clean.csv
furniture-1589844,Seat - Wooden Slats set in Stonework,street_furniture,Seat,,3.16,-37.81845678685733,144.9443597108307,street_furniture_clean.csv
furniture-1589847,Seat - Wooden Slats set in Stonework,street_furniture,Seat,,3.16,-37.818398634390135,144.94450786916116,street_furniture_clean.csv
furniture-1579106,Information Pillar - Information Hub Pillar,street_furniture,Information Pillar,,3.4,-37.81908235381691,144.96234281423034,street_furniture_clean.csv
furniture-1611052,Seat - Stainless Steel Bench - Docklands,street_furniture,Seat,,3.3,-37.8179985243632,144.9497236751696,street_furniture_clean.csv
furniture-1618752,Seat - Metal Bench,street_furniture,Seat,,3.17,-37.81420219188588,144.97059630378283,street_furniture_clean.csv
furniture-1599659,Seat - Straight Seat - Wooden Battens - Type 2 - Parkville Gardens,street_furniture,Seat,,4.0,-37.77741387132331,144.93994124824656,street_furniture_clean.csv
furniture-1637080,Seat - Stainless Steel Straight Seat,street_furniture,Seat,,3.44,-37.820832293647854,144.9441180559798,street_furniture_clean.csv
furniture-1740999,Seat - Stainless Steel Straight Seat,street_furniture,Seat,,3.42,-37.80955110345131,144.96645787580255,street_furniture_clean.csv
furniture-1742128,Seat - Stainless Steel Straight Seat,street_furniture,Seat,,3.42,-37.807602942982506,144.9685831063931,street_furniture_clean.csv
furniture-1742334,Drinking Fountain - Stainless Steel Drinking Fountain - Leaf Type - Hawke and Adderley Street Park,street_furniture,Drinking Fountain,,4.0,-37.80873006707316,144.945010465895,street_furniture_clean.csv
furniture-1742634,Seat - Timber Seat with Aluminium Legs - Docklands,street_furniture,Seat,,3.16,-37.81991729743172,144.94040340602044,street_furniture_clean.csv
furniture-1120276,Seat - Metal Seat - Weedon Reserve,street_furniture,Seat,,3.0,-37.81683881678812,144.9887770671926,street_furniture_clean.csv
furniture-1078742,Seat - Stainless Steel Seat - 3m & LED lights,street_furniture,Seat,,3.45,-37.81376072735141,144.96461426212878,street_furniture_clean.csv
furniture-1078774,Seat - Stainless Steel Seat - Swivel,street_furniture,Seat,,3.45,-37.813729050531045,144.96520082257808,street_furniture_clean.csv
furniture-1078791,Seat - Stainless Steel Seat - Swivel,street_furniture,Seat,,3.45,-37.81375095381106,144.964653606892,street_furniture_clean.csv
furniture-1078794,Seat - Stainless Steel Seat - Fixed,street_furniture,Seat,,3.45,-37.81414551391081,144.96380023929476,street_furniture_clean.csv
furniture-1078795,Seat - Stainless Steel Seat - Fixed,street_furniture,Seat,,4.45,-37.81413122808964,144.96381835257077,street_furniture_clean.csv
furniture-1078801,Seat - Stainless Steel Seat - Swivel,street_furniture,Seat,,3.45,-37.814028626704754,144.96411788024542,street_furniture_clean.csv
furniture-1078868,Seat - Flat Bench Seat - L Shaped,street_furniture,Seat,,2.86,-37.79141787805955,144.92101744241575,street_furniture_clean.csv
furniture-1078886,Seat - Metal Bench on electrical control box,street_furniture,Seat,,3.11,-37.81653403236928,144.95873333285405,street_furniture_clean.csv
furniture-1078908,Seat - Flat Bluestone Bench,street_furniture,Seat,,2.37,-37.807407005573054,144.95851434983467,street_furniture_clean.csv
furniture-1078911,Seat - Handrail Steps and Seating Wall,street_furniture,Seat,,3.45,-37.81424057190205,144.96346581724484,street_furniture_clean.csv
furniture-1078964,Seat - Metal Semi-circular Seats,street_furniture,Seat,,3.17,-37.79807758718369,144.9672726238512,street_furniture_clean.csv
furniture-1079038,Seat - Stainless Steel Straight Seat,street_furniture,Seat,,3.4,-37.80983314463327,144.9696889868278,street_furniture_clean.csv
furniture-1079054,Seat - Metal Bench,street_furniture,Seat,,2.44,-37.805115830598126,144.94848434060066,street_furniture_clean.csv
furniture-1079063,Seat - Metal Bench,street_furniture,Seat,,3.09,-37.81684436478911,144.95737000683596,street_furniture_clean.csv
furniture-1079067,Seat - Stainless Steel Curved - Narrow Stainless Slats,street_furniture,Seat,,1.13,-37.808816760315295,144.97172628687986,street_furniture_clean.csv
furniture-1079117,Seat - Metal Bench,street_furniture,Seat,,1.0,-37.80687792856688,144.95945042273428,street_furniture_clean.csv
furniture-1079157,Seat - Metal Bench,street_furniture,Seat,,2.88,-37.79669087466588,144.9677751301374,street_furniture_clean.csv
furniture-1079183,Seat - Metal Seat,street_furniture,Seat,,3.17,-37.798400163104816,144.95740552966913,street_furniture_clean.csv
furniture-1079190,Seat - Metal Seat,street_furniture,Seat,,3.16,-37.79706969577276,144.92810086223685,street_furniture_clean.csv
furniture-1079191,Seat - Metal Seat,street_furniture,Seat,,3.14,-37.794465422615126,144.92969095029883,street_furniture_clean.csv
furniture-1079193,Seat - Metal Seat,street_furniture,Seat,,3.05,-37.79539122284572,144.9315385891492,street_furniture_clean.csv
furniture-1079204,Seat - Metal Seat,street_furniture,Seat,,2.86,-37.7921819152219,144.91981942867238,street_furniture_clean.csv
furniture-1079409,Seat - Stainless Steel Straight Seat,street_furniture,Seat,,3.42,-37.81198619153441,144.96758115857833,street_furniture_clean.csv
furniture-1079439,Seat - Stainless Steel Straight Seat,street_furniture,Seat,,2.38,-37.80982660935904,144.9634396678144,street_furniture_clean.csv
furniture-1079448,Seat - Metal Seat,street_furniture,Seat,,3.16,-37.82005736461411,144.96543998643398,street_furniture_clean.csv
furniture-1079453,Seat - Metal Seat,street_furniture,Seat,,3.16,-37.81996423229974,144.96589139145655,street_furniture_clean.csv
furniture-1079457,Seat - Metal Seat,street_furniture,Seat,,3.16,-37.81991884553348,144.9662636664662,street_furniture_clean.csv
furniture-1079459,Seat - Metal Seat,street_furniture,Seat,,1.16,-37.81987176783665,144.96641287034225,street_furniture_clean.csv
furniture-1079460,Seat - Metal Seat,street_furniture,Seat,,3.16,-37.819883008136735,144.9664323288263,street_furniture_clean.csv
furniture-1079463,Seat - Metal Seat,street_furniture,Seat,,3.16,-37.81985215292386,144.96671729776332,street_furniture_clean.csv
furniture-1079508,Seat - Metal Seat,street_furniture,Seat,,3.16,-37.820532344004114,144.9630406830544,street_furniture_clean.csv
furniture-1115164,Drinking Fountain - Treated Timber Drinking Fountain - Ievers Reserve,street_furniture,Drinking Fountain,,4.0,-37.79686727949099,144.952046464975,street_furniture_clean.csv
furniture-1313267,Seat - Stainless Steel Bench - Docklands,street_furniture,Seat,,3.44,-37.81460626101645,144.94158996355924,street_furniture_clean.csv
furniture-1290858,Seat - Unclassified - Docklands Park,street_furniture,Seat,,3.0,-37.82081034064223,144.94643869580293,street_furniture_clean.csv
furniture-1313344,Seat - Stainless Steel Bench - Docklands,street_furniture,Seat,,3.44,-37.81454323912927,144.9470959521637,street_furniture_clean.csv
furniture-1313350,Seat - Timber Seat with Aluminium Legs - Docklands,street_furniture,Seat,,3.16,-37.82448626788359,144.94609514930582,street_furniture_clean.csv
furniture-1313370,Seat - Timber Bench with Aluminium Legs - Docklands,street_furniture,Seat,,3.16,-37.824288293053314,144.9447790153021,street_furniture_clean.csv
furniture-1119096,Seat - Straight Seat - Wooden Battens - Type 2 - JJ Holland Park,street_furniture,Seat,,4.0,-37.79894558599045,144.92590514022996,street_furniture_clean.csv
furniture-1119129,Seat - Straight Seat - Wooden Battens - Type 2 - Royal Park,street_furniture,Seat,,3.0,-37.78660406577104,144.95317796398538,street_furniture_clean.csv
furniture-1313801,Seat - Stainless Steel Seat - Fixed,street_furniture,Seat,,3.22,-37.81360683487912,144.95809400710226,street_furniture_clean.csv
furniture-1119287,Seat - Straight Seat - Wooden Battens - Type 2 - Enterprize Park,street_furniture,Seat,,4.0,-37.82041439073704,144.95930464530718,street_furniture_clean.csv
furniture-1313837,Seat - Metal Seat,street_furniture,Seat,,3.16,-37.81891107233259,144.96710971657896,street_furniture_clean.csv
furniture-1119201,Seat - Straight Seat - Wooden Battens - Type 2 - Princes Park,street_furniture,Seat,,4.0,-37.7818491902874,144.96142499928558,street_furniture_clean.csv
furniture-1313950,Seat - Stainless Steel Straight Seat,street_furniture,Seat,,3.45,-37.81904289611981,144.96239047621032,street_furniture_clean.csv
furniture-1283676,Seat - Straight Seat - Wooden Battens - Type 2 - Royal Park,street_furniture,Seat,,3.0,-37.78234501421068,144.948666670433,street_furniture_clean.csv
furniture-1283677,Seat - Straight Seat - Wooden Battens - Type 2 - Royal Park,street_furniture,Seat,,3.0,-37.78358495752964,144.94815003644706,street_furniture_clean.csv
furniture-1290845,Seat - Unclassified - Docklands Park,street_furniture,Seat,,3.0,-37.820861178835045,144.94658406379537,street_furniture_clean.csv
furniture-1290847,Seat - Unclassified - Docklands Park,street_furniture,Seat,,3.0,-37.82084327882341,144.94657047294456,street_furniture_clean.csv
furniture-1290853,Seat - Unclassified - Docklands Park,street_furniture,Seat,,3.0,-37.81974421226512,144.94611085110606,street_furniture_clean.csv
furniture-1312917,Seat - Stainless Steel Seat - Fixed,street_furniture,Seat,,3.41,-37.81551297482538,144.9523687013561,street_furniture_clean.csv
furniture-1313035,Seat - Stainless Steel Bench - Docklands,street_furniture,Seat,,3.36,-37.81875331116402,144.94612798158823,street_furniture_clean.csv
furniture-1313038,Seat - Stainless Steel Seat - 3m & LED lights,street_furniture,Seat,,1.67,-37.82320228872256,144.95201406302678,street_furniture_clean.csv
furniture-1290822,Picnic Table,street_furniture,Picnic Setting,,3.0,-37.82304152177804,144.941766300386,street_furniture_clean.csv
furniture-1313067,Seat - Stainless Steel Seat - 3m & LED lights,street_furniture,Seat,,1.67,-37.82320331933227,144.9524671043377,street_furniture_clean.csv
furniture-1120219,Seat - Straight Seat - Wooden Battens - Type 2 - Alexandra Park,street_furniture,Seat,,2.0,-37.81952007724348,144.97203189451724,street_furniture_clean.csv
furniture-1118700,Picnic Setting - Urban Design Style,street_furniture,Picnic Setting,,4.0,-37.79385027610928,144.92388053542476,street_furniture_clean.csv
furniture-1118725,Picnic Setting - Urban Design Style,street_furniture,Picnic Setting,,3.0,-37.83002173979375,144.965100849307,street_furniture_clean.csv
furniture-1118742,Picnic Setting - Urban Design Style,street_furniture,Picnic Setting,,4.0,-37.84501707088588,144.98260336626157,street_furniture_clean.csv
furniture-1119049,Seat - Straight Seat - Wooden Battens - Type 2 - Princes Park,street_furniture,Seat,,4.0,-37.78797088235342,144.9594671536907,street_furniture_clean.csv
furniture-1119210,Seat - Straight Seat - Wooden Battens - Type 2 - Argyle Square,street_furniture,Seat,,3.0,-37.80291115637681,144.9662136508171,street_furniture_clean.csv
furniture-1119212,Seat - Straight Seat - Wooden Battens - Type 2 - Ievers Reserve,street_furniture,Seat,,3.0,-37.79509089573405,144.95409018155735,street_furniture_clean.csv
furniture-1119262,Seat - Straight Seat - Wooden Battens - Type 2 - Argyle Square,street_furniture,Seat,,3.0,-37.80328883155411,144.9661192423196,street_furniture_clean.csv
furniture-1119369,Seat - Straight Seat - Wooden Battens - Type 2 - Fitzroy Gardens,street_furniture,Seat,,4.0,-37.81407065706269,144.97845679338366,street_furniture_clean.csv
furniture-1119398,Seat - Straight Seat - Wooden Battens - Type 2 - Fawkner Park,street_furniture,Seat,,4.0,-37.83869073511234,144.9795399499951,street_furniture_clean.csv
furniture-1119405,Seat - Straight Seat - Wooden Battens - Type 2 - Fitzroy Gardens,street_furniture,Seat,,4.0,-37.81409935318313,144.97797618633373,street_furniture_clean.csv
furniture-1119427,Seat - Straight Seat - Wooden Battens - Type 2 - Royal Society,street_furniture,Seat,,4.0,-37.807572827233926,144.969010555409,street_furniture_clean.csv
furniture-1119429,Seat - Straight Seat - Wooden Battens - Type 2 - Gordon Reserve,street_furniture,Seat,,3.0,-37.81248874668907,144.9740742761795,street_furniture_clean.csv
furniture-1119476,Seat - Straight Seat - Wooden Battens - Type 2 - Fawkner Park,street_furniture,Seat,,3.0,-37.838435187344594,144.9783078785476,street_furniture_clean.csv
furniture-1119477,Seat - Straight Seat - Wooden Battens - Type 2 - Fawkner Park,street_furniture,Seat,,3.0,-37.838734760464654,144.978550599516,street_furniture_clean.csv
furniture-1119488,Seat - Straight Seat - Wooden Battens - Type 2 - Fitzroy Gardens,street_furniture,Seat,,3.0,-37.81411201034872,144.98186044262175,street_furniture_clean.csv
furniture-1119508,Seat - Straight Seat - Wooden Battens - Type 2 - Carlton Gardens South,street_furniture,Seat,,4.0,-37.80551655053888,144.9733171124165,street_furniture_clean.csv
furniture-1119569,Seat - Straight Seat - Wooden Battens - Type 2 - Fitzroy Gardens,street_furniture,Seat,,3.0,-37.81060854197269,144.9814634327362,street_furniture_clean.csv
furniture-1119570,Seat - Straight Seat - Wooden Battens - Type 2 - Fitzroy Gardens,street_furniture,Seat,,4.0,-37.810310422648186,144.98089520125777,street_furniture_clean.csv
furniture-1119596,Seat - Straight Seat - Wooden Battens - Type 2 - Carlton Gardens South,street_furniture,Seat,,3.0,-37.80711802152236,144.9726357804661,street_furniture_clean.csv
furniture-1119624,Seat - Straight Seat - Wooden Battens - Type 2 - Kings Domain,street_furniture,Seat,,4.0,-37.82346537873088,144.97094640614577,street_furniture_clean.csv
furniture-1119630,Seat - Straight Seat - Wooden Battens - Type 2 - Fitzroy Gardens,street_furniture,Seat,,3.0,-37.81059080614944,144.98252665857265,street_furniture_clean.csv
furniture-1119646,Seat - Straight Seat - Wooden Battens - Type 2 - Fitzroy Gardens,street_furniture,Seat,,4.0,-37.81118425142464,144.98271712551067,street_furniture_clean.csv
furniture-1119727,Seat - Straight Seat - Wooden Battens - Type 2 - Darling Square,street_furniture,Seat,,4.0,-37.81255400415699,144.98868354737155,street_furniture_clean.csv
furniture-1119729,Seat - Straight Seat - Wooden Battens - Type 2 - Carlton Gardens North,street_furniture,Seat,,4.0,-37.80235190317625,144.97089017479885,street_furniture_clean.csv
furniture-1119733,Seat - Straight Seat - Wooden Battens - Type 2 - Carlton Gardens South,street_furniture,Seat,,3.0,-37.80671090396701,144.9730670598791,street_furniture_clean.csv
furniture-1119734,Seat - Straight Seat - Wooden Battens - Type 2 - Carlton Gardens South,street_furniture,Seat,,4.0,-37.80653857837719,144.97196149755533,street_furniture_clean.csv
furniture-1119764,Seat - Straight Seat - Wooden Battens - Type 2 - Kings Domain,street_furniture,Seat,,4.0,-37.82276563013854,144.97412387276668,street_furniture_clean.csv
furniture-1119773,Seat - Straight Seat - Wooden Battens - Type 2 - Fawkner Park,street_furniture,Seat,,5.0,-37.839084229271954,144.98020930655508,street_furniture_clean.csv
furniture-1119815,Seat - Straight Seat - Wooden Battens - Type 2 - Queen Victoria Gardens,street_furniture,Seat,,4.0,-37.82301800571219,144.97045844182915,street_furniture_clean.csv
furniture-1119817,Seat - Straight Seat - Wooden Battens - Type 2 - Powlett Reserve,street_furniture,Seat,,4.0,-37.81150713087943,144.98644411449797,street_furniture_clean.csv
furniture-1119829,Seat - Straight Seat - Wooden Battens - Type 2 - Carlton Gardens South,street_furniture,Seat,,4.0,-37.8071449684285,144.9714009535238,street_furniture_clean.csv
furniture-1119845,Seat - Metal Seat - Riverside Park,street_furniture,Seat,,3.0,-37.79445497055465,144.916767244654,street_furniture_clean.csv
furniture-1119869,Seat - Metal Seat - Central Park Kensington,street_furniture,Seat,,4.0,-37.7948166658196,144.9194415123277,street_furniture_clean.csv
furniture-1119894,Seat - Metal Seat - Central Park Kensington,street_furniture,Seat,,3.0,-37.79432811027809,144.91971527927743,street_furniture_clean.csv
furniture-1119901,Seat - Metal Seat - Kensington Banks Type - Gilbertson Walk,street_furniture,Seat,,3.0,-37.79130955641146,144.92227360014385,street_furniture_clean.csv
furniture-1119906,Seat - Metal Seat - Kensington Banks Type - Lascelles Square,street_furniture,Seat,,3.0,-37.79428787386014,144.91725526400353,street_furniture_clean.csv
furniture-1119913,Seat - Metal Seat - Central Park Kensington,street_furniture,Seat,,4.0,-37.79484298037643,144.91948233853185,street_furniture_clean.csv
furniture-1119953,Seat - Straight Seat - Wooden Battens - Type 2 - Royal Park,street_furniture,Seat,,5.0,-37.79246838209588,144.9538672696523,street_furniture_clean.csv
furniture-1120020,Seat - Straight Seat - Wooden Battens - Type 2 - Eades Park,street_furniture,Seat,,3.0,-37.807593796768174,144.9516216764025,street_furniture_clean.csv
furniture-1313016,Seat - Stainless Steel Straight Seat - Docklands,street_furniture,Seat,,3.44,-37.815388295117415,144.94058995111484,street_furniture_clean.csv
furniture-1313991,Seat - Stainless Steel Seat - Fixed,street_furniture,Seat,,3.44,-37.81602291532785,144.95733198957342,street_furniture_clean.csv
furniture-1314004,Drinking Fountain - Stainless Steel Drinking Fountain - Leaf Type - Bottle Refill Tap,street_furniture,Drinking Fountain,,3.41,-37.81655981940826,144.958479412123,street_furniture_clean.csv
furniture-1314012,Seat - Stainless Steel Straight Seat - Docklands,street_furniture,Seat,,3.36,-37.815205280975306,144.94106998131437,street_furniture_clean.csv
furniture-1448882,Seat - Handrail Steps and Seating Wall,street_furniture,Seat,,3.45,-37.81354029538121,144.96584474250332,street_furniture_clean.csv
furniture-1361071,Seat - Metal Seat - Park Type,street_furniture,Seat,,3.14,-37.794322263539314,144.92967257489215,street_furniture_clean.csv
furniture-1361677,Seat - Metal Bench,street_furniture,Seat,,3.16,-37.816096907606735,144.95635596539324,street_furniture_clean.csv
furniture-1373511,Barbeque - Fawkner Park Toddler Play Space,street_furniture,Barbeque,,4.0,-37.83916336440944,144.98066702168143,street_furniture_clean.csv
furniture-1431515,Picnic Setting - Urban Design Style,street_furniture,Picnic Setting,,3.0,-37.81823004687603,144.97128403729124,street_furniture_clean.csv
furniture-1490302,Seat - Urban Design Park Style - Green Powder Coat - Fawkner Park,street_furniture,Seat,,4.0,-37.84335258781779,144.9815406254051,street_furniture_clean.csv
furniture-1490903,Seat - Urban Design Park Style - Green Powder Coat - Kings Domain South,street_furniture,Seat,,3.0,-37.82763436572506,144.973911641383,street_furniture_clean.csv
furniture-1503106,Seat - Stainless Steel Seat - Fixed,street_furniture,Seat,,3.43,-37.8152326265017,144.93695864374436,street_furniture_clean.csv
furniture-1769882,Seat - Unclassified - University Square,street_furniture,Seat,,5.0,-37.80137015334567,144.96081556858422,street_furniture_clean.csv
furniture-1769889,Seat - Timber Bench - University Square,street_furniture,Seat,,5.0,-37.80074919890943,144.9603187249734,street_furniture_clean.csv
furniture-1769914,Seat - Timber Bench - University Square,street_furniture,Seat,,5.0,-37.80115843832972,144.96064739532187,street_furniture_clean.csv
furniture-1771612,Seat - Stainless Steel Seat - Swivel - Fawkner Park,street_furniture,Seat,,4.0,-37.83906350376189,144.98037748080233,street_furniture_clean.csv
furniture-1771657,Seat - Straight Seat - Wooden Battens - Type 2 - Princes Park,street_furniture,Seat,,4.0,-37.78785661046947,144.96265276748008,street_furniture_clean.csv
furniture-1771848,Drinking Fountain - Stainless Steel Drinking Fountain - Leaf Type - Queen Victoria Gardens,street_furniture,Drinking Fountain,,5.0,-37.8212095645359,144.9694728091101,street_furniture_clean.csv
furniture-1772220,Picnic Setting - unspecified - University Square,street_furniture,Picnic Setting,,5.0,-37.8007668418744,144.9604580491931,street_furniture_clean.csv
furniture-1772222,Picnic Setting - unspecified - University Square,street_furniture,Picnic Setting,,5.0,-37.80075993871002,144.96039247975318,street_furniture_clean.csv
furniture-1775763,Drinking Fountain - Stainless Steel Drinking Fountain - Leaf Type - Boyd Community Hub,street_furniture,Drinking Fountain,,5.0,-37.82605853691661,144.9615312833258,street_furniture_clean.csv
furniture-1775771,Seat - Metal Seat - Boyd Community Hub,street_furniture,Seat,,5.0,-37.82606391193476,144.9611234925825,street_furniture_clean.csv
furniture-1775788,Seat - Unclassified - Boyd Community Hub,street_furniture,Seat,,5.0,-37.82562881841592,144.96131565711153,street_furniture_clean.csv
furniture-1769891,Seat - Timber Bench - University Square,street_furniture,Seat,,5.0,-37.80075083119843,144.96033492114572,street_furniture_clean.csv
furniture-1769908,Seat - Timber Bench - University Square,street_furniture,Seat,,5.0,-37.80103885571906,144.96087658409348,street_furniture_clean.csv
furniture-1769910,Seat - Timber Bench - University Square,street_furniture,Seat,,5.0,-37.80160542615543,144.9605695672855,street_furniture_clean.csv
furniture-1780695,Seat - Stainless Steel Straight Seat,street_furniture,Seat,,4.73,-37.804088770554735,144.95756250719543,street_furniture_clean.csv
furniture-1782098,Drinking Fountain - Stainless Steel Drinking Fountain - Leaf Type,street_furniture,Drinking Fountain,,4.73,-37.81437281760768,144.9443629296941,street_furniture_clean.csv
furniture-1786644,Seat - Stainless Steel Curved - Narrow Stainless Slats - Lincoln Square,street_furniture,Seat,,5.0,-37.803113757144565,144.96321645712348,street_furniture_clean.csv
furniture-1786648,Seat - Stainless Steel Curved - Narrow Stainless Slats - Lincoln Square,street_furniture,Seat,,5.0,-37.80183931724768,144.963534613559,street_furniture_clean.csv
furniture-1798704,Seat - Unclassified - Hub@Docklands,street_furniture,Seat,,5.0,-37.81998466524481,144.947300541117,street_furniture_clean.csv
furniture-1798708,Seat - Unclassified - Hub@Docklands,street_furniture,Seat,,5.0,-37.82005129406938,144.9473592457287,street_furniture_clean.csv
furniture-1798710,Seat - Unclassified - Hub@Docklands,street_furniture,Seat,,5.0,-37.82000406178409,144.94731727142815,street_furniture_clean.csv
furniture-1798726,Seat - Unclassified - Hub@Docklands,street_furniture,Seat,,5.0,-37.82028905058208,144.9476709763674,street_furniture_clean.csv
furniture-1798729,Seat - Unclassified - Hub@Docklands,street_furniture,Seat,,5.0,-37.82032910796953,144.9480199936178,street_furniture_clean.csv
furniture-1771638,Seat - Straight Seat - Wooden Battens - Type 2 - North Melbourne Community Centre (Open Space),street_furniture,Seat,,3.0,-37.79295399533268,144.93989815223074,street_furniture_clean.csv
furniture-1771967,Seat - Straight Seat - Wooden Battens - Type 2 - Neill Street Reserve,street_furniture,Seat,,3.0,-37.79520646068456,144.96939516685114,street_furniture_clean.csv
furniture-1786708,Drinking Fountain - Leaf Type - With Bottle Refill Tap - Royal Park,street_furniture,Drinking Fountain,,5.0,-37.77874396844592,144.9527310464918,street_furniture_clean.csv
furniture-1079594,Seat - Metal Seat,street_furniture,Seat,,3.14,-37.79451209887108,144.93021363085407,street_furniture_clean.csv
furniture-1079624,Seat - Metal Seat,street_furniture,Seat,,1.12,-37.80656189002485,144.95998637428244,street_furniture_clean.csv
furniture-1079633,Seat - Metal Seat,street_furniture,Seat,,3.02,-37.82769598718013,144.96620637127438,street_furniture_clean.csv
furniture-1079639,Seat - Metal Seat,street_furniture,Seat,,3.05,-37.8140269913868,144.98307844862256,street_furniture_clean.csv
furniture-1079651,Seat - Metal Seat,street_furniture,Seat,,1.0,-37.81184202703499,144.98462255116243,street_furniture_clean.csv
furniture-1079656,Seat - Metal Seat,street_furniture,Seat,,3.03,-37.82327803279363,144.97940448611695,street_furniture_clean.csv
furniture-1079666,Seat - Metal Seat,street_furniture,Seat,,3.03,-37.79256964290656,144.94236208871726,street_furniture_clean.csv
furniture-1079704,Seat - Metal Seat,street_furniture,Seat,,3.16,-37.82064486157199,144.96270506910284,street_furniture_clean.csv
furniture-1079763,Seat - Stainless Steel Seat - Fixed,street_furniture,Seat,,3.01,-37.8136947956726,144.95698256749017,street_furniture_clean.csv
furniture-1079773,Seat - Metal Seat,street_furniture,Seat,,1.0,-37.795742825484986,144.9403082169243,street_furniture_clean.csv
furniture-1079842,Seat - Metal Seat,street_furniture,Seat,,2.88,-37.79497892023975,144.96808937790254,street_furniture_clean.csv
furniture-1079850,Seat - Metal Seat,street_furniture,Seat,,3.16,-37.806179776997446,144.9576824243082,street_furniture_clean.csv
furniture-1079855,Seat - Stainless Steel Straight Seat,street_furniture,Seat,,3.45,-37.81302486529752,144.9676216247915,street_furniture_clean.csv
furniture-1079869,Seat - Straight Seat - Wooden & Concrete,street_furniture,Seat,,1.0,-37.77863102786867,144.9560662196636,street_furniture_clean.csv
furniture-1079892,Seat - Straight Seat - Wooden Battens,street_furniture,Seat,,2.95,-37.79565138749967,144.96661741752246,street_furniture_clean.csv
furniture-1079893,Seat - Straight Seat - Wooden Battens,street_furniture,Seat,,1.79,-37.83404343708699,144.98263351187043,street_furniture_clean.csv
furniture-1079898,Seat - Straight Seat - Wooden Battens,street_furniture,Seat,,1.0,-37.80695331279231,144.95119583272395,street_furniture_clean.csv
furniture-1079917,Seat - Straight Seat - Wooden Battens - Type 2,street_furniture,Seat,,1.0,-37.82025189285781,144.95989134091386,street_furniture_clean.csv
furniture-1079919,Seat - Straight Seat - Wooden Battens - Type 2,street_furniture,Seat,,1.0,-37.82021887144904,144.95997234087275,street_furniture_clean.csv
furniture-1079933,Seat - Straight Seat - Wooden Battens - Type 2,street_furniture,Seat,,2.82,-37.7912345270384,144.9449568207075,street_furniture_clean.csv
furniture-1079948,Seat - Straight Seat - Wooden Battens - Type 2,street_furniture,Seat,,2.82,-37.792869248556855,144.9470074171455,street_furniture_clean.csv
furniture-1079949,Seat - Straight Seat - Wooden Battens - Type 2,street_furniture,Seat,,2.82,-37.793162815343486,144.94737756588822,street_furniture_clean.csv
furniture-1079958,Seat - Straight Seat - Wooden Battens - Type 2,street_furniture,Seat,,1.79,-37.82931064598734,144.973995652977,street_furniture_clean.csv
furniture-1569761,Seat - Straight Seat - Wooden Battens - Type 2 - Lennon Street Reserve,street_furniture,Seat,,3.0,-37.78689139149442,144.94147333492984,street_furniture_clean.csv
furniture-1082588,Information Pillar - Poster Pillar - COM,street_furniture,Information Pillar,,1.0,-37.80533919604963,144.97129680813254,street_furniture_clean.csv
furniture-1448881,Seat - Stainless Steel Seat - 3m & LED lights,street_furniture,Seat,,3.45,-37.81398229370313,144.963830509924,street_furniture_clean.csv
furniture-1450093,Seat - Handrail Steps and Seating Wall,street_furniture,Seat,,3.45,-37.81323420582633,144.96647836118095,street_furniture_clean.csv
furniture-1479845,Drinking Fountain - Drinking Fountain - Type 1,street_furniture,Drinking Fountain,,3.31,-37.81370346499392,144.96524821218875,street_furniture_clean.csv
furniture-1119732,Seat - Straight Seat - Wooden Battens - Type 2 - Carlton Gardens South,street_furniture,Seat,,4.0,-37.80676170379637,144.97235361644542,street_furniture_clean.csv
furniture-1119736,Seat - Straight Seat - Wooden Battens - Type 2 - Carlton Gardens North,street_furniture,Seat,,4.0,-37.80227796483166,144.97282379414892,street_furniture_clean.csv
furniture-1119737,Seat - Straight Seat - Wooden Battens - Type 2 - Gordon Reserve,street_furniture,Seat,,3.0,-37.81234310540472,144.9738641365453,street_furniture_clean.csv
furniture-1119767,Seat - Straight Seat - Wooden Battens - Type 2 - Enterprize Park,street_furniture,Seat,,4.0,-37.82044923966357,144.95923552294028,street_furniture_clean.csv
furniture-1119768,Seat - Straight Seat - Wooden Battens - Type 2 - Queen Victoria Gardens,street_furniture,Seat,,3.0,-37.821509606066805,144.96991412469058,street_furniture_clean.csv
furniture-1119775,Seat - Straight Seat - Wooden Battens - Type 2 - Fawkner Park,street_furniture,Seat,,4.0,-37.83926145956147,144.9791152954223,street_furniture_clean.csv
furniture-1119783,Seat - Straight Seat - Wooden Battens - Type 2 - Wellington Park,street_furniture,Seat,,4.0,-37.81604394911115,144.9776843428427,street_furniture_clean.csv
furniture-1119784,Seat - Straight Seat - Wooden Battens - Type 2 - Wellington Park,street_furniture,Seat,,4.0,-37.815883959795386,144.9758784197698,street_furniture_clean.csv
furniture-1119787,Seat - Straight Seat - Wooden Battens - Type 2 - Fitzroy Gardens,street_furniture,Seat,,4.0,-37.81159201303444,144.98311041079603,street_furniture_clean.csv
furniture-1119796,Seat - Straight Seat - Wooden Battens - Type 2 - Treasury Gardens,street_furniture,Seat,,4.0,-37.81432152326728,144.97525088555042,street_furniture_clean.csv
furniture-1119797,Seat - Straight Seat - Wooden Battens - Type 2 - Treasury Gardens,street_furniture,Seat,,4.0,-37.81471776461052,144.97488893512804,street_furniture_clean.csv
furniture-1119810,Seat - Straight Seat - Wooden Battens - Type 2 - Fitzroy Gardens,street_furniture,Seat,,4.0,-37.81412483607819,144.97919811190673,street_furniture_clean.csv
furniture-1119811,Seat - Straight Seat - Wooden Battens - Type 2 - Fitzroy Gardens,street_furniture,Seat,,3.0,-37.8132702832004,144.97823939812355,street_furniture_clean.csv
furniture-1119839,Seat - Metal Seat - Central Park Kensington,street_furniture,Seat,,4.0,-37.79460847563812,144.91908338128124,street_furniture_clean.csv
furniture-1119850,Seat - Metal Seat - Mercantile Park West,street_furniture,Seat,,4.0,-37.79671384377196,144.921203765436,street_furniture_clean.csv
furniture-1119073,Seat - Straight Seat - Wooden Battens - Type 2 - Princes Park,street_furniture,Seat,,4.0,-37.78133837995505,144.96242369004614,street_furniture_clean.csv
furniture-1119873,Seat - Metal Seat - Riverside Park,street_furniture,Seat,,3.0,-37.79447350050215,144.9167856892285,street_furniture_clean.csv
furniture-1119886,Seat - Metal Seat - Central Park Kensington,street_furniture,Seat,,4.0,-37.7947471693181,144.91981299948262,street_furniture_clean.csv
furniture-1119909,Seat - Metal Seat - Mercantile Park West,street_furniture,Seat,,4.0,-37.796802925335314,144.9211859365242,street_furniture_clean.csv
furniture-1119912,Seat - Metal Seat - Royal Park,street_furniture,Seat,,3.0,-37.78585009446085,144.95323237869522,street_furniture_clean.csv
furniture-1119926,Seat - Metal Seat - Burston Reserve,street_furniture,Seat,,4.0,-37.8109747826993,144.97542694249574,street_furniture_clean.csv
furniture-1120001,Seat - Straight Seat - Wooden Battens - Type 2 - Kings Domain South,street_furniture,Seat,,4.0,-37.83302890911631,144.97890394838433,street_furniture_clean.csv
furniture-1120019,Seat - Straight Seat - Wooden Battens - Type 2 - Royal Park,street_furniture,Seat,,4.0,-37.79192878563965,144.95750302840773,street_furniture_clean.csv
furniture-1120022,Seat - Straight Seat - Wooden Battens - Type 2 - Eades Park,street_furniture,Seat,,4.0,-37.80695275259438,144.95119471237447,street_furniture_clean.csv
furniture-1120067,Seat - Straight Seat - Wooden Battens - Type 2 - Fawkner Park,street_furniture,Seat,,4.0,-37.83985298243604,144.98358191171252,street_furniture_clean.csv
furniture-1120068,Seat - Straight Seat - Wooden Battens - Type 2 - Fawkner Park,street_furniture,Seat,,4.0,-37.84023706602574,144.9839556511089,street_furniture_clean.csv
furniture-1120072,Seat - Older Style Park Seat - Timber Slats - Queen Victoria Gardens,street_furniture,Seat,,4.0,-37.822349050630486,144.97180699569708,street_furniture_clean.csv
furniture-1120076,Seat - Straight Seat - Wooden Battens - Type 2 - Fawkner Park,street_furniture,Seat,,4.0,-37.84047261745672,144.9841020765504,street_furniture_clean.csv
furniture-1313281,Seat - Stainless Steel Bench - Docklands,street_furniture,Seat,,3.44,-37.81930422935663,144.94525171912056,street_furniture_clean.csv
furniture-1313282,Seat - Stainless Steel Bench - Docklands,street_furniture,Seat,,3.44,-37.81469323522734,144.94662798800627,street_furniture_clean.csv
furniture-1313299,Seat - Stainless Steel Bench - Docklands,street_furniture,Seat,,3.44,-37.81389127253507,144.9411210293885,street_furniture_clean.csv
furniture-1119928,Seat - Metal Seat - Burston Reserve,street_furniture,Seat,,3.0,-37.81125674842548,144.97526896011394,street_furniture_clean.csv
furniture-1313339,Seat - Timber Seat with Aluminium Legs - Docklands,street_furniture,Seat,,3.16,-37.82431132073797,144.94498310137183,street_furniture_clean.csv
furniture-1313436,Seat - Stainless Steel Seat - 3m & LED lights,street_furniture,Seat,,2.7,-37.81867910785461,144.94694228727596,street_furniture_clean.csv
furniture-1120206,Seat - Alloy Frame and Narrow Wooden Slats - Birrarung Marr,street_furniture,Seat,,4.0,-37.81889828344415,144.97279698252737,street_furniture_clean.csv
furniture-1118707,Picnic Setting - Urban Design Style,street_furniture,Picnic Setting,,3.0,-37.78504094245493,144.96237014389507,street_furniture_clean.csv
furniture-1313716,Seat - Stainless Steel Straight Seat - Docklands,street_furniture,Seat,,3.44,-37.81504997952664,144.94139815724634,street_furniture_clean.csv
furniture-1313890,Seat - Stainless Steel Straight Seat,street_furniture,Seat,,3.45,-37.81538408093577,144.96355480360555,street_furniture_clean.csv
furniture-1313992,Seat - Stainless Steel Seat - Fixed,street_furniture,Seat,,3.44,-37.81593853398413,144.95765227421825,street_furniture_clean.csv
furniture-1314002,Seat - Stainless Steel Straight Seat,street_furniture,Seat,,3.41,-37.81636821834297,144.95839040462118,street_furniture_clean.csv
furniture-1119396,Seat - Straight Seat - Wooden Battens - Type 2 - Fawkner Park,street_furniture,Seat,,4.0,-37.84279429159562,144.98159209837524,street_furniture_clean.csv
furniture-1120108,Seat - Metal Bench - North Melbourne Recreation Reserve,street_furniture,Seat,,3.0,-37.7998407992846,144.94332295702148,street_furniture_clean.csv
furniture-1120109,Seat - Metal Bench - Pitt Street (CARLTON),street_furniture,Seat,,3.0,-37.79566022461096,144.97126305944417,street_furniture_clean.csv
furniture-1120135,Seat - Older Style Park Seat - Metal - Murchison Square,street_furniture,Seat,,4.0,-37.800374883888935,144.97327049593045,street_furniture_clean.csv
furniture-1120141,Seat - Concrete Bench Seat,street_furniture,Seat,,3.0,-37.80071065902553,144.96072115540383,street_furniture_clean.csv
furniture-1120151,Seat - Concrete Bench Seat,street_furniture,Seat,,3.0,-37.80065896697496,144.96050985339954,street_furniture_clean.csv
furniture-1120161,Seat - Wooden Slats Set in Bluestone - Pleasance Gardens,street_furniture,Seat,,3.0,-37.79648714490767,144.94592410613055,street_furniture_clean.csv
furniture-1120177,Seat - Womens Peace Garden Bench,street_furniture,Seat,,3.0,-37.7909705734021,144.92380364211883,street_furniture_clean.csv
furniture-1120215,Seat - Alloy Frame and Narrow Wooden Slats - Birrarung Marr,street_furniture,Seat,,4.0,-37.81878602649528,144.9726469185444,street_furniture_clean.csv
furniture-1120244,Seat - Metal Seat - Park Type - Birrarung Marr,street_furniture,Seat,,3.0,-37.81877203838784,144.96938249904363,street_furniture_clean.csv
furniture-1283656,Drinking Fountain - Stainless Steel Drinking Fountain - Leaf Type - Princes Park,street_furniture,Drinking Fountain,,4.0,-37.78098685657206,144.962456506622,street_furniture_clean.csv
furniture-1283674,Seat - Straight Seat - Wooden Battens - Type 2 - Ievers Reserve,street_furniture,Seat,,3.0,-37.796583218388655,144.95205624078838,street_furniture_clean.csv
furniture-1283951,Drinking fountain - Historic or Heritage Drinking Fountains - Birrarung Marr,street_furniture,Drinking Fountain,,3.0,-37.81890778973109,144.97301938244627,street_furniture_clean.csv
furniture-1312947,Seat - Stainless Steel Straight Seat,street_furniture,Seat,,4.45,-37.8134823381117,144.96605795820406,street_furniture_clean.csv
furniture-1313071,Seat - Stainless Steel Seat - 3m & LED lights,street_furniture,Seat,,1.67,-37.82320329385065,144.9525070951564,street_furniture_clean.csv
furniture-1313137,Seat - Timber Bench with Aluminium Legs - Docklands,street_furniture,Seat,,3.16,-37.82434329901722,144.94529214207014,street_furniture_clean.csv
furniture-1313223,Seat - Stainless Steel Bench - Docklands,street_furniture,Seat,,3.44,-37.81903996989724,144.94618456119264,street_furniture_clean.csv
furniture-1740992,Seat - Stainless Steel Seat - Fixed,street_furniture,Seat,,4.45,-37.79086157016267,144.9200775584956,street_furniture_clean.csv
furniture-1743774,Seat - Stainless Steel Straight Seat,street_furniture,Seat,,3.44,-37.81974444948316,144.94178950693927,street_furniture_clean.csv
furniture-1119437,Seat - Straight Seat - Wooden Battens - Type 2 - Powlett Reserve,street_furniture,Seat,,4.0,-37.81106691785344,144.98667678001684,street_furniture_clean.csv
furniture-1119456,Seat - Straight Seat - Wooden Battens - Type 2 - Carlton Gardens North,street_furniture,Seat,,4.0,-37.8027837906424,144.97266117691683,street_furniture_clean.csv
furniture-1119490,Seat - Straight Seat - Wooden Battens - Type 2 - Fitzroy Gardens,street_furniture,Seat,,3.0,-37.81096611543292,144.98234071871988,street_furniture_clean.csv
furniture-1360406,Seat - Straight Seat - Wooden Battens - Type 2 - Kensington Hall Reserve,street_furniture,Seat,,3.0,-37.78828307183316,144.928766925124,street_furniture_clean.csv
furniture-1360409,Seat - Straight Seat - Wooden Battens - Type 2 - Kensington Hall Reserve,street_furniture,Seat,,4.0,-37.78927839781903,144.92786407029914,street_furniture_clean.csv
furniture-1360429,Seat - Straight Seat - Wooden Battens - Type 2 - Parkville Gardens,street_furniture,Seat,,4.0,-37.78146326234394,144.94096403136768,street_furniture_clean.csv
furniture-1360437,Seat - Metal Bench - North Melbourne Community Centre (Open Space),street_furniture,Seat,,3.0,-37.79336930805927,144.9400092627717,street_furniture_clean.csv
furniture-1119685,Seat - Straight Seat - Wooden Battens - Type 2 - Birrarung Marr,street_furniture,Seat,,4.0,-37.818708791012256,144.97189835161086,street_furniture_clean.csv
furniture-1361068,Seat - Metal Bench,street_furniture,Seat,,3.14,-37.79428342566995,144.92933955533502,street_furniture_clean.csv
furniture-1361158,Seat - Metal Bench,street_furniture,Seat,,2.82,-37.7947240282692,144.941673052885,street_furniture_clean.csv
furniture-1119766,Seat - Straight Seat - Wooden Battens - Type 2 - Fawkner Park,street_furniture,Seat,,3.0,-37.83856081336302,144.97815059020425,street_furniture_clean.csv
furniture-1119966,Seat - Straight Seat - Wooden & Concrete - 160-206 Lorimer Street Nature Strip,street_furniture,Seat,,2.0,-37.80299275726525,144.9093534023214,street_furniture_clean.csv
furniture-1120009,Seat - Straight Seat - Wooden Battens - Type 2 - Royal Park,street_furniture,Seat,,4.0,-37.791767259499935,144.9562854561802,street_furniture_clean.csv
furniture-1120089,Seat - Basic Style,street_furniture,Seat,,4.0,-37.82720000294293,144.97405849691725,street_furniture_clean.csv
furniture-1120179,Seat - Womens Peace Garden Bench,street_furniture,Seat,,3.0,-37.79131879848503,144.92390654443903,street_furniture_clean.csv
furniture-1361551,Seat - Metal Bench,street_furniture,Seat,,3.03,-37.79145297980682,144.9354559568655,street_furniture_clean.csv
furniture-1120261,Seat - Metal Seat - Errol Street (NORTH MELBOURNE),street_furniture,Seat,,3.0,-37.80199085658761,144.9498211702543,street_furniture_clean.csv
furniture-1120262,Seat - Metal Seat - Errol Street (NORTH MELBOURNE),street_furniture,Seat,,3.0,-37.80256111267637,144.94972237614255,street_furniture_clean.csv
furniture-1363135,Seat - Stainless Steel Bench - Docklands,street_furniture,Seat,,3.44,-37.82098724595743,144.9479379196955,street_furniture_clean.csv
furniture-1372704,Seat - Stainless Steel Straight Seat,street_furniture,Seat,,3.44,-37.81291494929112,144.9626796076007,street_furniture_clean.csv
furniture-1363136,Seat - Stainless Steel Bench - Docklands,street_furniture,Seat,,3.44,-37.82086005526846,144.9483030460275,street_furniture_clean.csv
furniture-1746114,Seat - Stainless Steel Straight Seat,street_furniture,Seat,,3.33,-37.830709426505095,144.97564976242558,street_furniture_clean.csv
furniture-1480118,Seat - Stainless Steel Straight Seat - Docklands,street_furniture,Seat,,3.43,-37.81334827960091,144.94117564530822,street_furniture_clean.csv
furniture-1442947,Seat - Metal Bench,street_furniture,Seat,,2.87,-37.79076912194182,144.92275375978843,street_furniture_clean.csv
furniture-1490692,Seat - Stainless Steel Straight Seat,street_furniture,Seat,,4.45,-37.81575082195591,144.96599785349338,street_furniture_clean.csv
furniture-1490899,Seat - Urban Design Park Style - Green Powder Coat - Kings Domain,street_furniture,Seat,,4.0,-37.82556342883745,144.97365301149645,street_furniture_clean.csv
furniture-1490910,Seat - Urban Design Park Style - Green Powder Coat - Kings Domain,street_furniture,Seat,,4.0,-37.82560278196367,144.97436360271493,street_furniture_clean.csv
furniture-1490920,Seat - Urban Design Park Style - Green Powder Coat - Kings Domain,street_furniture,Seat,,4.0,-37.82558891436197,144.97614065175696,street_furniture_clean.csv
furniture-1490934,Seat - Urban Design Park Style - Green Powder Coat - Kings Domain South,street_furniture,Seat,,4.0,-37.83405159477286,144.98265203784263,street_furniture_clean.csv
furniture-1442908,Seat - Metal Seat,street_furniture,Seat,,1.25,-37.81758505474901,144.9738473592193,street_furniture_clean.csv
furniture-1491185,Seat - Urban Design Park Style - Green Powder Coat - Royal Park,street_furniture,Seat,,4.0,-37.78324104518322,144.94408684892016,street_furniture_clean.csv
furniture-1491338,Seat - Urban Design Park Style - Green Powder Coat - Fawkner Park,street_furniture,Seat,,4.0,-37.84016639762642,144.97861014708658,street_furniture_clean.csv
furniture-1494750,Seat - Stainless Steel Straight Seat,street_furniture,Seat,,3.44,-37.819201191296,144.96556187637324,street_furniture_clean.csv
furniture-1442992,Seat - Stainless Steel Straight Seat,street_furniture,Seat,,3.44,-37.81893834153244,144.94356829344508,street_furniture_clean.csv
furniture-1494767,Drinking Fountain - Stainless Steel Drinking Fountain - Leaf Type - Bottle Refill Tap,street_furniture,Drinking Fountain,,3.44,-37.81047950700537,144.96434622822136,street_furniture_clean.csv
furniture-1494769,Seat - Metal frame Wooden Slats,street_furniture,Seat,,3.03,-37.80570260648341,144.95318774927327,street_furniture_clean.csv
furniture-1496158,Seat - Stainless Steel Straight Seat,street_furniture,Seat,,2.45,-37.816112217162384,144.96475278670155,street_furniture_clean.csv
furniture-1507595,Seat - Stainless Steel Bench - Docklands,street_furniture,Seat,,3.44,-37.81431295384961,144.9448312364484,street_furniture_clean.csv
furniture-1508251,Seat - Urban Design Park Style - Green Powder Coat - Kings Domain South,street_furniture,Seat,,4.0,-37.833432081363455,144.98234440249485,street_furniture_clean.csv
furniture-1517549,Seat - Straight Seat - Wooden Battens - Type 2 - State Library of Victoria,street_furniture,Seat,,3.0,-37.81034594459398,144.96442395644726,street_furniture_clean.csv
furniture-1517569,Seat - Straight Seat - Wooden Battens - Type 2 - State Library of Victoria,street_furniture,Seat,,3.0,-37.80972345280049,144.96420217740308,street_furniture_clean.csv
furniture-1491155,Seat - Urban Design Park Style - Green Powder Coat - Royal Park,street_furniture,Seat,,4.0,-37.787468742262206,144.9472748763708,street_furniture_clean.csv
furniture-1491156,Seat - Urban Design Park Style - Green Powder Coat - Royal Park,street_furniture,Seat,,4.0,-37.78751575754978,144.94758879967512,street_furniture_clean.csv
furniture-1491181,Picnic Setting - Urban Design Style - Royal Park,street_furniture,Picnic Setting,,4.0,-37.78553218028812,144.94619841091426,street_furniture_clean.csv
furniture-1529766,Drinking Fountain - Stainless Steel Drinking Fountain - Leaf Type - Bottle Refill Tap,street_furniture,Drinking Fountain,,3.44,-37.81271069746565,144.96535589295792,street_furniture_clean.csv
furniture-1529831,Seat - Metal Bench Around Tree Base,street_furniture,Seat,,3.16,-37.80813493810138,144.9632635209304,street_furniture_clean.csv
furniture-1530530,Seat - Straight Seat - Wooden Battens - Type 2 - St Augustine's (MELBOURNE),street_furniture,Seat,,3.0,-37.81698461454087,144.95479142394888,street_furniture_clean.csv
furniture-1530531,Seat - Straight Seat - Wooden Battens - Type 2 - St Augustine's (MELBOURNE),street_furniture,Seat,,4.0,-37.81697551042439,144.9548172349535,street_furniture_clean.csv
furniture-1529775,Seat - Metal Bench Around Tree Base,street_furniture,Seat,,4.16,-37.8129777916088,144.96548543940284,street_furniture_clean.csv
furniture-1530538,Seat - Metal Seat - St Augustine's (MELBOURNE),street_furniture,Seat,,4.0,-37.81706411012513,144.95500484048762,street_furniture_clean.csv
furniture-1553742,Seat - Wooden Bench,street_furniture,Seat,,2.11,-37.824061555256606,144.95146486392335,street_furniture_clean.csv
furniture-1611024,Seat - Stainless Steel Bench - Docklands,street_furniture,Seat,,3.44,-37.82112480496884,144.94379241318956,street_furniture_clean.csv
furniture-1617953,Drinking Fountain - Stainless Steel Drinking Fountain - Northbank Type,street_furniture,Drinking Fountain,,3.0,-37.82050899334054,144.94485852337164,street_furniture_clean.csv
furniture-1618756,Seat - Metal Bench,street_furniture,Seat,,4.17,-37.814309067672085,144.97093597936393,street_furniture_clean.csv
furniture-1633480,Seat - Timber Bench - Ron Barassi Senior Park,street_furniture,Seat,,4.0,-37.81690850092744,144.9348798247511,street_furniture_clean.csv
furniture-1659130,Seat - Stainless Steel Straight Seat,street_furniture,Seat,,4.45,-37.81316118416349,144.9629576162094,street_furniture_clean.csv
furniture-1637078,Seat - Stainless Steel Bench - Docklands,street_furniture,Seat,,4.44,-37.820379981414966,144.94390567159263,street_furniture_clean.csv
furniture-1639829,Seat - Metal frame Wooden Slats,street_furniture,Seat,,3.17,-37.80055127547623,144.95718749332147,street_furniture_clean.csv
furniture-1645346,Seat - Straight Seat - Wooden Battens - Type 2 - Docklands Park,street_furniture,Seat,,4.0,-37.81937692811896,144.94633494565792,street_furniture_clean.csv
furniture-1722158,Drinking Fountain - Drinking Fountain - Type 1,street_furniture,Drinking Fountain,,3.3,-37.81522141134258,144.96172628554172,street_furniture_clean.csv
furniture-1119461,Seat - Straight Seat - Wooden Battens - Type 2 - Kings Domain,street_furniture,Seat,,4.0,-37.82411204020416,144.97134257549513,street_furniture_clean.csv
furniture-1360434,Seat - Straight Seat - Wooden Battens - Type 2 - Robertson Street Reserve,street_furniture,Seat,,4.0,-37.79307538803715,144.9322622939816,street_furniture_clean.csv
furniture-1119550,Seat - Straight Seat - Wooden Battens - Type 2 - Kings Domain South,street_furniture,Seat,,3.0,-37.833932540487474,144.98165253797967,street_furniture_clean.csv
furniture-1119613,Seat - Straight Seat - Wooden Battens - Type 2 - Fawkner Park,street_furniture,Seat,,4.0,-37.841130889967374,144.98474210723387,street_furniture_clean.csv
furniture-1119682,Seat - Straight Seat - Wooden Battens - Type 2 - Sturt Street Reserve,street_furniture,Seat,,3.0,-37.829600464550126,144.96478940674268,street_furniture_clean.csv
furniture-1119807,Seat - Straight Seat - Wooden Battens - Type 2 - Carlton Gardens North,street_furniture,Seat,,4.0,-37.80292545444024,144.973299811061,street_furniture_clean.csv
furniture-1119862,Seat - Metal Seat - Central Park Kensington,street_furniture,Seat,,4.0,-37.79472014650281,144.91927807616526,street_furniture_clean.csv
furniture-1119883,Seat - Metal Seat - Kensington Banks Type - Gilbertson Walk,street_furniture,Seat,,3.0,-37.79221733851593,144.92074349620867,street_furniture_clean.csv
furniture-1119917,Seat - Metal Seat - Mercantile Park East,street_furniture,Seat,,4.0,-37.79531031135373,144.92101734394467,street_furniture_clean.csv
furniture-1120011,Seat - Straight Seat - Wooden Battens - Type 2 - Eades Park,street_furniture,Seat,,3.0,-37.80755832972956,144.95146852268695,street_furniture_clean.csv
furniture-1120260,Seat - Metal Seat - Errol Street (NORTH MELBOURNE),street_furniture,Seat,,4.0,-37.80173327875395,144.94987167882917,street_furniture_clean.csv
furniture-1362046,Seat - Stainless Steel Straight Seat,street_furniture,Seat,,4.44,-37.81398571331106,144.96290803006286,street_furniture_clean.csv
furniture-1290824,Picnic Table,street_furniture,Picnic Setting,,3.0,-37.821959061255725,144.94722913711698,street_furniture_clean.csv
furniture-1362188,Seat - Metal Seat,street_furniture,Seat,,2.93,-37.81174352757362,144.95247148720804,street_furniture_clean.csv
furniture-1372705,Seat - Stainless Steel Straight Seat,street_furniture,Seat,,4.44,-37.81303436016703,144.96273198542272,street_furniture_clean.csv
furniture-1372723,Seat - Stainless Steel Straight Seat,street_furniture,Seat,,3.45,-37.81601225726023,144.96409484938138,street_furniture_clean.csv
furniture-1313277,Seat - Timber Seat with Aluminium Legs - Docklands,street_furniture,Seat,,3.16,-37.82451426361569,144.94583511467007,street_furniture_clean.csv
furniture-1313320,Seat - Timber Bench with Aluminium Legs - Docklands,street_furniture,Seat,,3.16,-37.82440229813725,144.9458379922012,street_furniture_clean.csv
furniture-1313530,Seat - Metal Seat,street_furniture,Seat,,3.12,-37.81362051340067,144.95430800870284,street_furniture_clean.csv
furniture-1431561,Drinking Fountain - Treated Timber Drinking Fountain - Alexandra Park,street_furniture,Drinking Fountain,,4.0,-37.82760195838954,144.9819469602272,street_furniture_clean.csv
furniture-1442757,Seat - Straight Seat - Wooden Battens,street_furniture,Seat,,1.0,-37.83390229271856,144.98303731774584,street_furniture_clean.csv
furniture-1360410,Seat - Straight Seat - Wooden Battens - Type 2 - Royal Park,street_furniture,Seat,,2.0,-37.77878758558146,144.95241999195724,street_furniture_clean.csv
furniture-1751172,Seat - Straight Seat - Wooden Battens - Type 2 - Parkville Gardens,street_furniture,Seat,,4.0,-37.781153391070816,144.94100260641736,street_furniture_clean.csv
furniture-1751223,Drinking Fountain - Leaf Type - Dog Bowl  - Railway Place And Miller Street Reserve,street_furniture,Drinking Fountain,,4.0,-37.80566602896913,144.94256675118035,street_furniture_clean.csv
furniture-1753303,Seat - Straight Seat - Wooden Battens - Type 2 - New Quay Central Park,street_furniture,Seat,,5.0,-37.81471430610805,144.9387100546679,street_furniture_clean.csv
furniture-1753316,Seat - Stainless Steel Seat - Fixed,street_furniture,Seat,,4.44,-37.81431027101737,144.94076792354772,street_furniture_clean.csv
furniture-1753343,Seat - Stainless Steel Seat - Fixed,street_furniture,Seat,,4.44,-37.820684676342175,144.9403691228415,street_furniture_clean.csv
furniture-1600549,Seat - Straight Seat - Wooden Battens - Type 2 - Neill Street Reserve,street_furniture,Seat,,3.0,-37.79531456992324,144.96948737469825,street_furniture_clean.csv
furniture-1633819,Seat - Straight Seat - Wooden Battens - Type 2 - Sturt Street Reserve,street_furniture,Seat,,3.0,-37.8297451254693,144.96459262098813,street_furniture_clean.csv
furniture-1661361,Seat - Stainless Steel Straight Seat,street_furniture,Seat,,2.4,-37.81374611866936,144.96882002736902,street_furniture_clean.csv
furniture-1672755,Drinking Fountain - Stainless Steel Drinking Fountain - Leaf Type,street_furniture,Drinking Fountain,,3.44,-37.82039536598253,144.94148537021343,street_furniture_clean.csv
furniture-1673875,Drinking Fountain - Stainless Steel Drinking Fountain - Leaf Type,street_furniture,Drinking Fountain,,4.0,-37.81328717472797,144.9892411598799,street_furniture_clean.csv
furniture-1719689,Picnic Setting - Urban Design Style - Royal Park,street_furniture,Picnic Setting,,4.0,-37.79195588540961,144.94930799382854,street_furniture_clean.csv
furniture-1743848,Seat - Stainless Steel Seat - Fixed,street_furniture,Seat,,3.44,-37.8241361507402,144.94353898432402,street_furniture_clean.csv
furniture-1110868,Barbeque - Urban Design Double Hotplate,street_furniture,Barbeque,,4.0,-37.82785043366638,144.98340504092684,street_furniture_clean.csv
furniture-1360382,Seat - Straight Seat - Wooden Battens - Type 2 - Flagstaff Gardens,street_furniture,Seat,,4.0,-37.81039196992543,144.95391414422122,street_furniture_clean.csv
furniture-1360388,Seat - Straight Seat - Wooden Battens - Type 2 - Carlton Gardens North,street_furniture,Seat,,3.0,-37.802078506635965,144.97079725603513,street_furniture_clean.csv
furniture-1360398,Seat - Straight Seat - Wooden Battens - Type 2 - Fawkner Park,street_furniture,Seat,,3.0,-37.83858500789363,144.97821606355834,street_furniture_clean.csv
furniture-1360400,Seat - Straight Seat - Wooden Battens - Type 2 - Shrine of Remembrance Reserve,street_furniture,Seat,,4.0,-37.83017501646123,144.97409301319755,street_furniture_clean.csv
furniture-1360413,Seat - Straight Seat - Wooden Battens - Type 2 - Royal Park Golf Course,street_furniture,Seat,,4.0,-37.78198722073166,144.95606221507774,street_furniture_clean.csv
furniture-1360428,Seat - Straight Seat - Wooden Battens - Type 2 - Parkville Gardens,street_furniture,Seat,,3.0,-37.780324502120585,144.94035911542014,street_furniture_clean.csv
furniture-1360433,Seat - Straight Seat - Wooden Battens - Type 2 - Robertson Street Reserve,street_furniture,Seat,,4.0,-37.79308891625144,144.93237581920013,street_furniture_clean.csv
furniture-1360436,Seat - Straight Seat - Wooden Battens - Type 2 - Royal Park,street_furniture,Seat,,3.0,-37.7822870004464,144.9545180254132,street_furniture_clean.csv
furniture-1360445,Seat - Alloy Frame and Narrow Wooden Slats - Fawkner Park,street_furniture,Seat,,3.0,-37.84303801211254,144.9815630664769,street_furniture_clean.csv
furniture-1360446,Seat - Alloy Frame and Narrow Wooden Slats - Fawkner Park,street_furniture,Seat,,3.0,-37.8429949960185,144.98159810379556,street_furniture_clean.csv
furniture-1360453,Barbeque - Urban Design Single Hotplate,street_furniture,Barbeque,,3.0,-37.8207420265614,144.9625030210556,street_furniture_clean.csv
furniture-1360463,Picnic Setting - Urban Design Style,street_furniture,Picnic Setting,,3.0,-37.80232602346668,144.97122400318622,street_furniture_clean.csv
furniture-1360543,Drinking fountain - Historic or Heritage fountains - University Square,street_furniture,Drinking Fountain,,2.91,-37.8020146095429,144.9605723948678,street_furniture_clean.csv
furniture-1360545,Drinking Fountain - Stainless Steel Drinking Fountain - Leaf Type - Fawkner Park,street_furniture,Drinking Fountain,,4.0,-37.8405910312944,144.9842020334054,street_furniture_clean.csv
furniture-1119614,Seat - Straight Seat - Wooden Battens - Type 2 - Treasury Gardens,street_furniture,Seat,,4.0,-37.813693954313706,144.97654641975487,street_furniture_clean.csv
furniture-1361014,Seat - Metal Seat - Park Type,street_furniture,Seat,,2.83,-37.789506975815335,144.9278970885044,street_furniture_clean.csv
furniture-1119665,Seat - Straight Seat - Wooden Battens - Type 2 - Carlton Gardens South,street_furniture,Seat,,3.0,-37.80586237682003,144.9731154768059,street_furniture_clean.csv
furniture-1119739,Seat - Straight Seat - Wooden Battens - Type 2 - Fitzroy Gardens,street_furniture,Seat,,4.0,-37.81478138584264,144.981480751405,street_furniture_clean.csv
furniture-1361157,Seat - Metal Bench,street_furniture,Seat,,2.82,-37.79422438728261,144.94178481256657,street_furniture_clean.csv
furniture-1119805,Seat - Straight Seat - Wooden Battens - Type 2 - Carlton Gardens South,street_furniture,Seat,,3.0,-37.80662230820458,144.9713238225408,street_furniture_clean.csv
furniture-1119823,Seat - Straight Seat - Wooden Battens - Type 2 - Flagstaff Gardens,street_furniture,Seat,,4.0,-37.81191792335985,144.95430797879976,street_furniture_clean.csv
furniture-1361331,Seat - Metal Bench,street_furniture,Seat,,2.94,-37.81350511451785,144.93925588009216,street_furniture_clean.csv
furniture-1361457,Seat - Flat Bench Seat - Wooden Battens,street_furniture,Seat,,2.86,-37.78860201223327,144.9261970187497,street_furniture_clean.csv
furniture-1120180,Seat - Womens Peace Garden Bench,street_furniture,Seat,,3.0,-37.79131202960968,144.9238088461941,street_furniture_clean.csv
furniture-1372715,Seat - Stainless Steel Straight Seat,street_furniture,Seat,,2.45,-37.814864625907,144.96357464482574,street_furniture_clean.csv
furniture-1372728,Seat - Stainless Steel Straight Seat,street_furniture,Seat,,2.45,-37.81702296681223,144.9645663475862,street_furniture_clean.csv
furniture-1313799,Seat - Metal Seat,street_furniture,Seat,,3.06,-37.84516656233979,144.98196641683296,street_furniture_clean.csv
furniture-1431942,Drinking Fountain - Leaf Type - Dog Bowl  - Clayton Reserve,street_furniture,Drinking Fountain,,4.0,-37.79690982991827,144.93887017448856,street_furniture_clean.csv
furniture-1313270,Seat - Stainless Steel Seat - Fixed,street_furniture,Seat,,2.7,-37.81871324192024,144.94697212740988,street_furniture_clean.csv
furniture-1313301,Seat - Stainless Steel Bench - Docklands,street_furniture,Seat,,3.44,-37.81462626653831,144.94088898162755,street_furniture_clean.csv
furniture-1313325,Seat - Timber Seat with Aluminium Legs - Docklands,street_furniture,Seat,,3.16,-37.82467430220959,144.94678000558477,street_furniture_clean.csv
furniture-1313340,Seat - Stainless Steel Seat - 3m & LED lights,street_furniture,Seat,,1.67,-37.82320029756827,144.95205501704802,street_furniture_clean.csv
furniture-1313353,Seat - Stainless Steel Bench - Docklands,street_furniture,Seat,,3.36,-37.81883133217488,144.94616296652632,street_furniture_clean.csv
furniture-1313422,Seat - Timber Bench with Aluminium Legs - Docklands,street_furniture,Seat,,3.16,-37.82424932629726,144.94443108724224,street_furniture_clean.csv
furniture-1313456,Seat - Stainless Steel Seat - 3m & LED lights,street_furniture,Seat,,3.44,-37.81969231668253,144.9523720329534,street_furniture_clean.csv
furniture-1313481,Seat - Stainless Steel Seat - Fixed,street_furniture,Seat,,3.3,-37.82152822356608,144.95113604442628,street_furniture_clean.csv
furniture-1313595,Seat - Stainless Steel Straight Seat,street_furniture,Seat,,2.45,-37.81307779944148,144.96688761188398,street_furniture_clean.csv
furniture-1119044,Seat - Wooden Bench - Womens Peace Garden,street_furniture,Seat,,3.0,-37.791159621053175,144.92423714049372,street_furniture_clean.csv
furniture-1313713,Seat - Stainless Steel Seat - Fixed,street_furniture,Seat,,3.3,-37.82176225716446,144.95082010933277,street_furniture_clean.csv
furniture-1119123,Seat - Straight Seat - Wooden Battens - Type 2 - Princes Park,street_furniture,Seat,,4.0,-37.785723201356014,144.9603434826112,street_furniture_clean.csv
furniture-1119149,Seat - Straight Seat - Wooden Battens - Type 2 - JJ Holland Park,street_furniture,Seat,,5.0,-37.79764133003382,144.9255578748024,street_furniture_clean.csv
furniture-1119188,Seat - Straight Seat - Wooden Battens - Type 2 - Argyle Square,street_furniture,Seat,,4.0,-37.80293964808168,144.96559364510875,street_furniture_clean.csv
furniture-1119202,Seat - Straight Seat - Wooden Battens - Type 2 - Princes Park,street_furniture,Seat,,5.0,-37.78891470217848,144.96112794759202,street_furniture_clean.csv
furniture-1313870,Seat - Timber Seat with Aluminium Legs - Docklands,street_furniture,Seat,,3.16,-37.824415303272765,144.9459790760553,street_furniture_clean.csv
furniture-1313883,Seat - Timber Bench with Aluminium Legs - Docklands,street_furniture,Seat,,3.16,-37.82371129724366,144.94319097886387,street_furniture_clean.csv
furniture-1119294,Seat - Straight Seat - Wooden Battens - Type 2 - Treasury Gardens,street_furniture,Seat,,3.0,-37.81312948599776,144.97690476978974,street_furniture_clean.csv
furniture-1314031,Seat - Stainless Steel Straight Seat,street_furniture,Seat,,4.45,-37.81724976793068,144.96775260095325,street_furniture_clean.csv
furniture-1119352,Seat - Straight Seat - Wooden Battens - Type 2 - Carlton Gardens North,street_furniture,Seat,,4.0,-37.802158242279525,144.97165927584447,street_furniture_clean.csv
furniture-1119394,Seat - Straight Seat - Wooden Battens - Type 2 - Birrarung Marr,street_furniture,Seat,,4.0,-37.81979762619616,144.9745965063438,street_furniture_clean.csv
furniture-1569677,Seat - Straight Seat - Wooden Battens - Type 2 - Royal Park,street_furniture,Seat,,3.0,-37.78164052253479,144.957141810562,street_furniture_clean.csv
furniture-1569685,Seat - Straight Seat - Wooden Battens - Type 2 - Royal Park,street_furniture,Seat,,3.0,-37.78303108056763,144.94258045512197,street_furniture_clean.csv
furniture-1569759,Picnic Setting - Urban Design Style - Powlett Reserve,street_furniture,Picnic Setting,,4.0,-37.81124889127986,144.98647271255604,street_furniture_clean.csv
furniture-1569764,Seat - Straight Seat - Wooden Battens - Type 2 - St Marys Star of the Sea Church,street_furniture,Seat,,3.0,-37.80581822857166,144.95340558658492,street_furniture_clean.csv
furniture-1120249,Seat - Metal Seat - Pleasance Gardens,street_furniture,Seat,,3.0,-37.79643851876919,144.94642230915687,street_furniture_clean.csv
furniture-1120251,Seat - Metal Seat - Pleasance Gardens,street_furniture,Seat,,3.0,-37.79641323170343,144.94642437225016,street_furniture_clean.csv
furniture-1362043,Seat - Stainless Steel Straight Seat,street_furniture,Seat,,3.44,-37.81371991357224,144.96279095111973,street_furniture_clean.csv
furniture-1362052,Seat - Stainless Steel Straight Seat,street_furniture,Seat,,3.3,-37.81865842056375,144.94746145001338,street_furniture_clean.csv
furniture-1362066,Seat - Metal Bench,street_furniture,Seat,,3.17,-37.81656065272321,144.96676683675423,street_furniture_clean.csv
furniture-1313001,Information Pillar - Poster Pillar - COM,street_furniture,Information Pillar,,3.01,-37.816956908903165,144.95305185632284,street_furniture_clean.csv
furniture-1119423,Seat - Straight Seat - Wooden Battens - Type 2 - Parliament Reserve,street_furniture,Seat,,3.0,-37.810094515998415,144.97331075233862,street_furniture_clean.csv
furniture-1119435,Seat - Straight Seat - Wooden Battens - Type 2 - Fawkner Park,street_furniture,Seat,,3.0,-37.83806170452506,144.978253306275,street_furniture_clean.csv
furniture-1119439,Seat - Straight Seat - Wooden Battens - Type 2 - Fitzroy Gardens,street_furniture,Seat,,4.0,-37.8112103785699,144.97974682111908,street_furniture_clean.csv
furniture-1119443,Seat - Straight Seat - Wooden Battens - Type 2 - Flagstaff Gardens,street_furniture,Seat,,4.0,-37.81156256432324,144.95455030718048,street_furniture_clean.csv
furniture-1119469,Seat - Straight Seat - Wooden Battens - Type 2 - Darling Square,street_furniture,Seat,,4.0,-37.81293640536465,144.98890694401612,street_furniture_clean.csv
furniture-1119485,Seat - Straight Seat - Wooden Battens - Type 2 - Fawkner Park,street_furniture,Seat,,3.0,-37.83760263166859,144.97788517778147,street_furniture_clean.csv
furniture-1119496,Seat - Straight Seat - Wooden Battens - Type 2 - Fitzroy Gardens,street_furniture,Seat,,4.0,-37.813293634908845,144.9806505791893,street_furniture_clean.csv
furniture-1119511,Seat - Straight Seat - Wooden Battens - Type 2 - Carlton Gardens South,street_furniture,Seat,,3.0,-37.80724675778893,144.9717384658918,street_furniture_clean.csv
furniture-1119513,Seat - Straight Seat - Wooden Battens - Type 2 - Carlton Gardens South,street_furniture,Seat,,3.0,-37.80713917775478,144.96994064960998,street_furniture_clean.csv
furniture-1119539,Seat - Straight Seat - Wooden Battens - Type 2 - Birrarung Marr,street_furniture,Seat,,4.0,-37.82057531949973,144.97552793515476,street_furniture_clean.csv
furniture-1119545,Seat - Straight Seat - Wooden Battens - Type 2 - Fitzroy Gardens,street_furniture,Seat,,4.0,-37.81351530810837,144.97810787397205,street_furniture_clean.csv
furniture-1119559,Seat - Straight Seat - Wooden Battens - Type 2 - Carlton Gardens North,street_furniture,Seat,,4.0,-37.80245915037161,144.97211477739066,street_furniture_clean.csv
furniture-1119564,Seat - Straight Seat - Wooden Battens - Type 2 - Treasury Gardens,street_furniture,Seat,,3.0,-37.81532629077303,144.97699940180033,street_furniture_clean.csv
furniture-1119584,Seat - Straight Seat - Wooden Battens - Type 2 - Fitzroy Gardens,street_furniture,Seat,,3.0,-37.81178749945717,144.97889119598213,street_furniture_clean.csv
furniture-1119605,Seat - Straight Seat - Wooden Battens - Type 2 - Fawkner Park,street_furniture,Seat,,4.0,-37.84509761881161,144.9822974048418,street_furniture_clean.csv
furniture-1119607,Seat - Straight Seat - Wooden Battens - Type 2 - Fawkner Park,street_furniture,Seat,,3.0,-37.838072537667685,144.97976624227474,street_furniture_clean.csv
furniture-1119615,Seat - Straight Seat - Wooden Battens - Type 2 - Queen Victoria Gardens,street_furniture,Seat,,3.0,-37.82165974999186,144.9720638711658,street_furniture_clean.csv
furniture-1119494,Seat - Straight Seat - Wooden Battens - Type 2 - Gordon Reserve,street_furniture,Seat,,3.0,-37.81250673289684,144.9740616301348,street_furniture_clean.csv
furniture-1119625,Seat - Straight Seat - Wooden Battens - Type 2 - Kings Domain,street_furniture,Seat,,3.0,-37.823735583994726,144.971565447746,street_furniture_clean.csv
furniture-1119652,Seat - Straight Seat - Wooden Battens - Type 2 - Fawkner Park,street_furniture,Seat,,3.0,-37.8436677419773,144.9823456964811,street_furniture_clean.csv
furniture-1119653,Seat - Straight Seat - Wooden Battens - Type 2 - Fawkner Park,street_furniture,Seat,,4.0,-37.84287223769262,144.98388991341213,street_furniture_clean.csv
furniture-1119655,Seat - Straight Seat - Wooden Battens - Type 2 - Treasury Gardens,street_furniture,Seat,,4.0,-37.81427666188407,144.97544056532962,street_furniture_clean.csv
furniture-1119663,Seat - Straight Seat - Wooden Battens - Type 2 - Carlton Gardens South,street_furniture,Seat,,4.0,-37.80670716488786,144.97101845999194,street_furniture_clean.csv
furniture-1119669,Seat - Straight Seat - Wooden Battens - Type 2 - Fitzroy Gardens,street_furniture,Seat,,4.0,-37.81197353047636,144.97835735435825,street_furniture_clean.csv
furniture-1119671,Seat - Straight Seat - Wooden Battens - Type 2 - Fitzroy Gardens,street_furniture,Seat,,4.0,-37.81384456896632,144.97888303271156,street_furniture_clean.csv
furniture-1119675,Seat - Straight Seat - Wooden Battens - Type 2 - Grant Street (SOUTHBANK),street_furniture,Seat,,4.0,-37.82578799777893,144.96887786679045,street_furniture_clean.csv
furniture-1119678,Seat - Straight Seat - Wooden Battens - Type 2 - Kings Domain South,street_furniture,Seat,,4.0,-37.83363153018907,144.982108878203,street_furniture_clean.csv
furniture-1119702,Seat - Straight Seat - Wooden Battens - Type 2 - Fitzroy Gardens,street_furniture,Seat,,4.0,-37.811668427218855,144.98178465419576,street_furniture_clean.csv
furniture-1119703,Seat - Straight Seat - Wooden Battens - Type 2 - Fitzroy Gardens,street_furniture,Seat,,3.0,-37.81092924196862,144.9830815340202,street_furniture_clean.csv
furniture-1119716,Seat - Straight Seat - Wooden Battens - Type 2 - Fitzroy Gardens,street_furniture,Seat,,3.0,-37.81368338540747,144.98261104530138,street_furniture_clean.csv
furniture-1119720,Seat - Straight Seat - Wooden Battens - Type 2 - Fitzroy Gardens,street_furniture,Seat,,3.0,-37.81274240723503,144.98055734507722,street_furniture_clean.csv
furniture-1119723,Seat - Straight Seat - Wooden Battens - Type 2 - Fitzroy Gardens,street_furniture,Seat,,4.0,-37.81468436415134,144.97766987354117,street_furniture_clean.csv
furniture-1119726,Seat - Straight Seat - Wooden Battens - Type 2 - Sturt Street Reserve,street_furniture,Seat,,3.0,-37.8296591529176,144.9652234070672,street_furniture_clean.csv
furniture-1119778,Seat - Straight Seat - Wooden Battens - Type 2 - Fitzroy Gardens,street_furniture,Seat,,4.0,-37.81211579154924,144.9796207030876,street_furniture_clean.csv
furniture-1119785,Seat - Straight Seat - Wooden Battens - Type 2 - Carlton Gardens South,street_furniture,Seat,,4.0,-37.80586816351174,144.96992014300722,street_furniture_clean.csv
furniture-1119798,Seat - Straight Seat - Wooden Battens - Type 2 - Carlton Gardens North,street_furniture,Seat,,4.0,-37.801554970551386,144.97195097346278,street_furniture_clean.csv
furniture-1119812,Seat - Straight Seat - Wooden Battens - Type 2 - Enterprize Park,street_furniture,Seat,,4.0,-37.82035191455694,144.95949040463978,street_furniture_clean.csv
furniture-1119826,Seat - Straight Seat - Wooden Battens - Type 2 - Flagstaff Gardens,street_furniture,Seat,,3.0,-37.80970005651847,144.95481207227482,street_furniture_clean.csv
furniture-1119840,Seat - Metal Seat - Central Park Kensington,street_furniture,Seat,,4.0,-37.79465019721657,144.91981776379075,street_furniture_clean.csv
furniture-1119854,Seat - Metal Seat - Kensington Banks Type - Cakebread Mews Park East,street_furniture,Seat,,3.0,-37.79317774159386,144.9197701471439,street_furniture_clean.csv
furniture-1119866,Seat - Metal Seat - Central Park Kensington,street_furniture,Seat,,4.0,-37.79424852258863,144.9192349815493,street_furniture_clean.csv
furniture-1119874,Seat - Metal Seat - Central Park Kensington,street_furniture,Seat,,4.0,-37.7944967417101,144.9190330281328,street_furniture_clean.csv
furniture-1119876,Seat - Metal Seat - Central Park Kensington,street_furniture,Seat,,4.0,-37.794341411653406,144.91923884834807,street_furniture_clean.csv
furniture-1119891,Seat - Metal Seat - Central Park Kensington,street_furniture,Seat,,4.0,-37.79461225614872,144.91980236131354,street_furniture_clean.csv
furniture-1119897,Seat - Metal Seat - Riverside Park,street_furniture,Seat,,4.0,-37.79519638617223,144.9165952619891,street_furniture_clean.csv
furniture-1119904,Seat - Metal Seat - Kensington Banks Type - Watkins Way (KENSINGTON),street_furniture,Seat,,3.0,-37.79141961056602,144.9210798512768,street_furniture_clean.csv
furniture-1119939,Seat - Straight Seat - Wooden Battens - Type 2 - Royal Park,street_furniture,Seat,,2.0,-37.78139629640239,144.95292162503256,street_furniture_clean.csv
furniture-1119995,Seat - Straight Seat - Wooden Battens - Type 2 - Shrine of Remembrance Reserve,street_furniture,Seat,,4.0,-37.83100326515438,144.97616143184163,street_furniture_clean.csv
furniture-1119998,Seat - Straight Seat - Wooden Battens - Type 2 - Kings Domain South,street_furniture,Seat,,4.0,-37.83327531369976,144.97951431678226,street_furniture_clean.csv
furniture-1120039,Seat - Straight Seat - Wooden Battens - Type 2 - Fawkner Park,street_furniture,Seat,,4.0,-37.83939837900698,144.98316862074557,street_furniture_clean.csv
furniture-1120071,Seat - Older Style Park Seat - Timber Slats - Queen Victoria Gardens,street_furniture,Seat,,4.0,-37.82230861734597,144.97177208912376,street_furniture_clean.csv
furniture-1120112,Seat - Metal Bench - North Melbourne Recreation Reserve,street_furniture,Seat,,3.0,-37.79991555789769,144.94321753243597,street_furniture_clean.csv
furniture-1120144,Seat - Concrete Bench Seat,street_furniture,Seat,,3.0,-37.80054084240645,144.96013637894072,street_furniture_clean.csv
furniture-1120173,Seat - Wooden Slats Set in Bluestone - Alexandra Gardens,street_furniture,Seat,,3.0,-37.81974483801967,144.97269168527993,street_furniture_clean.csv
furniture-1120205,Seat - Alloy Frame and Narrow Wooden Slats - Birrarung Marr,street_furniture,Seat,,4.0,-37.81885972821187,144.97276645604188,street_furniture_clean.csv
furniture-1120211,Seat - Alloy Frame and Narrow Wooden Slats - Birrarung Marr,street_furniture,Seat,,4.0,-37.81866724082264,144.97190323776542,street_furniture_clean.csv
furniture-1120216,Seat - Straight Seat - Wooden Battens - Type 2 - Alexandra Park,street_furniture,Seat,,3.0,-37.819606262276,144.972426237609,street_furniture_clean.csv
furniture-1120269,Seat - Metal Seat - Weedon Reserve,street_furniture,Seat,,3.0,-37.81717703156868,144.98859782861993,street_furniture_clean.csv
furniture-1120270,Seat - Metal Seat - Stapley Parade Reserve,street_furniture,Seat,,4.0,-37.828306312642944,144.98521947185117,street_furniture_clean.csv
furniture-1120277,Seat - Metal Seat - Weedon Reserve,street_furniture,Seat,,3.0,-37.81727551161406,144.98807452747693,street_furniture_clean.csv
furniture-1283657,Picnic Setting - Urban Design Style - JJ Holland Park,street_furniture,Picnic Setting,,3.0,-37.79796097160485,144.92150984976828,street_furniture_clean.csv
furniture-1283680,Seat - Straight Seat - Wooden Battens - Type 2 - Royal Park,street_furniture,Seat,,3.0,-37.78491332604865,144.9455516205302,street_furniture_clean.csv
furniture-1119308,Seat - Straight Seat - Wooden Battens - Type 2 - Carlton Gardens South,street_furniture,Seat,,3.0,-37.80692459439876,144.97135178282647,street_furniture_clean.csv
furniture-1118727,Picnic Setting - Urban Design Style,street_furniture,Picnic Setting,,4.0,-37.82962255172666,144.96504535006684,street_furniture_clean.csv
furniture-1290821,Barbeque - Barbeque (Docklands - not categorised),street_furniture,Barbeque,,4.0,-37.823064959466265,144.94180279898958,street_furniture_clean.csv
furniture-1290839,Seat - Unclassified - Docklands Park,street_furniture,Seat,,3.0,-37.81967758775377,144.94604726282265,street_furniture_clean.csv
furniture-1290848,Seat - Unclassified - Docklands Park,street_furniture,Seat,,3.0,-37.82083922223828,144.94652389390896,street_furniture_clean.csv
furniture-1290852,Seat - Unclassified - Docklands Park,street_furniture,Seat,,3.0,-37.82081208681293,144.9464561424962,street_furniture_clean.csv
furniture-1290864,Seat - Unclassified - Docklands Park,street_furniture,Seat,,4.0,-37.820122735751454,144.94646911468266,street_furniture_clean.csv
furniture-1313004,Seat - Timber Seat with Aluminium Legs - Docklands,street_furniture,Seat,,3.16,-37.82444033125999,144.94617913107493,street_furniture_clean.csv
furniture-1115255,Drinking Fountain - Treated Timber Drinking Fountain - Carlton Gardens South,street_furniture,Drinking Fountain,,4.0,-37.80719483579952,144.97264821832775,street_furniture_clean.csv
furniture-1313072,Drinking Fountain - Stainless Steel Drinking Fountain - Leaf Type,street_furniture,Drinking Fountain,,3.44,-37.81949228639884,144.94459499380662,street_furniture_clean.csv
furniture-1283675,Seat - Straight Seat - Wooden Battens - Type 2 - Royal Park,street_furniture,Seat,,3.0,-37.782715015839386,144.94780666106786,street_furniture_clean.csv
furniture-1079328,Seat - Stainless Steel Seat - Fixed,street_furniture,Seat,,3.45,-37.805578986039926,144.958879200274,street_furniture_clean.csv
furniture-1119154,Seat - Straight Seat - Wooden Battens - Type 2 - Lincoln Square,street_furniture,Seat,,3.0,-37.80273314347271,144.9627084345781,street_furniture_clean.csv
furniture-1119921,Seat - Metal Seat - Mercantile Park West,street_furniture,Seat,,4.0,-37.79626286997138,144.92072239424402,street_furniture_clean.csv
furniture-1075228,Drinking Fountain - Stainless Steel Drinking Fountain - Leaf Type,street_furniture,Drinking Fountain,,3.45,-37.813892178607055,144.9641120868484,street_furniture_clean.csv
furniture-1075241,Drinking Fountain - Old Style Steel Drinking Fountain,street_furniture,Drinking Fountain,,2.3,-37.80831892386757,144.97445245211898,street_furniture_clean.csv
furniture-1075285,Drinking Fountain - Stainless Steel Drinking Fountain - Leaf Type - Bottle Refill Tap,street_furniture,Drinking Fountain,,3.43,-37.80501832400133,144.94911036775298,street_furniture_clean.csv
furniture-1075294,Drinking Fountain - Stainless Steel Drinking Fountain - Leaf Type - Bottle Refill Tap,street_furniture,Drinking Fountain,,3.0,-37.78533232662653,144.9534737646951,street_furniture_clean.csv
furniture-1075314,Drinking Fountain - Drinking Fountain - Type 1,street_furniture,Drinking Fountain,,3.3,-37.80611690395517,144.9571333967204,street_furniture_clean.csv
furniture-1075318,Drinking Fountain - Stainless Steel Drinking Fountain - Leaf Type,street_furniture,Drinking Fountain,,3.39,-37.81601000604859,144.97270242239682,street_furniture_clean.csv
furniture-1075319,Drinking Fountain - Stainless Steel Drinking Fountain - Leaf Type - Bottle Refill Tap,street_furniture,Drinking Fountain,,3.45,-37.80056485451508,144.9668454274885,street_furniture_clean.csv
furniture-1075325,Drinking Fountain - Stainless Steel Drinking Fountain - Leaf Type - Bottle Refill Tap,street_furniture,Drinking Fountain,,3.45,-37.81906773607154,144.95451978482612,street_furniture_clean.csv
furniture-1362028,Seat - Metal Bench,street_furniture,Seat,,3.1,-37.81267748750617,144.96889225399886,street_furniture_clean.csv
furniture-1079330,Seat - Metal Seat,street_furniture,Seat,,2.83,-37.79629145113744,144.94679467937166,street_furniture_clean.csv
furniture-1078768,Seat - Stainless Steel Seat - Fixed,street_furniture,Seat,,3.45,-37.81375656306312,144.96510328506818,street_furniture_clean.csv
furniture-1659139,Seat - Stainless Steel Seat - Fixed,street_furniture,Seat,,3.24,-37.78800729340601,144.92670181390912,street_furniture_clean.csv
furniture-1755042,Seat - Straight Seat - Wooden Battens - Type 2 - Gardiner Reserve,street_furniture,Seat,,4.0,-37.79915278268139,144.94339178564638,street_furniture_clean.csv
furniture-1755050,Seat - Straight Seat - Wooden Battens - Type 2 - Gardiner Reserve,street_furniture,Seat,,5.0,-37.7990894066702,144.94414913219904,street_furniture_clean.csv
furniture-1756336,Drinking Fountain - Leaf Type - Dog Bowl  - Kings Domain South,street_furniture,Drinking Fountain,,4.0,-37.83352412979702,144.98347223277543,street_furniture_clean.csv
furniture-1757707,Drinking Fountain - Leaf Type - With Bottle Refill Tap - Fitzroy Gardens,street_furniture,Drinking Fountain,,4.0,-37.81426414724787,144.97865144245154,street_furniture_clean.csv
furniture-1757714,Drinking Fountain - Leaf Type - Dog Bowl  - Royal Park,street_furniture,Drinking Fountain,,4.0,-37.78972452756684,144.95542692736785,street_furniture_clean.csv
furniture-1758423,Seat - Solid Concrete Block - Royal Park,street_furniture,Seat,,4.0,-37.79272063140582,144.94793739745512,street_furniture_clean.csv
furniture-1759445,Seat - Platform Style - Princes Park,street_furniture,Seat,,4.0,-37.78547710844777,144.96253655157037,street_furniture_clean.csv
furniture-1764811,Picnic Setting - Urban Design Style - Wharfs Landing Park,street_furniture,Picnic Setting,,5.0,-37.82185660505472,144.9363933934231,street_furniture_clean.csv
furniture-1754023,Seat - Unclassified - New Quay Central Park,street_furniture,Seat,,4.0,-37.81558370108752,144.93944310426207,street_furniture_clean.csv
furniture-1771616,Seat - Straight Seat - Wooden Battens - Type 2 - Kings Domain South,street_furniture,Seat,,4.0,-37.828307704415735,144.9742404350107,street_furniture_clean.csv
furniture-1771618,Seat - Straight Seat - Wooden Battens - Type 2 - Kings Domain South,street_furniture,Seat,,3.0,-37.832988889546215,144.97689401373543,street_furniture_clean.csv
furniture-1771627,Seat - Straight Seat - Wooden Battens - Type 2 - Hardy Reserve,street_furniture,Seat,,3.0,-37.78573473988797,144.96920934283943,street_furniture_clean.csv
furniture-1771652,Seat - Straight Seat - Wooden Battens - Type 2 - Royal Park,street_furniture,Seat,,4.0,-37.77756880063591,144.95230420691132,street_furniture_clean.csv
furniture-1771660,Seat - Straight Seat - Wooden Battens - Type 2 - Princes Park,street_furniture,Seat,,4.0,-37.78958761075126,144.959728031541,street_furniture_clean.csv
furniture-1771979,Information Pillar - Information Hub Pillar,street_furniture,Information Pillar,,3.73,-37.8119422150015,144.96770651981274,street_furniture_clean.csv
furniture-1759440,Seat - Straight Seat - Wooden Battens - Type 2 - Princes Park,street_furniture,Seat,,4.0,-37.78517598312691,144.9628936479725,street_furniture_clean.csv
furniture-1759444,Seat - Straight Seat - Wooden Battens - Type 2 - Princes Park,street_furniture,Seat,,4.0,-37.78540005945535,144.96290134794617,street_furniture_clean.csv
furniture-1759488,Seat - Platform Style - Riverside Quay (SOUTHBANK),street_furniture,Seat,,4.0,-37.82130208183472,144.96402277075728,street_furniture_clean.csv
furniture-1775785,Seat - Unclassified - Boyd Community Hub,street_furniture,Seat,,5.0,-37.82590447969564,144.9618981742116,street_furniture_clean.csv
furniture-1775791,Picnic Setting - unspecified - Boyd Community Hub,street_furniture,Picnic Setting,,5.0,-37.8259897578216,144.96143126545311,street_furniture_clean.csv
furniture-1775807,Seat - Timber Bench - Boyd Community Hub,street_furniture,Seat,,5.0,-37.82536587610869,144.96114509125357,street_furniture_clean.csv
furniture-1786645,Seat - Stainless Steel Curved - Narrow Stainless Slats - Lincoln Square,street_furniture,Seat,,5.0,-37.802525462873376,144.9629243721412,street_furniture_clean.csv
furniture-1786703,Drinking Fountain - Leaf Type - With Bottle Refill Tap - Royal Park,street_furniture,Drinking Fountain,,5.0,-37.78197128785148,144.95606844481355,street_furniture_clean.csv
furniture-1786705,Drinking Fountain - Leaf Type - With Bottle Refill Tap - Pleasance Gardens,street_furniture,Drinking Fountain,,5.0,-37.79639356481317,144.9464489931069,street_furniture_clean.csv
furniture-1798707,Seat - Unclassified - Hub@Docklands,street_furniture,Seat,,5.0,-37.820068883186806,144.94737568533293,street_furniture_clean.csv
furniture-1798712,Seat - Unclassified - Hub@Docklands,street_furniture,Seat,,5.0,-37.81996470846449,144.947282690304,street_furniture_clean.csv
furniture-1798721,Seat - Unclassified - Hub@Docklands,street_furniture,Seat,,5.0,-37.82021511605788,144.94760156772475,street_furniture_clean.csv
furniture-1771641,Seat - Straight Seat - Wooden Battens - Type 2 -,street_furniture,Seat,,5.0,-37.79456010174075,144.91663278456554,street_furniture_clean.csv
furniture-1775796,Picnic Setting - unspecified - Boyd Community Hub,street_furniture,Picnic Setting,,5.0,-37.82537212074477,144.96114662355504,street_furniture_clean.csv
furniture-1804404,Barbeque - Urban Design Double Hotplate Spanning Two Units - JJ Holland Park,street_furniture,Barbeque,,5.0,-37.79781159312425,144.92608154725664,street_furniture_clean.csv
furniture-1496040,Seat - Wooden Bench,street_furniture,Seat,,3.15,-37.81606733575429,144.9388701900121,street_furniture_clean.csv
furniture-1507112,Seat - Metal Bench Around Tree Base,street_furniture,Seat,,4.16,-37.81017852793127,144.96398737670808,street_furniture_clean.csv
furniture-1507128,Seat - Metal Bench Around Tree Base,street_furniture,Seat,,2.16,-37.810329303834784,144.96426936485952,street_furniture_clean.csv
furniture-1462452,Seat - Stainless Steel Bench - Docklands,street_furniture,Seat,,3.44,-37.81991526798312,144.943163902743,street_furniture_clean.csv
furniture-1507603,Seat - Stainless Steel Bench - Docklands,street_furniture,Seat,,3.44,-37.81774791012379,144.9462851270606,street_furniture_clean.csv
furniture-1507609,Seat - Stainless Steel Bench - Docklands,street_furniture,Seat,,3.44,-37.81624379732561,144.94562591817723,street_furniture_clean.csv
furniture-1507610,Seat - Stainless Steel Bench - Docklands,street_furniture,Seat,,3.44,-37.81621777182953,144.9456166431374,street_furniture_clean.csv
furniture-1511691,Seat - Straight Seat - Wooden Battens - Type 2 - JJ Holland Park,street_furniture,Seat,,4.0,-37.79738592072452,144.9231896284857,street_furniture_clean.csv
furniture-1511714,Seat - Straight Seat - Wooden Battens - Type 2 - JJ Holland Park,street_furniture,Seat,,3.0,-37.796863372829804,144.92476138587284,street_furniture_clean.csv
furniture-1515396,Seat - Straight Seat - Wooden Battens - Type 2 - Fawkner Park,street_furniture,Seat,,4.0,-37.83939091993492,144.98144522847224,street_furniture_clean.csv
furniture-1490889,Seat - Urban Design Park Style - Green Powder Coat - Kings Domain,street_furniture,Seat,,4.0,-37.82292390132511,144.9730152727949,street_furniture_clean.csv
furniture-1529814,Seat - Metal Bench Around Tree Base,street_furniture,Seat,,4.16,-37.80788486433546,144.9629094193891,street_furniture_clean.csv
furniture-1530182,Information Pillar - Poster Pillar - COM,street_furniture,Information Pillar,,3.16,-37.81320710207709,144.96255412083354,street_furniture_clean.csv
furniture-1530814,Seat - Metal Bench Around Tree Base,street_furniture,Seat,,3.16,-37.81266788664092,144.96513136032445,street_furniture_clean.csv
furniture-1503104,Seat - Stainless Steel Seat - Fixed,street_furniture,Seat,,3.43,-37.815028929012776,144.93743516787515,street_furniture_clean.csv
furniture-1532218,Seat - Stainless Steel Straight Seat,street_furniture,Seat,,3.3,-37.82123881368732,144.94906314116272,street_furniture_clean.csv
furniture-1515783,Seat - Straight Seat - Wooden Battens - Type 2 - North Melbourne Community Centre (Open Space),street_furniture,Seat,,4.0,-37.7936310796516,144.94028635245832,street_furniture_clean.csv
furniture-1110855,Barbeque - Urban Design Single Hotplate,street_furniture,Barbeque,,4.0,-37.819821342236914,144.97480170753713,street_furniture_clean.csv
furniture-1118720,Picnic Setting - Urban Design Style,street_furniture,Picnic Setting,,3.0,-37.78995619436186,144.945116130633,street_furniture_clean.csv
furniture-1118729,Picnic Setting - Urban Design Style,street_furniture,Picnic Setting,,3.0,-37.829842941662434,144.96510576172645,street_furniture_clean.csv
furniture-1119071,Seat - Straight Seat - Wooden Battens - Type 2 - Princes Park,street_furniture,Seat,,3.0,-37.78308771417258,144.95998514373952,street_furniture_clean.csv
furniture-1119077,Seat - Straight Seat - Wooden Battens - Type 2 - Royal Park,street_furniture,Seat,,2.0,-37.791820495694985,144.9456916702543,street_furniture_clean.csv
furniture-1119090,Seat - Straight Seat - Wooden Battens - Type 2 - Peppercorn Park,street_furniture,Seat,,4.0,-37.792617399312725,144.92254777658977,street_furniture_clean.csv
furniture-1119100,Seat - Simple Wooden Bench - Womens Peace Garden,street_furniture,Seat,,3.0,-37.79128262915998,144.92351112315188,street_furniture_clean.csv
furniture-1119101,Seat - Straight Seat - Wooden Battens - Type 2 - Princes Park,street_furniture,Seat,,3.0,-37.779919476437485,144.9622208108351,street_furniture_clean.csv
furniture-1119135,Seat - Straight Seat - Wooden Battens - Type 2 - Princes Park,street_furniture,Seat,,4.0,-37.78916359582749,144.9593269181287,street_furniture_clean.csv
furniture-1119155,Seat - Straight Seat - Wooden Battens - Type 2 - Pleasance Gardens,street_furniture,Seat,,2.0,-37.796330099163306,144.94586894726206,street_furniture_clean.csv
furniture-1119156,Seat - Straight Seat - Wooden Battens - Type 2 - Clayton Reserve,street_furniture,Seat,,4.0,-37.79624393744682,144.93951307290615,street_furniture_clean.csv
furniture-1119158,Seat - Straight Seat - Wooden Battens - Type 2 - Bedford Street Reserve,street_furniture,Seat,,3.0,-37.80291176444049,144.95554350210972,street_furniture_clean.csv
furniture-1119163,Seat - Straight Seat - Wooden Battens - Type 2 - Princes Park,street_furniture,Seat,,3.0,-37.78121613887302,144.96175463921548,street_furniture_clean.csv
furniture-1119197,Seat - Straight Seat - Wooden Battens - Type 2 - Royal Park,street_furniture,Seat,,4.0,-37.79263663751038,144.9468823522997,street_furniture_clean.csv
furniture-1119203,Seat - Straight Seat - Wooden Battens - Type 2 - Royal Park,street_furniture,Seat,,4.0,-37.785229790862,144.94205539898908,street_furniture_clean.csv
furniture-1119207,Seat - Straight Seat - Wooden Battens - Type 2 - JJ Holland Park,street_furniture,Seat,,4.0,-37.79840150765244,144.9259233123547,street_furniture_clean.csv
furniture-1119268,Seat - Straight Seat - Wooden Battens - Type 2 - Royal Park,street_furniture,Seat,,3.0,-37.78294429206505,144.94036303112352,street_furniture_clean.csv
furniture-1119282,Seat - Straight Seat - Wooden Battens - Type 2 - Queen Victoria Gardens,street_furniture,Seat,,3.0,-37.82154018194043,144.97135869659985,street_furniture_clean.csv
furniture-1119296,Seat - Straight Seat - Wooden Battens - Type 2 - Fawkner Park,street_furniture,Seat,,3.0,-37.84310862244229,144.97991098423773,street_furniture_clean.csv
furniture-1119299,Seat - Straight Seat - Wooden Battens - Type 2 - Flagstaff Gardens,street_furniture,Seat,,3.0,-37.81120767000046,144.95599235706675,street_furniture_clean.csv
furniture-1119344,Seat - Straight Seat - Wooden Battens - Type 2 - Carlton Gardens South,street_furniture,Seat,,3.0,-37.80657969764952,144.97172752720454,street_furniture_clean.csv
furniture-1119389,Seat - Straight Seat - Wooden Battens - Type 2 - Fitzroy Gardens,street_furniture,Seat,,3.0,-37.81478527704376,144.98101388000873,street_furniture_clean.csv
furniture-1119392,Seat - Straight Seat - Wooden Battens - Type 2 - Fitzroy Gardens,street_furniture,Seat,,4.0,-37.81411790421621,144.97879424422308,street_furniture_clean.csv
furniture-1119397,Seat - Straight Seat - Wooden Battens - Type 2 - Shrine of Remembrance Reserve,street_furniture,Seat,,4.0,-37.82780533898985,144.97228487318694,street_furniture_clean.csv
furniture-1514357,Seat - Metal Bench,street_furniture,Seat,,3.16,-37.81489371188043,144.96614906102434,street_furniture_clean.csv
furniture-1546800,Seat - Unclassified,street_furniture,Seat,,4.0,-37.79931811491286,144.95058025270893,street_furniture_clean.csv
furniture-1547708,Seat - Metal Seat,street_furniture,Seat,,3.0,-37.83011766608409,144.97020357730057,street_furniture_clean.csv
furniture-1551577,Barbeque - Urban Design Double Hotplate - Warun Biik Park,street_furniture,Barbeque,,4.0,-37.79622323577933,144.9266473544793,street_furniture_clean.csv
furniture-1552506,Barbeque - Unknown Barbeque Type,street_furniture,Barbeque,,3.0,-37.81889052008494,144.94275498440427,street_furniture_clean.csv
furniture-1555893,Seat - Stainless Steel Straight Seat,street_furniture,Seat,,4.44,-37.8120858647295,144.96203891177652,street_furniture_clean.csv
furniture-1562947,Seat - Stainless Steel Bench - Docklands,street_furniture,Seat,,2.77,-37.81563970719016,144.93737136576743,street_furniture_clean.csv
furniture-1551442,Seat - Stainless Steel Straight Seat,street_furniture,Seat,,4.45,-37.81528053773396,144.9669237359272,street_furniture_clean.csv
furniture-1551584,Seat - Urban Design Park Style - Green Powder Coat -Warun Biik Park,street_furniture,Seat,,3.0,-37.79610937635111,144.92676274146157,street_furniture_clean.csv
furniture-1566859,Seat - Straight Seat - Wooden Battens - Type 2 - Parkville Gardens,street_furniture,Seat,,4.0,-37.7784010357894,144.94067387439367,street_furniture_clean.csv
furniture-1566864,Seat - Straight Seat - Wooden Battens - Type 2 - Park Street Reserve,street_furniture,Seat,,4.0,-37.7756774253045,144.94045846708957,street_furniture_clean.csv
furniture-1566839,Picnic Setting - Unspecified,street_furniture,Picnic Setting,,4.0,-37.79577300583728,144.92515303937552,street_furniture_clean.csv
furniture-1568596,Seat - Stainless Steel Seat - Swivel,street_furniture,Seat,,4.0,-37.820211186637295,144.9451494297501,street_furniture_clean.csv
furniture-1568597,Seat - Stainless Steel Seat - Swivel,street_furniture,Seat,,4.0,-37.82021891838719,144.9451638701736,street_furniture_clean.csv
furniture-1569681,Seat - Straight Seat - Wooden Battens - Type 2 - Royal Park,street_furniture,Seat,,3.0,-37.78082097828578,144.95158917195278,street_furniture_clean.csv
furniture-1569718,Seat - Metal Seat,street_furniture,Seat,,3.0,-37.78184528910504,144.95090710073157,street_furniture_clean.csv
furniture-1569729,Seat - Stainless Frame with Narrow Wooden Slats (Back to Back) - Argyle Square,street_furniture,Seat,,3.0,-37.80309673813445,144.9657040477776,street_furniture_clean.csv
furniture-1572351,Seat - Stainless Steel Straight Seat,street_furniture,Seat,,3.44,-37.81248408100291,144.9622203862264,street_furniture_clean.csv
furniture-1568594,Seat - Stainless Steel Seat - Swivel,street_furniture,Seat,,4.0,-37.820180106640585,144.94506224902153,street_furniture_clean.csv
furniture-1578234,Seat - Stainless Steel Straight Seat,street_furniture,Seat,,3.44,-37.82233698872174,144.93934503340333,street_furniture_clean.csv
furniture-1578237,Seat - Stainless Steel Seat - Swivel,street_furniture,Seat,,3.44,-37.82238679087168,144.93902395864325,street_furniture_clean.csv
furniture-1578241,Seat - Stainless Steel Straight Seat,street_furniture,Seat,,3.44,-37.82213818047072,144.93843330515512,street_furniture_clean.csv
furniture-1589212,Seat - Straight Seat - Wooden Battens - Type 2 - Royal Park,street_furniture,Seat,,4.0,-37.79520297393928,144.9515327781671,street_furniture_clean.csv
furniture-1589226,Drinking Fountain - Leaf Type - With Bottle Refill Tap - Royal Park,street_furniture,Drinking Fountain,,4.0,-37.79542994425931,144.95202812794676,street_furniture_clean.csv
furniture-1589230,Picnic Setting - Urban Design Style - Royal Park,street_furniture,Picnic Setting,,4.0,-37.795546989616135,144.95192348121543,street_furniture_clean.csv
furniture-1589238,Seat - Five Sided Platform - Royal Park,street_furniture,Seat,,4.0,-37.79524802042715,144.95181703718032,street_furniture_clean.csv
furniture-1589303,Seat - Wooden Bench,street_furniture,Seat,,3.16,-37.81968279137252,144.94353683886126,street_furniture_clean.csv
furniture-1589308,Seat - Stainless Steel Bench - Docklands,street_furniture,Seat,,3.44,-37.82015487516498,144.94379252138026,street_furniture_clean.csv
furniture-1607081,Drinking Fountain - Stainless Steel Drinking Fountain - Leaf Type - Bottle Refill Tap,street_furniture,Drinking Fountain,,3.4,-37.809593623030885,144.96424038761432,street_furniture_clean.csv
furniture-1598889,Picnic Setting - Urban Design Style - Royal Park,street_furniture,Picnic Setting,,4.0,-37.777379313214816,144.9526170103072,street_furniture_clean.csv
furniture-1633478,Seat - Timber Bench - Ron Barassi Senior Park,street_furniture,Seat,,4.0,-37.81723748173971,144.9341071584501,street_furniture_clean.csv
furniture-1634442,Seat - Straight Seat - Wooden Battens - Type 2 - Kings Domain,street_furniture,Seat,,4.0,-37.82636504795323,144.97260742529988,street_furniture_clean.csv
furniture-1608304,Seat - Straight Seat - Wooden Battens - Type 2 - Royal Park,street_furniture,Seat,,4.0,-37.79476496904231,144.95201276349505,street_furniture_clean.csv
furniture-1639775,Drinking Fountain - Stainless Steel Drinking Fountain - Leaf Type - Eastwood and Rankins Park,street_furniture,Drinking Fountain,,4.0,-37.79407412774661,144.93082898880024,street_furniture_clean.csv
furniture-1610989,Drinking fountain - Historic or Heritage fountains - Royal Park,street_furniture,Drinking Fountain,,3.0,-37.78205389103602,144.95697021635434,street_furniture_clean.csv
furniture-1740809,Seat - Stainless Steel Straight Seat,street_furniture,Seat,,3.45,-37.813351311658,144.96596431832452,street_furniture_clean.csv
furniture-1740853,Seat - Straight Seat - Wooden Battens - Type 2 - College of Surgeons,street_furniture,Seat,,3.0,-37.808755115096886,144.97275172845892,street_furniture_clean.csv
furniture-1742342,Barbeque - Urban Design Single Hotplate - Hawke and Adderley Street Park,street_furniture,Barbeque,,4.0,-37.808803420080686,144.9450258108489,street_furniture_clean.csv
furniture-1742628,Seat - Timber Seat with Aluminium Legs - Docklands,street_furniture,Seat,,3.16,-37.819990803250604,144.94011837727595,street_furniture_clean.csv
furniture-1743806,Seat - Stainless Steel Straight Seat,street_furniture,Seat,,3.36,-37.821794659424256,144.94472220450712,street_furniture_clean.csv
furniture-1119538,Seat - Straight Seat - Wooden Battens - Type 2 - Birrarung Marr,street_furniture,Seat,,4.0,-37.82072877194871,144.97565268366614,street_furniture_clean.csv
furniture-1075230,Drinking Fountain - Stainless Steel Drinking Fountain - Leaf Type,street_furniture,Drinking Fountain,,3.45,-37.81370900165242,144.96521920731234,street_furniture_clean.csv
furniture-1075271,Drinking Fountain - Drinking Fountain - Type 1,street_furniture,Drinking Fountain,,3.15,-37.79735380762625,144.95284368062156,street_furniture_clean.csv
furniture-1075281,Drinking Fountain - Stainless Steel Drinking Fountain - Leaf Type,street_furniture,Drinking Fountain,,3.45,-37.802013714097406,144.95783228776227,street_furniture_clean.csv
furniture-1075307,Drinking Fountain - Stainless Steel Drinking Fountain - Leaf Type - Bottle Refill Tap,street_furniture,Drinking Fountain,,3.35,-37.82337609495653,144.9798517032086,street_furniture_clean.csv
furniture-1115218,Drinking Fountain - Stainless Steel Drinking Fountain - Leaf Type - Powlett Reserve,street_furniture,Drinking Fountain,,4.0,-37.81108547106561,144.986823716213,street_furniture_clean.csv
furniture-1313266,Seat - Timber Seat with Aluminium Legs - Docklands,street_furniture,Seat,,3.16,-37.82447122649188,144.9464830904517,street_furniture_clean.csv
furniture-1313300,Seat - Stainless Steel Bench - Docklands,street_furniture,Seat,,3.44,-37.81455628841344,144.94046892140386,street_furniture_clean.csv
furniture-1313494,Seat - Stainless Steel Straight Seat,street_furniture,Seat,,3.45,-37.813202718561534,144.96647104646703,street_furniture_clean.csv
furniture-1313898,Seat - Stainless Steel Straight Seat,street_furniture,Seat,,3.45,-37.81660793102756,144.96411029085945,street_furniture_clean.csv
furniture-1119373,Seat - Straight Seat - Wooden Battens - Type 2 - Fawkner Park,street_furniture,Seat,,4.0,-37.84278264897227,144.9820378801765,street_furniture_clean.csv
furniture-1120167,Seat - Wooden Slats Set in Bluestone - Alexandra Park,street_furniture,Seat,,3.0,-37.81997401791725,144.9732524103953,street_furniture_clean.csv
furniture-1120192,Seat - Alloy Frame and Narrow Wooden Slats - Birrarung Marr,street_furniture,Seat,,3.0,-37.818705927688335,144.97219254483915,street_furniture_clean.csv
furniture-1120204,Seat - Alloy Frame and Narrow Wooden Slats - Birrarung Marr,street_furniture,Seat,,3.0,-37.818635923380185,144.97152387039523,street_furniture_clean.csv
furniture-1120213,Seat - Alloy Frame and Narrow Wooden Slats - Birrarung Marr,street_furniture,Seat,,4.0,-37.81865437966771,144.97180532437932,street_furniture_clean.csv
furniture-1120232,Seat - Stainless Frame with Narrow Wooden Slats (Back to Back) - Argyle Square,street_furniture,Seat,,4.0,-37.80224887216795,144.9657644521322,street_furniture_clean.csv
furniture-1120234,Seat - Stainless Frame with Narrow Wooden Slats (Back to Back) - Argyle Square,street_furniture,Seat,,4.0,-37.80259766507989,144.96570399932898,street_furniture_clean.csv
furniture-1120240,Seat - Metal Seat - Park Type - Birrarung Marr,street_furniture,Seat,,3.0,-37.81879193139552,144.96883257555115,street_furniture_clean.csv
furniture-1120241,Seat - Metal Seat - Park Type - Birrarung Marr,street_furniture,Seat,,3.0,-37.818790929019166,144.96886850119665,street_furniture_clean.csv
furniture-1120254,Seat - Straight Seat - Wooden Battens - Type 2 - MacArthur Square,street_furniture,Seat,,3.0,-37.798320388461896,144.97159106921762,street_furniture_clean.csv
furniture-1283672,Seat - Concrete Bench Seat,street_furniture,Seat,,3.0,-37.80044115247918,144.96023929347376,street_furniture_clean.csv
furniture-1313166,Seat - Stainless Steel Straight Seat,street_furniture,Seat,,3.44,-37.82124796290461,144.96176464534963,street_furniture_clean.csv
furniture-1118723,Picnic Setting - Urban Design Style,street_furniture,Picnic Setting,,3.0,-37.844868916328586,144.98074265111768,street_furniture_clean.csv
furniture-1119083,Seat - Straight Seat - Wooden Battens - Type 2 - Princes Park,street_furniture,Seat,,4.0,-37.780365932996375,144.9617423427296,street_furniture_clean.csv
furniture-1119107,Seat - Straight Seat - Wooden Battens - Type 2 - Canning Street Reserve,street_furniture,Seat,,3.0,-37.79325221009309,144.97403921986347,street_furniture_clean.csv
furniture-1119116,Seat - Straight Seat - Wooden Battens - Type 2 - JJ Holland Park,street_furniture,Seat,,4.0,-37.79864385643505,144.92656944793197,street_furniture_clean.csv
furniture-1119141,Seat - Straight Seat - Wooden Battens - Type 2 - Royal Park,street_furniture,Seat,,4.0,-37.79287192110176,144.94700563973916,street_furniture_clean.csv
furniture-1119160,Seat - Straight Seat - Wooden Battens - Type 2 - Princes Park,street_furniture,Seat,,4.0,-37.78902445197663,144.96095016814206,street_furniture_clean.csv
furniture-1119178,Seat - Straight Seat - Wooden Battens - Type 2 - Argyle Square,street_furniture,Seat,,4.0,-37.80301319512573,144.96569339234793,street_furniture_clean.csv
furniture-1119267,Seat - Straight Seat - Wooden Battens - Type 2 - Reserve (1-19 Frearson Walk),street_furniture,Seat,,3.0,-37.79511660712348,144.92402894433394,street_furniture_clean.csv
furniture-1119269,Seat - Straight Seat - Wooden Battens - Type 2 - Royal Park,street_furniture,Seat,,3.0,-37.78206189369588,144.94022583952895,street_furniture_clean.csv
furniture-1119297,Seat - Straight Seat - Wooden Battens - Type 2 - Fitzroy Gardens,street_furniture,Seat,,4.0,-37.81077349552852,144.98049331421103,street_furniture_clean.csv
furniture-1119341,Seat - Straight Seat - Wooden Battens - Type 2 - Carlton Gardens South,street_furniture,Seat,,4.0,-37.80596227446081,144.97173124537832,street_furniture_clean.csv
furniture-1119359,Seat - Straight Seat - Wooden Battens - Type 2 - Treasury Gardens,street_furniture,Seat,,3.0,-37.81352448541079,144.97478239095653,street_furniture_clean.csv
furniture-1119362,Seat - Straight Seat - Wooden Battens - Type 2 - Flagstaff Gardens,street_furniture,Seat,,3.0,-37.81190189392627,144.95518545715524,street_furniture_clean.csv
furniture-1119364,Seat - Straight Seat - Wooden Battens - Type 2 - Darling Square,street_furniture,Seat,,4.0,-37.81264158142523,144.98957435010442,street_furniture_clean.csv
furniture-1119690,Seat - Straight Seat - Wooden Battens - Type 2 - Darling Square,street_furniture,Seat,,4.0,-37.81310966137904,144.9895008798476,street_furniture_clean.csv
furniture-1119691,Seat - Straight Seat - Wooden Battens - Type 2 - Golden Elm Reserve,street_furniture,Seat,,4.0,-37.8307901665121,144.98741306581974,street_furniture_clean.csv
furniture-1119699,Seat - Straight Seat - Wooden Battens - Type 2 - Kings Domain,street_furniture,Seat,,3.0,-37.82366410645104,144.97087950046645,street_furniture_clean.csv
furniture-1119712,Seat - Straight Seat - Wooden Battens - Type 2 - Shrine of Remembrance Reserve,street_furniture,Seat,,4.0,-37.82871553822613,144.97374595356953,street_furniture_clean.csv
furniture-1119714,Seat - Straight Seat - Wooden Battens - Type 2 - Treasury Gardens,street_furniture,Seat,,4.0,-37.81362320602815,144.97490532807558,street_furniture_clean.csv
furniture-1119722,Seat - Straight Seat - Wooden Battens - Type 2 - Fitzroy Gardens,street_furniture,Seat,,3.0,-37.814841708132576,144.97764354203463,street_furniture_clean.csv
furniture-1119725,Seat - Straight Seat - Wooden Battens - Type 2 - Treasury Gardens,street_furniture,Seat,,3.0,-37.81380090167298,144.97536552717034,street_furniture_clean.csv
furniture-1442991,Seat - Stainless Steel Bench - Docklands,street_furniture,Seat,,3.44,-37.818729560719326,144.94397714531266,street_furniture_clean.csv
furniture-1442988,Seat - Stainless Steel Bench - Docklands,street_furniture,Seat,,3.44,-37.81885962454981,144.94364829519876,street_furniture_clean.csv
furniture-1361460,Seat - Flat Bench Seat - Wooden Battens,street_furniture,Seat,,2.86,-37.78829072137389,144.92643101358829,street_furniture_clean.csv
furniture-1462397,Seat - Stainless Steel Bench - Docklands,street_furniture,Seat,,3.44,-37.819582493714805,144.9453075060128,street_furniture_clean.csv
furniture-1479907,Seat - Stainless Steel Seat - Fixed,street_furniture,Seat,,3.41,-37.81787781362983,144.9534559381932,street_furniture_clean.csv
furniture-1486735,Seat - Stainless Steel Bench - Docklands,street_furniture,Seat,,3.3,-37.81917551682897,144.94838718201794,street_furniture_clean.csv
furniture-1487328,Seat - Timber Bench with Aluminium Legs - Docklands,street_furniture,Seat,,3.16,-37.82438911624624,144.9436993093376,street_furniture_clean.csv
furniture-1462432,Seat - Stainless Steel Bench - Docklands,street_furniture,Seat,,3.44,-37.81886693591484,144.94268429752228,street_furniture_clean.csv
furniture-1490928,Seat - Urban Design Park Style - Green Powder Coat - Kings Domain South,street_furniture,Seat,,4.0,-37.82794642051231,144.9739260559871,street_furniture_clean.csv
furniture-1491160,Seat - Urban Design Park Style - Green Powder Coat - Royal Park,street_furniture,Seat,,4.0,-37.77872818178659,144.95606660907228,street_furniture_clean.csv
furniture-1491166,Seat - Urban Design Park Style - Green Powder Coat - Royal Park,street_furniture,Seat,,4.0,-37.77932321475529,144.95535954806277,street_furniture_clean.csv
furniture-1491167,Seat - Urban Design Park Style - Green Powder Coat - Royal Park,street_furniture,Seat,,4.0,-37.77934415864419,144.95520591758176,street_furniture_clean.csv
furniture-1491168,Seat - Urban Design Park Style - Green Powder Coat - Royal Park,street_furniture,Seat,,3.0,-37.77933955176561,144.9550288069536,street_furniture_clean.csv
furniture-1491184,Seat - Urban Design Park Style - Green Powder Coat - Royal Park,street_furniture,Seat,,4.0,-37.78321736836162,144.94407274396477,street_furniture_clean.csv
furniture-1496148,Seat - Stainless Steel Straight Seat,street_furniture,Seat,,4.45,-37.815513466194425,144.96612387226082,street_furniture_clean.csv
furniture-1496038,Seat - Wooden Bench,street_furniture,Seat,,3.15,-37.81627479403448,144.93837651866315,street_furniture_clean.csv
furniture-1507109,Seat - Metal Bench Around Tree Base,street_furniture,Seat,,4.16,-37.81031125977242,144.96404404613307,street_furniture_clean.csv
furniture-1507110,Seat - Metal Bench Around Tree Base,street_furniture,Seat,,4.16,-37.81029188756192,144.96403901243298,street_furniture_clean.csv
furniture-1507117,Seat - Metal Bench Around Tree Base,street_furniture,Seat,,3.16,-37.80983597150943,144.96382470092968,street_furniture_clean.csv
furniture-1507119,Seat - Metal Bench Around Tree Base,street_furniture,Seat,,4.16,-37.80976897584592,144.9640153244578,street_furniture_clean.csv
furniture-1507120,Seat - Metal Bench Around Tree Base,street_furniture,Seat,,3.16,-37.809791539939184,144.9640225422016,street_furniture_clean.csv
furniture-1507121,Seat - Metal Bench Around Tree Base,street_furniture,Seat,,3.16,-37.80988594653462,144.96407254017984,street_furniture_clean.csv
furniture-1462429,Seat - Stainless Steel Straight Seat - Docklands,street_furniture,Seat,,3.44,-37.819159377980206,144.94286032604322,street_furniture_clean.csv
furniture-1462453,Seat - Stainless Steel Bench - Docklands,street_furniture,Seat,,3.44,-37.81986010483554,144.94335412868517,street_furniture_clean.csv
furniture-1507604,Seat - Stainless Steel Bench - Docklands,street_furniture,Seat,,3.44,-37.81774010634694,144.94628204896225,street_furniture_clean.csv
furniture-1510897,Barbeque - Docklands Barbeque - All Chromed - Docklands Community Gardens,street_furniture,Barbeque,,4.0,-37.82054853245266,144.945321953656,street_furniture_clean.csv
furniture-1511710,Seat - Straight Seat - Wooden Battens - Type 2 - JJ Holland Park,street_furniture,Seat,,3.0,-37.797720640210265,144.9250518652622,street_furniture_clean.csv
furniture-1511732,Picnic Setting - unspecified - JJ Holland Park,street_furniture,Picnic Setting,,4.0,-37.79750954080514,144.923454187379,street_furniture_clean.csv
furniture-1514861,Seat - Metal Bench Around Tree Base,street_furniture,Seat,,3.16,-37.81210821045018,144.96487842416988,street_furniture_clean.csv
furniture-1514890,Drinking Fountain - Stainless Steel Drinking Fountain - Leaf Type - Bottle Refill Tap,street_furniture,Drinking Fountain,,3.44,-37.82120300569749,144.9464400812558,street_furniture_clean.csv
furniture-1509495,Seat - Metal Seat - Drill Hall,street_furniture,Seat,,3.0,-37.80658315034112,144.96100576375662,street_furniture_clean.csv
furniture-1515389,Drinking Fountain - Leaf Type - Dog Bowl - Fawkner Park,street_furniture,Drinking Fountain,,3.0,-37.843405472059246,144.9823703451879,street_furniture_clean.csv
furniture-1515782,Seat - Straight Seat - Wooden Battens - Type 2 - North Melbourne Community Centre (Open Space),street_furniture,Seat,,4.0,-37.79365479190271,144.9403076114908,street_furniture_clean.csv
furniture-1515822,Seat - Stainless Steel Straight Seat,street_furniture,Seat,,3.44,-37.81124687911161,144.9646914797022,street_furniture_clean.csv
furniture-1516269,Seat - Unclassified - Boyd Community Hub,street_furniture,Seat,,5.0,-37.82564676725159,144.96077016549089,street_furniture_clean.csv
furniture-1517554,Seat - Stainless Frame with Narrow Wooden Slats (Back to Back) - State Library of Victoria,street_furniture,Seat,,3.0,-37.8100742708475,144.96453001243273,street_furniture_clean.csv
furniture-1517592,Seat - Straight Seat - Wooden Battens - Type 2 - State Library of Victoria,street_furniture,Seat,,4.0,-37.81015041030662,144.96459721039392,street_furniture_clean.csv
furniture-1491183,Seat - Urban Design Park Style - Green Powder Coat - Royal Park,street_furniture,Seat,,4.0,-37.78312879808177,144.94394972936064,street_furniture_clean.csv
furniture-1529731,Seat - Metal Bench,street_furniture,Seat,,4.16,-37.81616460718645,144.9669716150342,street_furniture_clean.csv
furniture-1529822,Seat - Metal Bench Around Tree Base,street_furniture,Seat,,3.16,-37.807880219868665,144.9631462580637,street_furniture_clean.csv
furniture-1529823,Seat - Metal Bench Around Tree Base,street_furniture,Seat,,3.16,-37.80789763403209,144.9631527082198,street_furniture_clean.csv
furniture-1529833,Seat - Metal Bench Around Tree Base,street_furniture,Seat,,3.16,-37.8082579107489,144.9633186384428,street_furniture_clean.csv
furniture-1530463,Drinking Fountain - Stainless Steel Drinking Fountain - Leaf Type,street_furniture,Drinking Fountain,,3.44,-37.81118440260836,144.9751861982011,street_furniture_clean.csv
furniture-1530535,Seat - Metal Seat - St Augustine's (MELBOURNE),street_furniture,Seat,,4.0,-37.81693865171263,144.95503511220986,street_furniture_clean.csv
furniture-1530534,Seat - Metal Seat - St Augustine's (MELBOURNE),street_furniture,Seat,,4.0,-37.81679475142085,144.95496865245966,street_furniture_clean.csv
furniture-1514834,Seat - Metal Bench,street_furniture,Seat,,3.16,-37.811943650111054,144.96500846127523,street_furniture_clean.csv
furniture-1769893,Seat - Timber Bench - University Square,street_furniture,Seat,,5.0,-37.80077787096536,144.96032997504105,street_furniture_clean.csv
furniture-1509497,Seat - Metal Seat - Drill Hall,street_furniture,Seat,,3.0,-37.80665707656863,144.96109595970427,street_furniture_clean.csv
furniture-1748169,Seat - Flat Bench Seat - L Shaped,street_furniture,Seat,,4.18,-37.7984004259211,144.96870055390116,street_furniture_clean.csv
furniture-1748620,Seat - Stainless Steel Bench - Docklands,street_furniture,Seat,,4.42,-37.81461673044508,144.93792896438472,street_furniture_clean.csv
furniture-1749210,Seat - Stainless Steel Seat - Fixed,street_furniture,Seat,,4.44,-37.821508059696576,144.9357112451057,street_furniture_clean.csv
furniture-1749212,Seat - Stainless Steel Seat - Fixed,street_furniture,Seat,,4.44,-37.82144187531068,144.93542123727315,street_furniture_clean.csv
furniture-1749512,Seat - Stainless Steel Seat - Fixed,street_furniture,Seat,,3.05,-37.8359013771368,144.98224882862544,street_furniture_clean.csv
furniture-1749943,Picnic Setting - Urban Design Style - Victoria Green,street_furniture,Picnic Setting,,4.0,-37.82056258139927,144.94534723856867,street_furniture_clean.csv
furniture-1750911,Seat - Flat Bench Seat - L Shaped,street_furniture,Seat,,3.09,-37.804396736365305,144.96269395154573,street_furniture_clean.csv
furniture-1751041,Seat - Straight Seat - Wooden Battens - Type 2 - North Melbourne Recreation Reserve,street_furniture,Seat,,4.0,-37.79885531949471,144.94019064114656,street_furniture_clean.csv
furniture-1751044,Picnic Setting - Urban Design Style - North Melbourne Recreation Reserve,street_furniture,Picnic Setting,,3.0,-37.79923692503852,144.94045102109874,street_furniture_clean.csv
furniture-1751220,Seat - Straight Seat - Wooden Battens - Type 2 - Railway Place And Miller Street Reserve,street_furniture,Seat,,4.0,-37.80534907417693,144.94101415441602,street_furniture_clean.csv
furniture-1753421,Seat - Unclassified - New Quay Central Park,street_furniture,Seat,,4.0,-37.815765361683766,144.93927742717048,street_furniture_clean.csv
furniture-1751216,Seat - Straight Seat - Wooden Battens - Type 2 - Railway Place And Miller Street Reserve,street_furniture,Seat,,4.0,-37.80582690278542,144.9417785742749,street_furniture_clean.csv
furniture-1755502,Information Pillar - Poster Pillar - COM,street_furniture,Information Pillar,,4.59,-37.81753553978225,144.96315839818763,street_furniture_clean.csv
furniture-1755503,Information Pillar - Poster Pillar - COM,street_furniture,Information Pillar,,4.59,-37.81697631455555,144.96287966274028,street_furniture_clean.csv
furniture-1755053,Picnic Setting - Urban Design Style - Gardiner Reserve,street_furniture,Picnic Setting,,4.0,-37.79952597865392,144.94376962251957,street_furniture_clean.csv
furniture-1756334,Drinking Fountain - Stainless Steel Drinking Fountain - Leaf Type - Kings Domain South,street_furniture,Drinking Fountain,,4.0,-37.8334339089649,144.98151523466336,street_furniture_clean.csv
furniture-1757715,Drinking Fountain - Leaf Type - Dog Bowl  - Royal Park,street_furniture,Drinking Fountain,,4.0,-37.79166434549512,144.95175691050537,street_furniture_clean.csv
furniture-1764810,Picnic Setting - Urban Design Style - Wharfs Landing Park,street_furniture,Picnic Setting,,5.0,-37.82189964569061,144.93635538620487,street_furniture_clean.csv
furniture-1770357,Seat - Straight Seat - Wooden Battens - Type 2 - Gardiner Reserve,street_furniture,Seat,,5.0,-37.79859391832131,144.94424077966102,street_furniture_clean.csv
furniture-1757702,Drinking Fountain - Leaf Type - With Bottle Refill Tap - Shrine of Remembrance Reserve,street_furniture,Drinking Fountain,,4.0,-37.83028525455125,144.97264952949166,street_furniture_clean.csv
furniture-1757703,Drinking Fountain - Leaf Type - With Bottle Refill Tap - Shrine of Remembrance Reserve,street_furniture,Drinking Fountain,,4.0,-37.83081555124981,144.97427512305256,street_furniture_clean.csv
furniture-1771658,Seat - Straight Seat - Wooden Battens - Type 2 - Princes Park,street_furniture,Seat,,4.0,-37.7910614978516,144.96058187912598,street_furniture_clean.csv
furniture-1771662,Seat - Older Style Park Seat - Timber Slats - Queen Victoria Gardens,street_furniture,Seat,,3.0,-37.82229184619446,144.97185525432445,street_furniture_clean.csv
furniture-1775774,Seat - Straight Seat - Wooden Battens - Type 2 - Boyd Community Hub,street_furniture,Seat,,5.0,-37.82580575560867,144.96135941362147,street_furniture_clean.csv
furniture-1775780,Seat - Unclassified - Boyd Community Hub,street_furniture,Seat,,5.0,-37.82581375774793,144.96118661609214,street_furniture_clean.csv
furniture-1759485,Picnic Setting - unspecified - Riverside Quay (SOUTHBANK),street_furniture,Picnic Setting,,4.0,-37.821266917600994,144.96415199771687,street_furniture_clean.csv
furniture-1360444,Seat - Alloy Frame and Narrow Wooden Slats - Fawkner Park,street_furniture,Seat,,3.0,-37.84308006365496,144.9815190779092,street_furniture_clean.csv
furniture-1361036,Seat - Metal Bench,street_furniture,Seat,,1.62,-37.793834957161145,144.92775901844374,street_furniture_clean.csv
furniture-1459063,Seat - Metal Seat - Park Type,street_furniture,Seat,,1.0,-37.799839526355285,144.9433223108974,street_furniture_clean.csv
furniture-1462425,Seat - Stainless Steel Straight Seat - Docklands,street_furniture,Seat,,3.44,-37.81925600151835,144.94258283998911,street_furniture_clean.csv
furniture-1373791,Seat - Metal Seat,street_furniture,Seat,,3.17,-37.795607207211575,144.95780408165584,street_furniture_clean.csv
furniture-1290851,Seat - Unclassified - Docklands Park,street_furniture,Seat,,3.0,-37.82084280577597,144.94658468662436,street_furniture_clean.csv
furniture-1290861,Seat - Unclassified - Docklands Park,street_furniture,Seat,,3.0,-37.82084276118687,144.94657696275075,street_furniture_clean.csv
furniture-1313037,Seat - Timber Bench with Aluminium Legs - Docklands,street_furniture,Seat,,3.16,-37.82432427337792,144.94512111887374,street_furniture_clean.csv
furniture-1313049,Seat - Timber Bench with Aluminium Legs - Docklands,street_furniture,Seat,,3.16,-37.82421428129581,144.94412201884776,street_furniture_clean.csv
furniture-1118762,Picnic Setting - Concrete Style,street_furniture,Picnic Setting,,4.0,-37.77955363076816,144.95639198893184,street_furniture_clean.csv
furniture-1120257,Seat - Metal Seat - Hawke and Curzon Street Reserve,street_furniture,Seat,,4.0,-37.80607212727429,144.94773787929498,street_furniture_clean.csv
furniture-1313209,Seat - Stainless Steel Seat - Fixed,street_furniture,Seat,,3.41,-37.81641648769362,144.95278824304853,street_furniture_clean.csv
furniture-1313219,Seat - Stainless Steel Seat - 3m & LED lights,street_furniture,Seat,,3.44,-37.814444183758326,144.9398456763137,street_furniture_clean.csv
furniture-1742637,Seat - Timber Seat with Aluminium Legs - Docklands,street_furniture,Seat,,3.16,-37.81984574169933,144.94065055023577,street_furniture_clean.csv
furniture-1360440,Seat - Straight Seat - Wooden Battens - Type 2 - Royal Park,street_furniture,Seat,,3.0,-37.77997333544644,144.95116465035522,street_furniture_clean.csv
furniture-1360447,Seat - Alloy Frame and Narrow Wooden Slats - Fawkner Park,street_furniture,Seat,,3.0,-37.84309506194033,144.98190504275348,street_furniture_clean.csv
furniture-1360454,Barbeque - Urban Design Single Hotplate,street_furniture,Barbeque,,3.0,-37.78854743311894,144.9262295451231,street_furniture_clean.csv
furniture-1360461,Picnic Setting - Urban Design Style,street_furniture,Picnic Setting,,3.0,-37.811432146982106,144.98662823774126,street_furniture_clean.csv
furniture-1119567,Seat - Straight Seat - Wooden Battens - Type 2 - Enterprize Park,street_furniture,Seat,,4.0,-37.8203373496811,144.95953397529212,street_furniture_clean.csv
furniture-1119896,Seat - Metal Seat -,street_furniture,Seat,,3.0,-37.79543924581173,144.91445148588343,street_furniture_clean.csv
furniture-1119808,Seat - Straight Seat - Wooden Battens - Type 2 - Treasury Gardens,street_furniture,Seat,,3.0,-37.81405062828905,144.97668730755345,street_furniture_clean.csv
furniture-1119824,Seat - Straight Seat - Wooden Battens - Type 2 - Flagstaff Gardens,street_furniture,Seat,,4.0,-37.810522010874095,144.95351492433133,street_furniture_clean.csv
furniture-1361332,Seat - Metal Bench,street_furniture,Seat,,2.94,-37.81376722035802,144.93941807314567,street_furniture_clean.csv
furniture-1290865,Seat - Unclassified - Docklands Park,street_furniture,Seat,,3.0,-37.81967416709296,144.94616629972745,street_furniture_clean.csv
furniture-1313603,Seat - Stainless Steel Straight Seat,street_furniture,Seat,,4.45,-37.81313915277903,144.96723113812143,street_furniture_clean.csv
furniture-1376587,Seat - Stainless Steel Seat - Fixed,street_furniture,Seat,,3.45,-37.81397186332291,144.96393087309724,street_furniture_clean.csv
furniture-1378359,Seat - Stainless Steel Straight Seat,street_furniture,Seat,,3.41,-37.82049270528398,144.95495746838986,street_furniture_clean.csv
furniture-1431502,Barbeque - Urban Design Double Hotplate,street_furniture,Barbeque,,3.0,-37.80955468696855,144.95495159325935,street_furniture_clean.csv
furniture-1431576,Barbeque - Urban Design Double Hotplate - Alexandra Park,street_furniture,Barbeque,,4.0,-37.82452210063826,144.97786611955524,street_furniture_clean.csv
furniture-1313878,Seat - Stainless Steel Straight Seat - Docklands,street_furniture,Seat,,3.44,-37.81535324373204,144.94068293801317,street_furniture_clean.csv
furniture-1360457,Barbeque - Urban Design Double Hotplate,street_furniture,Barbeque,,4.0,-37.82736307281509,144.98143799649569,street_furniture_clean.csv
furniture-1749211,Seat - Stainless Steel Seat - Fixed,street_furniture,Seat,,4.44,-37.821452933633466,144.93547114264612,street_furniture_clean.csv
furniture-1751325,Seat - Stainless Steel Straight Seat,street_furniture,Seat,,4.4,-37.80905629212071,144.96606276600747,street_furniture_clean.csv
furniture-1752751,Seat - Stainless Steel Straight Seat,street_furniture,Seat,,3.45,-37.81340251341541,144.96633561320826,street_furniture_clean.csv
furniture-1753311,Seat - Unclassified - New Quay Central Park,street_furniture,Seat,,4.0,-37.81480241627879,144.9386880654237,street_furniture_clean.csv
furniture-1503113,Drinking Fountain - Stainless Steel Drinking Fountain - Leaf Type,street_furniture,Drinking Fountain,,3.44,-37.81378184056998,144.94225864282328,street_furniture_clean.csv
furniture-1503836,Seat - Flat Bench Seat - L Shaped,street_furniture,Seat,,3.17,-37.80072475695731,144.95854412359768,street_furniture_clean.csv
furniture-1507113,Seat - Metal Bench Around Tree Base,street_furniture,Seat,,3.16,-37.81008069060413,144.96393701854998,street_furniture_clean.csv
furniture-1490923,Seat - Urban Design Park Style - Green Powder Coat - Kings Domain,street_furniture,Seat,,4.0,-37.82542134195118,144.97605422672942,street_furniture_clean.csv
furniture-1511456,Drinking Fountain - Stainless Steel Drinking Fountain - Leaf Type,street_furniture,Drinking Fountain,,2.81,-37.807299202453336,144.9638063589646,street_furniture_clean.csv
furniture-1511713,Seat - Straight Seat - Wooden Battens - Type 2 - JJ Holland Park,street_furniture,Seat,,4.0,-37.79775337348578,144.92369811860402,street_furniture_clean.csv
furniture-1514399,Seat - Stainless Steel Seat - Fixed,street_furniture,Seat,,3.29,-37.81311551468667,144.940640161552,street_furniture_clean.csv
furniture-1514863,Seat - Stainless Steel Straight Seat,street_furniture,Seat,,4.44,-37.81191061328918,144.96477071336358,street_furniture_clean.csv
furniture-1514865,Seat - Metal Bench Around Tree Base,street_furniture,Seat,,4.16,-37.81177473895045,144.96471469579066,street_furniture_clean.csv
furniture-1515780,Seat - Straight Seat - Wooden Battens - Type 2 - North Melbourne Community Centre (Open Space),street_furniture,Seat,,3.0,-37.79361492023789,144.94031564618004,street_furniture_clean.csv
furniture-1515811,Seat - Stainless Steel Straight Seat,street_furniture,Seat,,2.44,-37.81470245060254,144.96634549146532,street_furniture_clean.csv
furniture-1515814,Seat - Stainless Steel Straight Seat,street_furniture,Seat,,3.44,-37.81489074667287,144.96643131428291,street_furniture_clean.csv
furniture-1516422,Seat - Stainless Steel Straight Seat,street_furniture,Seat,,4.44,-37.80881182929535,144.96357716126388,street_furniture_clean.csv
furniture-1490904,Seat - Urban Design Park Style - Green Powder Coat - Kings Domain,street_furniture,Seat,,4.0,-37.82611589796673,144.97438376880302,street_furniture_clean.csv
furniture-1490046,Information Pillar - Poster Pillar - COM,street_furniture,Information Pillar,,2.99,-37.789962903908666,144.95842519783565,street_furniture_clean.csv
furniture-1529754,Information Pillar - Information Hub Pillar,street_furniture,Information Pillar,,3.44,-37.81371099850672,144.9658198372367,street_furniture_clean.csv
furniture-1531369,Seat - Metal Bench,street_furniture,Seat,,2.95,-37.82149455347194,144.94610015824026,street_furniture_clean.csv
furniture-1119794,Seat - Straight Seat - Wooden Battens - Type 2 - Fawkner Park,street_furniture,Seat,,3.0,-37.84488490108611,144.98254741981114,street_furniture_clean.csv
furniture-1075247,Drinking Fountain - Stainless Steel Drinking Fountain - Northbank Type,street_furniture,Drinking Fountain,,3.44,-37.81933413777128,144.96443696866604,street_furniture_clean.csv
furniture-1075268,Drinking Fountain - Drinking Fountain - Type 1,street_furniture,Drinking Fountain,,1.13,-37.81013008750712,144.99100554178736,street_furniture_clean.csv
furniture-1075310,Drinking Fountain - Stainless Steel Drinking Fountain - Leaf Type,street_furniture,Drinking Fountain,,3.41,-37.80626983275522,144.95806339729006,street_furniture_clean.csv
furniture-1075320,Drinking Fountain - Drinking Fountain - Lygon St Type,street_furniture,Drinking Fountain,,3.17,-37.79775185327968,144.96744736482998,street_furniture_clean.csv
furniture-1313922,Seat - Metal Seat,street_furniture,Seat,,3.12,-37.81665581557397,144.95569145037695,street_furniture_clean.csv
furniture-1078946,Seat - Metal Semi-circular Seats,street_furniture,Seat,,3.17,-37.7994167056756,144.96704102272383,street_furniture_clean.csv
furniture-1078953,Seat - Metal Semi-circular Seats,street_furniture,Seat,,3.17,-37.8001485193792,144.96714872713375,street_furniture_clean.csv
furniture-1078957,Seat - Metal Semi-circular Seats,street_furniture,Seat,,3.09,-37.81675990595261,144.960441312164,street_furniture_clean.csv
furniture-1079064,Seat - Metal Bench,street_furniture,Seat,,3.09,-37.81618755074605,144.95707174306153,street_furniture_clean.csv
furniture-1079116,Seat - Metal Bench,street_furniture,Seat,,1.0,-37.80688695907296,144.9594203017174,street_furniture_clean.csv
furniture-1079120,Seat - Metal Bench,street_furniture,Seat,,3.16,-37.80722994863356,144.95916040717393,street_furniture_clean.csv
furniture-1079134,Seat - Metal Bench,street_furniture,Seat,,3.1,-37.81276493345271,144.96857543325513,street_furniture_clean.csv
furniture-1079156,Seat - Metal Bench,street_furniture,Seat,,3.14,-37.8059879276,144.96438132503437,street_furniture_clean.csv
furniture-1079166,Seat - Stainless Steel Straight Seat,street_furniture,Seat,,1.4,-37.81065894555521,144.969770413196,street_furniture_clean.csv
furniture-1079169,Seat - Stainless Steel Straight Seat,street_furniture,Seat,,3.4,-37.810724471068696,144.9700950743191,street_furniture_clean.csv
furniture-1079194,Seat - Metal Seat,street_furniture,Seat,,3.06,-37.79575773496981,144.93329431415103,street_furniture_clean.csv
furniture-1079196,Seat - Metal Seat,street_furniture,Seat,,2.85,-37.79300454163136,144.926520894602,street_furniture_clean.csv
furniture-1079200,Seat - Metal Seat,street_furniture,Seat,,2.87,-37.79155082984366,144.92187687878686,street_furniture_clean.csv
furniture-1079207,Seat - Metal Seat,street_furniture,Seat,,3.1,-37.8163759213044,144.96148244166537,street_furniture_clean.csv
furniture-1079221,Seat - Metal Seat,street_furniture,Seat,,1.12,-37.80906995467724,144.96065236634928,street_furniture_clean.csv
furniture-1079222,Seat - Metal Seat,street_furniture,Seat,,3.16,-37.8072759441658,144.95952647132222,street_furniture_clean.csv
furniture-1079241,Seat - Metal Seat,street_furniture,Seat,,2.63,-37.824117026745824,144.96572442613666,street_furniture_clean.csv
furniture-1529743,Seat - Metal Bench,street_furniture,Seat,,4.16,-37.81594466423744,144.9666395834714,street_furniture_clean.csv
furniture-1079247,Seat - Metal Seat,street_furniture,Seat,,3.08,-37.80586806586392,144.96618557114218,street_furniture_clean.csv
furniture-1079249,Seat - Metal Bench,street_furniture,Seat,,3.1,-37.79718790618867,144.96881644763462,street_furniture_clean.csv
furniture-1079356,Seat - Metal Seat,street_furniture,Seat,,3.04,-37.83383408997438,144.97955383863936,street_furniture_clean.csv
furniture-1079366,Seat - Metal Seat,street_furniture,Seat,,2.86,-37.8386559498016,144.98634589802643,street_furniture_clean.csv
furniture-1079376,Seat - Metal Seat,street_furniture,Seat,,1.21,-37.807124144444266,144.96360546747337,street_furniture_clean.csv
furniture-1079398,Seat - Stainless Steel Straight Seat,street_furniture,Seat,,3.44,-37.81363183330367,144.9725368854008,street_furniture_clean.csv
furniture-1079403,Seat - Metal Seat,street_furniture,Seat,,3.16,-37.81444891296528,144.9628608779668,street_furniture_clean.csv
furniture-1079411,Seat - Stainless Steel Straight Seat,street_furniture,Seat,,3.42,-37.81256879483347,144.96786790467,street_furniture_clean.csv
furniture-1079436,Seat - Stainless Steel Straight Seat,street_furniture,Seat,,1.4,-37.81317237953362,144.9708137506145,street_furniture_clean.csv
furniture-1079438,Seat - Metal Seat,street_furniture,Seat,,3.16,-37.81047267787703,144.96045190623795,street_furniture_clean.csv
furniture-1079479,Seat - Metal Bench,street_furniture,Seat,,1.17,-37.817907324437925,144.96496975991994,street_furniture_clean.csv
furniture-1079517,Seat - Metal Seat,street_furniture,Seat,,3.16,-37.82039403684941,144.96384437244097,street_furniture_clean.csv
furniture-1079522,Seat - Metal Seat,street_furniture,Seat,,3.16,-37.81931391070997,144.96473175489993,street_furniture_clean.csv
furniture-1079535,Seat - Stainless Steel Straight Seat,street_furniture,Seat,,3.42,-37.81254316172112,144.9709278730843,street_furniture_clean.csv
furniture-1079539,Seat - Metal Seat,street_furniture,Seat,,2.16,-37.81105189457859,144.97734450791688,street_furniture_clean.csv
furniture-1079544,Seat - Metal Seat,street_furniture,Seat,,3.16,-37.82048097975758,144.96325442163555,street_furniture_clean.csv
furniture-1079563,Seat - Metal Seat,street_furniture,Seat,,3.13,-37.81603409036202,144.98314650609393,street_furniture_clean.csv
furniture-1079570,Seat - Metal Seat,street_furniture,Seat,,3.16,-37.81700990717163,144.967446441251,street_furniture_clean.csv
furniture-1079581,Seat - Metal Seat,street_furniture,Seat,,3.1,-37.81522981602737,144.96065552383303,street_furniture_clean.csv
furniture-1079600,Seat - Metal Seat,street_furniture,Seat,,1.0,-37.798445842619465,144.9715654910452,street_furniture_clean.csv
furniture-1079607,Seat - Metal Seat,street_furniture,Seat,,1.0,-37.79640654244547,144.94643352929663,street_furniture_clean.csv
furniture-1079620,Seat - Metal Seat,street_furniture,Seat,,3.1,-37.8182679581439,144.96205621624347,street_furniture_clean.csv
furniture-1079630,Seat - Stainless Steel Straight Seat,street_furniture,Seat,,3.4,-37.8115660550984,144.96432535840145,street_furniture_clean.csv
furniture-1079636,Seat - Metal Seat,street_furniture,Seat,,2.82,-37.79213068388444,144.94518045964875,street_furniture_clean.csv
furniture-1079652,Seat - Metal Seat,street_furniture,Seat,,3.12,-37.81296190536703,144.95400029166044,street_furniture_clean.csv
furniture-1079653,Seat - Metal Seat,street_furniture,Seat,,3.12,-37.81281487890362,144.9539302884992,street_furniture_clean.csv
furniture-1079702,Seat - Metal Seat,street_furniture,Seat,,3.16,-37.82080405055975,144.96253039817344,street_furniture_clean.csv
furniture-1079705,Seat - Metal Seat,street_furniture,Seat,,1.16,-37.82059629700536,144.96276286593798,street_furniture_clean.csv
furniture-1079720,Seat - Metal Seat,street_furniture,Seat,,3.17,-37.820803662323975,144.95550532072428,street_furniture_clean.csv
furniture-1079756,Seat - Metal Seat,street_furniture,Seat,,2.16,-37.8108726389052,144.95909032099004,street_furniture_clean.csv
furniture-1079758,Seat - Metal Seat,street_furniture,Seat,,1.0,-37.816969960086425,144.95503208979187,street_furniture_clean.csv
furniture-1079766,Seat - Metal Seat,street_furniture,Seat,,3.1,-37.8173261854289,144.96190785686795,street_furniture_clean.csv
furniture-1079768,Seat - Metal Seat,street_furniture,Seat,,3.06,-37.83801203613586,144.98454348599245,street_furniture_clean.csv
furniture-1079783,Seat - Metal Seat,street_furniture,Seat,,3.0,-37.82861274204898,144.98548449942282,street_furniture_clean.csv
furniture-1079784,Seat - Metal Seat,street_furniture,Seat,,3.0,-37.82862706258857,144.9855103555036,street_furniture_clean.csv
furniture-1079811,Seat - Metal Seat,street_furniture,Seat,,3.04,-37.80270250796545,144.94969654550547,street_furniture_clean.csv
furniture-1079833,Seat - Stainless Steel Straight Seat,street_furniture,Seat,,4.44,-37.81346291525078,144.97310527212738,street_furniture_clean.csv
furniture-1079860,Seat - Metal Seat,street_furniture,Seat,,3.02,-37.82597765164791,144.96189797875994,street_furniture_clean.csv
furniture-1079874,Seat - Straight Seat - Wooden & Concrete,street_furniture,Seat,,1.39,-37.83328840651712,144.97953157132548,street_furniture_clean.csv
furniture-1079890,Seat - Straight Seat - Wooden & Concrete,street_furniture,Seat,,1.0,-37.81721150494469,144.95481072129226,street_furniture_clean.csv
furniture-1079901,Seat - Straight Seat - Wooden Battens,street_furniture,Seat,,2.32,-37.81084093960434,144.95580823325966,street_furniture_clean.csv
furniture-1079904,Seat - Straight Seat - Wooden Battens - Type 2,street_furniture,Seat,,2.86,-37.81235400026087,144.98895603066194,street_furniture_clean.csv
furniture-1079905,Seat - Straight Seat - Wooden Battens - Type 2,street_furniture,Seat,,2.86,-37.81239510555292,144.98935248843486,street_furniture_clean.csv
furniture-1079954,Seat - Straight Seat - Wooden Battens - Type 2,street_furniture,Seat,,3.18,-37.79198927502134,144.92295613077,street_furniture_clean.csv
furniture-1079957,Seat - Straight Seat - Wooden Battens - Type 2,street_furniture,Seat,,1.79,-37.82872751821799,144.97374562583667,street_furniture_clean.csv
furniture-1514864,Seat - Stainless Steel Straight Seat,street_furniture,Seat,,4.44,-37.81189142125586,144.96476567443534,street_furniture_clean.csv
furniture-1550169,Seat - Stainless Steel Seat - Fixed,street_furniture,Seat,,3.45,-37.81646078080031,144.96287611422494,street_furniture_clean.csv
furniture-1550173,Seat - Stainless Steel Seat - Fixed,street_furniture,Seat,,3.45,-37.81671730902983,144.96196788497636,street_furniture_clean.csv
furniture-1551439,Seat - Metal frame Wooden Slats,street_furniture,Seat,,2.03,-37.77696337149776,144.9392920604222,street_furniture_clean.csv
furniture-1551581,Seat - Urban Design Park Style - Green Powder Coat -Warun Biik Park,street_furniture,Seat,,3.0,-37.79619140944275,144.92644689117583,street_furniture_clean.csv
furniture-1553754,Seat - Wooden Bench,street_furniture,Seat,,2.11,-37.82403595215887,144.95067200934025,street_furniture_clean.csv
furniture-1553760,Seat - Wooden Bench,street_furniture,Seat,,2.11,-37.82398365881558,144.94998725495532,street_furniture_clean.csv
furniture-1553769,Seat - Wooden Bench,street_furniture,Seat,,2.11,-37.8239239437848,144.94948198258297,street_furniture_clean.csv
furniture-1556680,Seat - Stainless Steel Straight Seat - Docklands,street_furniture,Seat,,2.77,-37.8155726501539,144.93755600874425,street_furniture_clean.csv
furniture-1556977,Seat - Stainless Steel Straight Seat - Station Street Park,street_furniture,Seat,,4.0,-37.79681986739051,144.97403782981974,street_furniture_clean.csv
furniture-1556981,Seat - Stainless Steel Straight Seat - Station Street Park,street_furniture,Seat,,4.0,-37.79710642504555,144.97407872159854,street_furniture_clean.csv
furniture-1556982,Seat - Stainless Steel Straight Seat - Station Street Park,street_furniture,Seat,,4.0,-37.79717923105981,144.97396293659835,street_furniture_clean.csv
furniture-1556985,Drinking Fountain - Stainless Steel Drinking Fountain - Leaf Type - Station Street Park,street_furniture,Drinking Fountain,,4.0,-37.79735923804568,144.97398629700336,street_furniture_clean.csv
furniture-1546794,Seat - Unclassified,street_furniture,Seat,,3.0,-37.79949108580395,144.9505046028772,street_furniture_clean.csv
furniture-1551445,Seat - Stainless Steel Straight Seat,street_furniture,Seat,,3.45,-37.81514352075236,144.9673913081977,street_furniture_clean.csv
furniture-1566084,Seat - Stainless Steel Bench - Docklands,street_furniture,Seat,,3.24,-37.81826195289023,144.94883461776325,street_furniture_clean.csv
furniture-1566846,Seat - Metal Seat - Kensington Banks Type - Warun Biik Park,street_furniture,Seat,,3.0,-37.79625805770352,144.92593295629518,street_furniture_clean.csv
furniture-1566856,Seat - Straight Seat - Wooden Battens - Type 2 - Parkville Gardens,street_furniture,Seat,,4.0,-37.77773900494902,144.94031677617113,street_furniture_clean.csv
furniture-1567003,Seat - Stainless Steel Seat - Fixed,street_furniture,Seat,,3.45,-37.81708941520883,144.96070374419125,street_furniture_clean.csv
furniture-1569678,Seat - Straight Seat - Wooden Battens - Type 2 - Royal Park,street_furniture,Seat,,3.0,-37.77897713638127,144.9543875269044,street_furniture_clean.csv
furniture-1569726,Seat - Stainless Frame with Narrow Wooden Slats (Back to Back) - Argyle Square,street_furniture,Seat,,4.0,-37.80311431592252,144.96583474767212,street_furniture_clean.csv
furniture-1569728,Seat - Stainless Frame with Narrow Wooden Slats (Back to Back) - Argyle Square,street_furniture,Seat,,4.0,-37.80296651642554,144.9657613431776,street_furniture_clean.csv
furniture-1569730,Seat - Stainless Frame with Narrow Wooden Slats (Back to Back) - Argyle Square,street_furniture,Seat,,4.0,-37.80311178933135,144.96573543652465,street_furniture_clean.csv
furniture-1569733,Seat - Straight Seat - Wooden Battens - Type 2 - Princes Park,street_furniture,Seat,,3.0,-37.78454664871775,144.96025138115726,street_furniture_clean.csv
furniture-1577153,Seat - Stainless Steel Seat - Fixed,street_furniture,Seat,,3.36,-37.81889769355461,144.9460358245029,street_furniture_clean.csv
furniture-1579099,Seat - Stainless Steel Straight Seat,street_furniture,Seat,,3.3,-37.82349414158702,144.94068182861557,street_furniture_clean.csv
furniture-1579833,Seat - Metal Seat - Kensington Banks Type,street_furniture,Seat,,1.59,-37.79470855438803,144.91982066937967,street_furniture_clean.csv
furniture-1586965,Drinking Fountain - Stainless Steel Drinking Fountain - Leaf Type,street_furniture,Drinking Fountain,,3.44,-37.814969228345504,144.9603504203926,street_furniture_clean.csv
furniture-1589227,Drinking Fountain - Leaf Type - Dog Bowl  - Royal Park,street_furniture,Drinking Fountain,,4.0,-37.79511866633808,144.95091878885694,street_furniture_clean.csv
furniture-1589240,Seat - Five Sided Platform - Royal Park,street_furniture,Seat,,4.0,-37.79526437719768,144.9518196516792,street_furniture_clean.csv
furniture-1568600,Seat - Unclassified,street_furniture,Seat,,4.0,-37.82026605003605,144.944730187565,street_furniture_clean.csv
furniture-1569667,Seat - Straight Seat - Wooden Battens - Type 2 - The Avenue (PARKVILLE),street_furniture,Seat,,3.0,-37.78057503576285,144.9576133969862,street_furniture_clean.csv
furniture-1589237,Seat - Five Sided Platform - Royal Park,street_furniture,Seat,,4.0,-37.795308016608764,144.95186239621373,street_furniture_clean.csv
furniture-1598978,Seat - Straight Seat - Wooden Battens - Type 2 - Alexandra Gardens,street_furniture,Seat,,3.0,-37.82054268624075,144.97284037451837,street_furniture_clean.csv
furniture-1579967,Seat - Unclassified - Fitzroy Gardens,street_furniture,Seat,,3.0,-37.81534796989384,144.97979476500328,street_furniture_clean.csv
furniture-1600553,Picnic Setting - Urban Design Style - Neill Street Reserve,street_furniture,Picnic Setting,,3.0,-37.79523396427573,144.96947981512102,street_furniture_clean.csv
furniture-1596898,Seat - Stainless Steel Straight Seat - Docklands,street_furniture,Seat,,3.44,-37.81537071300865,144.94171810777934,street_furniture_clean.csv
furniture-1586976,Seat - Stainless Steel Seat - 6m & LED lights,street_furniture,Seat,,3.45,-37.81729473501001,144.95997208005193,street_furniture_clean.csv
furniture-1610566,Seat - Stainless Steel Bench - Docklands,street_furniture,Seat,,3.44,-37.82120288241416,144.94411958729847,street_furniture_clean.csv
furniture-1590039,Seat - Straight Seat - Wooden Battens - Type 2 - Clayton Reserve,street_furniture,Seat,,4.0,-37.79693205499301,144.93883219293852,street_furniture_clean.csv
furniture-1589215,Seat - Straight Seat - Wooden Battens - Type 2 - Royal Park,street_furniture,Seat,,4.0,-37.79511101184582,144.95097089963627,street_furniture_clean.csv
furniture-1589757,Picnic Setting - Urban Design Style - Reeves Street Park,street_furniture,Picnic Setting,,4.0,-37.79368997783701,144.97025900194856,street_furniture_clean.csv
furniture-1597120,Seat - Straight Seat - Wooden Battens - Type 2 - Kings Domain,street_furniture,Seat,,4.0,-37.82514132171195,144.97133495201447,street_furniture_clean.csv
furniture-1633770,Seat - Straight Seat - Wooden Battens - Type 2 - Fawkner Park,street_furniture,Seat,,4.0,-37.83764032442782,144.97832730893413,street_furniture_clean.csv
furniture-1610547,Seat - Stainless Steel Bench - Docklands,street_furniture,Seat,,3.44,-37.82112243233588,144.94288273082017,street_furniture_clean.csv
furniture-1644106,Seat - Straight Seat - Wooden Battens - Type 2 - Jolimont Reserve,street_furniture,Seat,,4.0,-37.81647074112486,144.98208576684794,street_furniture_clean.csv
furniture-1617931,Drinking Fountain - Stainless Steel Drinking Fountain - Northbank Type,street_furniture,Drinking Fountain,,4.0,-37.82022017744959,144.94480746086566,street_furniture_clean.csv
furniture-1657230,Seat - Stainless Steel Seat - 3m & LED lights,street_furniture,Seat,,4.44,-37.81292561974762,144.96545972299492,street_furniture_clean.csv
furniture-1633448,Drinking Fountain - Stainless Steel Drinking Fountain - Leaf Type - Ron Barassi Senior Park,street_furniture,Drinking Fountain,,4.0,-37.81714667057808,144.93410355599931,street_furniture_clean.csv
furniture-1662096,Seat - Folding Seat,street_furniture,Seat,,3.2,-37.81273245605106,144.97153733964348,street_furniture_clean.csv
furniture-1645344,Seat - Straight Seat - Wooden Battens - Type 2 - Docklands Park,street_furniture,Seat,,4.0,-37.81945203634227,144.9461667771023,street_furniture_clean.csv
furniture-1645345,Seat - Straight Seat - Wooden Battens - Type 2 - Docklands Park,street_furniture,Seat,,4.0,-37.81930659655513,144.94650832078918,street_furniture_clean.csv
furniture-1645347,Seat - Straight Seat - Wooden Battens - Type 2 - Docklands Park,street_furniture,Seat,,4.0,-37.81940492867596,144.946271461055,street_furniture_clean.csv
furniture-1674611,Seat - Stainless Steel Straight Seat,street_furniture,Seat,,3.25,-37.81069836716229,144.95715796990206,street_furniture_clean.csv
furniture-1728233,Drinking Fountain - Stainless Steel Drinking Fountain - Leaf Type - Bottle Refill Tap,street_furniture,Drinking Fountain,,3.44,-37.80899368753833,144.9728686722591,street_furniture_clean.csv
furniture-1725239,Seat - Metal Frame - Parsons Reserve,street_furniture,Seat,,3.0,-37.79009791443758,144.93101066681996,street_furniture_clean.csv
furniture-1740852,Seat - Straight Seat - Wooden Battens - Type 2 - College of Surgeons,street_furniture,Seat,,4.0,-37.80902705963942,144.97251439078454,street_furniture_clean.csv
furniture-1741001,Seat - Stainless Steel Straight Seat,street_furniture,Seat,,3.42,-37.80934694220964,144.96636136222588,street_furniture_clean.csv
furniture-1725238,Seat - Metal Frame - Parsons Reserve,street_furniture,Seat,,3.0,-37.79015287828669,144.9311692492357,street_furniture_clean.csv
furniture-1742604,Drinking Fountain - Stainless Steel Drinking Fountain - Old Docklands Type,street_furniture,Drinking Fountain,,4.29,-37.81342794663863,144.94277418583766,street_furniture_clean.csv
furniture-1548747,Drinking Fountain - Stainless Steel Drinking Fountain - Leaf Type,street_furniture,Drinking Fountain,,3.43,-37.79431438564634,144.9302959180467,street_furniture_clean.csv
furniture-1550108,Seat - Straight Seat - Wooden Battens - Type 2 - Batman Park,street_furniture,Seat,,4.0,-37.82152611674052,144.95669835283755,street_furniture_clean.csv
furniture-1551816,Seat - Stainless Steel Straight Seat,street_furniture,Seat,,4.44,-37.807769569210045,144.9628501163403,street_furniture_clean.csv
furniture-1672278,Seat - Stainless Steel Straight Seat - Docklands,street_furniture,Seat,,3.3,-37.81865874193835,144.94897960791138,street_furniture_clean.csv
furniture-1673406,Seat - Stainless Steel Straight Seat,street_furniture,Seat,,3.25,-37.81066895490245,144.95726510000844,street_furniture_clean.csv
furniture-1119455,Seat - Straight Seat - Wooden Battens - Type 2 - Carlton Gardens North,street_furniture,Seat,,3.0,-37.80156943349899,144.9736444419673,street_furniture_clean.csv
furniture-1119459,Seat - Straight Seat - Wooden Battens - Type 2 - Fawkner Park,street_furniture,Seat,,3.0,-37.83879339638828,144.97884273914937,street_furniture_clean.csv
furniture-1360405,Seat - Straight Seat - Wooden Battens - Type 2 - Kensington Hall Reserve,street_furniture,Seat,,4.0,-37.78822187968322,144.9286950507116,street_furniture_clean.csv
furniture-1119555,Seat - Straight Seat - Wooden Battens - Type 2 - Fitzroy Gardens,street_furniture,Seat,,3.0,-37.814655324020265,144.979217043157,street_furniture_clean.csv
furniture-1119592,Seat - Straight Seat - Wooden Battens - Type 2 - Carlton Gardens North,street_furniture,Seat,,3.0,-37.80178018408351,144.97115103206178,street_furniture_clean.csv
furniture-1360541,Drinking Fountain - Drinking Fountain - Monument Style Type 2 - Argyle Square,street_furniture,Drinking Fountain,,4.0,-37.80282308235531,144.96630068198394,street_furniture_clean.csv
furniture-1119627,Seat - Straight Seat - Wooden Battens - Type 2 - Kings Domain,street_furniture,Seat,,4.0,-37.82744190324565,144.97340541039986,street_furniture_clean.csv
furniture-1361009,Drinking Fountain - Drinking Fountain - Type 1,street_furniture,Drinking Fountain,,2.02,-37.79206873155685,144.9297513827727,street_furniture_clean.csv
furniture-1119929,Seat - Metal Seat - Burston Reserve,street_furniture,Seat,,3.0,-37.81126091814144,144.97529133709168,street_furniture_clean.csv
furniture-1119898,Seat - Metal Seat - Mercantile Park West,street_furniture,Seat,,4.0,-37.79628818986974,144.92078857488514,street_furniture_clean.csv
furniture-1120042,Seat - Straight Seat - Wooden Battens - Type 2 - Fawkner Park,street_furniture,Seat,,4.0,-37.83915145144156,144.9830052379101,street_furniture_clean.csv
furniture-1361455,Seat - Flat Bench Seat - Wooden Battens,street_furniture,Seat,,2.86,-37.78864556899388,144.9261424302072,street_furniture_clean.csv
furniture-1362093,Drinking Fountain - Stainless Steel Drinking Fountain - Leaf Type,street_furniture,Drinking Fountain,,4.0,-37.83822661704696,144.9845757117782,street_furniture_clean.csv
furniture-1431736,Drinking Fountain - Stainless Steel Drinking Fountain - Leaf Type - Fawkner Park,street_furniture,Drinking Fountain,,4.0,-37.83912302483119,144.98029597307354,street_furniture_clean.csv
furniture-1749938,Drinking Fountain - Leaf Type - With Bottle Refill Tap - Fitzroy Gardens,street_furniture,Drinking Fountain,,3.0,-37.81165168802,144.98072416956458,street_furniture_clean.csv
furniture-1756567,Seat - Straight Seat - Wooden Battens - Type 2 - Kings Domain,street_furniture,Seat,,4.0,-37.8296380230417,144.97429301345744,street_furniture_clean.csv
furniture-1757637,Seat - Straight Seat - Wooden Battens - Type 2 - Fitzroy Gardens,street_furniture,Seat,,3.0,-37.81472947667095,144.98239558908068,street_furniture_clean.csv
furniture-1757696,Drinking Fountain - Stainless Steel Drinking Fountain - Leaf Type - Princes Park,street_furniture,Drinking Fountain,,4.0,-37.787145044550506,144.95944649397603,street_furniture_clean.csv
furniture-1757709,Drinking Fountain - Leaf Type - With Bottle Refill Tap - Birrarung Marr,street_furniture,Drinking Fountain,,4.0,-37.81877097793573,144.97408155357158,street_furniture_clean.csv
furniture-1769866,Seat - Straight Seat - Wooden Battens - Type 2 - University Square,street_furniture,Seat,,5.0,-37.80158420782142,144.96057242245888,street_furniture_clean.csv
furniture-1769878,Seat - Stainless Frame with Narrow Wooden Slats (Back to Back) - University Square,street_furniture,Seat,,5.0,-37.80142279802096,144.95984873316633,street_furniture_clean.csv
furniture-1769897,Seat - Timber Bench - University Square,street_furniture,Seat,,5.0,-37.80075846482361,144.96040103834716,street_furniture_clean.csv
furniture-1769899,Seat - Timber Bench - University Square,street_furniture,Seat,,5.0,-37.800787268465726,144.96044590273905,street_furniture_clean.csv
furniture-1769915,Seat - Timber Bench - University Square,street_furniture,Seat,,5.0,-37.80079268977785,144.96046233541492,street_furniture_clean.csv
furniture-1771632,Seat - Straight Seat - Wooden Battens - Type 2 - Royal Park,street_furniture,Seat,,3.0,-37.78617216597064,144.95576398029422,street_furniture_clean.csv
furniture-1771663,Seat - Older Style Park Seat - Timber Slats - Queen Victoria Gardens,street_furniture,Seat,,3.0,-37.82228185292266,144.9717930439356,street_furniture_clean.csv
furniture-1772221,Picnic Setting - unspecified - University Square,street_furniture,Picnic Setting,,5.0,-37.80074985929687,144.96032563481776,street_furniture_clean.csv
furniture-1775779,Seat - Unclassified - Boyd Community Hub,street_furniture,Seat,,5.0,-37.82568689459153,144.9612555484536,street_furniture_clean.csv
furniture-1759481,Picnic Setting - unspecified - Riverside Quay (SOUTHBANK),street_furniture,Picnic Setting,,4.0,-37.82125718140689,144.96418827819983,street_furniture_clean.csv
furniture-1775782,Seat - Unclassified - Boyd Community Hub,street_furniture,Seat,,5.0,-37.82573018587326,144.9606903854661,street_furniture_clean.csv
furniture-1769874,Seat - Straight Seat - Wooden Battens - Type 2 - University Square,street_furniture,Seat,,5.0,-37.80140679027929,144.95985065013056,street_furniture_clean.csv
furniture-1798703,Seat - Stainless Steel Bench - Docklands - Hub@Docklands,street_furniture,Seat,,5.0,-37.81981320550029,144.94770051622768,street_furniture_clean.csv
furniture-1798719,Seat - Unclassified - Hub@Docklands,street_furniture,Seat,,5.0,-37.82024925081302,144.94767798623332,street_furniture_clean.csv
furniture-1798722,Seat - Unclassified - Hub@Docklands,street_furniture,Seat,,5.0,-37.82026703343288,144.94750390721606,street_furniture_clean.csv
furniture-1798730,Seat - Unclassified - Hub@Docklands,street_furniture,Seat,,5.0,-37.82028929630111,144.9480263220084,street_furniture_clean.csv
furniture-1771670,Seat - Alloy Frame and Narrow Wooden Slats - Birrarung Marr,street_furniture,Seat,,3.0,-37.81863165601837,144.9711872720961,street_furniture_clean.csv
furniture-1775775,Seat - Straight Seat - Wooden Battens - Type 2 - Boyd Community Hub,street_furniture,Seat,,5.0,-37.82563673062218,144.96147074719624,street_furniture_clean.csv
furniture-1775772,Seat - Metal Seat - Boyd Community Hub,street_furniture,Seat,,5.0,-37.82599210766234,144.96110899511933,street_furniture_clean.csv
furniture-1786641,Seat - Straight Seat - Wooden Battens - Type 2 - Lincoln Square,street_furniture,Seat,,5.0,-37.802988294353234,144.96226210546823,street_furniture_clean.csv
furniture-1804409,Seat - Platform Style - JJ Holland Park,street_furniture,Seat,,5.0,-37.7979299822717,144.92601872579152,street_furniture_clean.csv
furniture-1804407,Seat - Platform Style - JJ Holland Park,street_furniture,Seat,,5.0,-37.79788262314072,144.9257704258898,street_furniture_clean.csv
furniture-1529752,Information Pillar - Information Hub Pillar,street_furniture,Information Pillar,,3.44,-37.81465524934912,144.96604928044306,street_furniture_clean.csv
furniture-1529797,Seat - Metal Bench Around Tree Base,street_furniture,Seat,,4.16,-37.81276432547956,144.9651842591053,street_furniture_clean.csv
furniture-1529804,Seat - Stainless Steel Seat - Fixed,street_furniture,Seat,,1.44,-37.80834738600636,144.96310956757165,street_furniture_clean.csv
furniture-1530838,Information Pillar - Poster Pillar - COM,street_furniture,Information Pillar,,3.17,-37.79635725702727,144.92481155064266,street_furniture_clean.csv
furniture-1530537,Seat - Metal Seat - St Augustine's (MELBOURNE),street_furniture,Seat,,4.0,-37.81706765595653,144.95498588521045,street_furniture_clean.csv
furniture-1551578,Picnic Setting - unspecified - Warun Biik Park,street_furniture,Picnic Setting,,3.0,-37.79622716643016,144.92659420905596,street_furniture_clean.csv
furniture-1553751,Seat - Wooden Bench,street_furniture,Seat,,2.11,-37.824047908723934,144.9509654728645,street_furniture_clean.csv
furniture-1555899,Seat - Stainless Steel Straight Seat,street_furniture,Seat,,3.44,-37.81179996676512,144.96190614784948,street_furniture_clean.csv
furniture-1546798,Seat - Unclassified,street_furniture,Seat,,4.0,-37.79928115655834,144.9504761070048,street_furniture_clean.csv
furniture-1546795,Seat - Unclassified,street_furniture,Seat,,3.0,-37.79957286657823,144.9505226717135,street_furniture_clean.csv
furniture-1557012,Seat - Flat Bench Seat - Wooden Battens,street_furniture,Seat,,2.16,-37.818866209061575,144.9441492085346,street_furniture_clean.csv
furniture-1548087,Drinking Fountain - Stainless Steel Drinking Fountain - Leaf Type,street_furniture,Drinking Fountain,,3.3,-37.8213916576197,144.94536775680646,street_furniture_clean.csv
furniture-1567828,Seat - Straight Seat - Wooden Battens,street_furniture,Seat,,3.0,-37.82466190616891,144.97200509258576,street_furniture_clean.csv
furniture-1567829,Seat - Straight Seat - Wooden Battens,street_furniture,Seat,,3.0,-37.82516390620271,144.97238444583184,street_furniture_clean.csv
furniture-1568585,Seat - Straight Seat - Wooden Battens - Type 2 - Howard and William Street Reserve,street_furniture,Seat,,4.0,-37.80640112256462,144.95363971569753,street_furniture_clean.csv
furniture-1569722,Seat - Straight Seat - Wooden Battens - Type 2 - Royal Park,street_furniture,Seat,,3.0,-37.79208538342699,144.95690399877978,street_furniture_clean.csv
furniture-1569768,Seat - Straight Seat - Wooden Battens - Type 2 - North Melbourne Recreation Reserve,street_furniture,Seat,,3.0,-37.79975268878371,144.94154493102428,street_furniture_clean.csv
furniture-1579958,Drinking Fountain - Stainless Steel Drinking Fountain - Leaf Type,street_furniture,Drinking Fountain,,4.0,-37.8148665286666,144.979341237583,street_furniture_clean.csv
furniture-1579968,Seat - Straight Seat - Wooden Battens - Type 2,street_furniture,Seat,,4.0,-37.81526026418612,144.9798565670159,street_furniture_clean.csv
furniture-1566074,Information Pillar - Information Hub Pillar,street_furniture,Information Pillar,,3.24,-37.82146751788324,144.9462396200663,street_furniture_clean.csv
furniture-1583825,Seat - Straight Seat - Wooden Battens - Type 2 - Canning & Palmerston St Reserve,street_furniture,Seat,,3.0,-37.79629077011477,144.9727644313816,street_furniture_clean.csv
furniture-1584049,Seat - Straight Seat - Wooden Battens - Type 2 - North Melbourne Recreation Reserve,street_furniture,Seat,,4.0,-37.79977245250293,144.94037140946855,street_furniture_clean.csv
furniture-1584050,Seat - Straight Seat - Wooden Battens - Type 2 - North Melbourne Recreation Reserve,street_furniture,Seat,,4.0,-37.799769924166014,144.9403453581178,street_furniture_clean.csv
furniture-1586950,Picnic Setting - Urban Design Style - Newmarket Reserve,street_furniture,Picnic Setting,,4.0,-37.78796738858408,144.92429309174094,street_furniture_clean.csv
furniture-1589222,Barbeque - Urban Design Double Hotplate - Royal Park,street_furniture,Barbeque,,4.0,-37.79551100378923,144.9519166390474,street_furniture_clean.csv
furniture-1600521,Drinking Fountain - Stainless Steel Drinking Fountain - Leaf Type - Neill Street Reserve,street_furniture,Drinking Fountain,,4.0,-37.794860401126186,144.97032531494713,street_furniture_clean.csv
furniture-1600539,Seat - Straight Seat - Wooden Battens - Type 2 - Neill Street Reserve,street_furniture,Seat,,3.0,-37.79572685532791,144.96857788896,street_furniture_clean.csv
furniture-1600547,Seat - Straight Seat - Wooden Battens - Type 2 - Neill Street Reserve,street_furniture,Seat,,3.0,-37.795221083883945,144.96964222598237,street_furniture_clean.csv
furniture-1633479,Seat - Timber Bench - Ron Barassi Senior Park,street_furniture,Seat,,4.0,-37.81593700980552,144.93464187816912,street_furniture_clean.csv
furniture-1633625,Seat - Stainless Steel Straight Seat,street_furniture,Seat,,3.4,-37.81174213809528,144.96452305449162,street_furniture_clean.csv
furniture-1780698,Seat - Stainless Steel Straight Seat,street_furniture,Seat,,4.73,-37.8153995251029,144.94161870607056,street_furniture_clean.csv
furniture-1786711,Drinking Fountain - Leaf Type - Dog Bowl  - Pleasance Gardens,street_furniture,Drinking Fountain,,5.0,-37.796300658626926,144.94502857293458,street_furniture_clean.csv
furniture-1461949,Drinking Fountain - Stainless Steel Drinking Fountain - Leaf Type,street_furniture,Drinking Fountain,,3.44,-37.81607983975034,144.93862697161046,street_furniture_clean.csv
furniture-1461969,Drinking Fountain - Stainless Steel Drinking Fountain - Leaf Type,street_furniture,Drinking Fountain,,3.44,-37.81942840031672,144.94578822758686,street_furniture_clean.csv
furniture-1372730,Seat - Metal Seat,street_furniture,Seat,,3.16,-37.81998625317966,144.965575082558,street_furniture_clean.csv
furniture-1431516,Picnic Setting - Urban Design Style,street_furniture,Picnic Setting,,3.0,-37.81817597377466,144.97119497787563,street_furniture_clean.csv
furniture-1431569,Barbeque - Urban Design Double Hotplate,street_furniture,Barbeque,,4.0,-37.82727009584159,144.98119239501509,street_furniture_clean.csv
furniture-1480667,Seat - Metal Seat,street_furniture,Seat,,3.11,-37.81319886576773,144.9600276964149,street_furniture_clean.csv
furniture-1487327,Seat - Timber Bench with Aluminium Legs - Docklands,street_furniture,Seat,,1.66,-37.82431656816737,144.94357010379298,street_furniture_clean.csv
furniture-1490905,Seat - Urban Design Park Style - Green Powder Coat - Kings Domain,street_furniture,Seat,,4.0,-37.82662625245693,144.97441628082709,street_furniture_clean.csv
furniture-1490921,Seat - Urban Design Park Style - Green Powder Coat - Kings Domain,street_furniture,Seat,,4.0,-37.82530088183319,144.97575701444964,street_furniture_clean.csv
furniture-1490924,Seat - Urban Design Park Style - Green Powder Coat - Kings Domain,street_furniture,Seat,,4.0,-37.82497889983753,144.9758046680054,street_furniture_clean.csv
furniture-1491343,Seat - Urban Design Park Style - Green Powder Coat - Fawkner Park,street_furniture,Seat,,3.0,-37.8423904267943,144.9797085325907,street_furniture_clean.csv
furniture-1491385,Seat - Stainless Steel Bench - Docklands,street_furniture,Seat,,3.44,-37.81585376676544,144.94545531713146,street_furniture_clean.csv
furniture-1442994,Seat - Stainless Steel Straight Seat - Docklands,street_furniture,Seat,,3.44,-37.8188503413952,144.94382883832648,street_furniture_clean.csv
furniture-1459092,Seat - Stainless Steel Straight Seat,street_furniture,Seat,,3.44,-37.82177004538681,144.96910935787346,street_furniture_clean.csv
furniture-1503833,Seat - Flat Bench Seat - L Shaped,street_furniture,Seat,,3.17,-37.80064182650987,144.9578099947571,street_furniture_clean.csv
furniture-1503835,Seat - Flat Bench Seat - L Shaped,street_furniture,Seat,,3.17,-37.80072094401781,144.95851651655536,street_furniture_clean.csv
furniture-1507105,Seat - Metal Bench Around Tree Base,street_furniture,Seat,,3.16,-37.810538777865474,144.96414661459744,street_furniture_clean.csv
furniture-1507126,Seat - Metal Bench Around Tree Base,street_furniture,Seat,,4.16,-37.810187640720095,144.96420692014135,street_furniture_clean.csv
furniture-1507130,Seat - Metal Bench Around Tree Base,street_furniture,Seat,,4.16,-37.8104413242207,144.9643269445194,street_furniture_clean.csv
furniture-1491339,Seat - Urban Design Park Style - Green Powder Coat - Fawkner Park,street_furniture,Seat,,4.0,-37.84002340381394,144.978548483976,street_furniture_clean.csv
furniture-1511717,Seat - Straight Seat - Wooden Battens - Type 2 - JJ Holland Park,street_furniture,Seat,,4.0,-37.79713661234511,144.92451104448455,street_furniture_clean.csv
furniture-1517566,Seat - Straight Seat - Wooden Battens - Type 2 - State Library of Victoria,street_furniture,Seat,,3.0,-37.80998063036908,144.9643887813898,street_furniture_clean.csv
furniture-1511685,Seat - Straight Seat - Wooden Battens - Type 2 - JJ Holland Park,street_furniture,Seat,,3.0,-37.79715818017502,144.9242161865949,street_furniture_clean.csv
furniture-1517591,Seat - Straight Seat - Wooden Battens - Type 2 - State Library of Victoria,street_furniture,Seat,,4.0,-37.81014406484896,144.96462112463803,street_furniture_clean.csv
furniture-1529793,Seat - Stainless Steel Seat - 3m & LED lights,street_furniture,Seat,,3.44,-37.812972295733815,144.96526646976162,street_furniture_clean.csv
furniture-1529796,Seat - Metal Bench Around Tree Base,street_furniture,Seat,,4.16,-37.812784077566896,144.96519041873938,street_furniture_clean.csv
furniture-1514354,Seat - Metal Bench,street_furniture,Seat,,4.16,-37.815262763291074,144.96631716473576,street_furniture_clean.csv
furniture-1529790,Seat - Metal Bench Around Tree Base,street_furniture,Seat,,3.16,-37.81310322783869,144.96533375696058,street_furniture_clean.csv
furniture-1548076,Seat - Wooden Bench,street_furniture,Seat,,3.16,-37.81922634390048,144.94237088699035,street_furniture_clean.csv
furniture-1548082,Seat - Stainless Steel Bench - Docklands,street_furniture,Seat,,3.44,-37.82109375912789,144.94676938273545,street_furniture_clean.csv
furniture-1548100,Seat - Stainless Steel Bench - Docklands,street_furniture,Seat,,3.44,-37.82128583538912,144.94687482469607,street_furniture_clean.csv
furniture-1558674,Seat - Flat Bench Seat - L Shaped,street_furniture,Seat,,3.11,-37.80650426208143,144.95569169285616,street_furniture_clean.csv
furniture-1560232,Drinking Fountain - Stainless Steel Drinking Fountain - Leaf Type - Bottle Refill Tap,street_furniture,Drinking Fountain,,3.41,-37.81262231879966,144.95695726799045,street_furniture_clean.csv
furniture-1561012,Seat - Metal Seat,street_furniture,Seat,,3.17,-37.81730003238528,144.9606888597444,street_furniture_clean.csv
furniture-1565472,Seat - Flat Bench Seat - L Shaped,street_furniture,Seat,,3.14,-37.80330178470176,144.9497014380655,street_furniture_clean.csv
furniture-1556988,Seat - Stainless Steel Straight Seat - Station Street Park,street_furniture,Seat,,4.0,-37.797457092593206,144.97391741255436,street_furniture_clean.csv
furniture-1556989,Seat - Stainless Steel Straight Seat - Station Street Park,street_furniture,Seat,,4.0,-37.797482080691765,144.97400270167176,street_furniture_clean.csv
furniture-1556993,Seat - Stainless Steel Straight Seat - Station Street Park,street_furniture,Seat,,3.0,-37.79688949488179,144.974014917376,street_furniture_clean.csv
furniture-1573396,Drinking Fountain - Stainless Steel Drinking Fountain - Leaf Type - Bottle Refill Tap,street_furniture,Drinking Fountain,,3.44,-37.81237811232576,144.96521212904446,street_furniture_clean.csv
furniture-1579598,Drinking Fountain - Stainless Steel Drinking Fountain - Leaf Type - Bottle Refill Tap,street_furniture,Drinking Fountain,,3.45,-37.79382278780376,144.958038101861,street_furniture_clean.csv
furniture-1579834,Seat - Metal Seat - Kensington Banks Type,street_furniture,Seat,,1.59,-37.79487114340004,144.9196175983375,street_furniture_clean.csv
furniture-1579962,Seat - Straight Seat - Wooden Battens - Type 2,street_furniture,Seat,,5.0,-37.81522137047861,144.9793020267878,street_furniture_clean.csv
furniture-1586949,Picnic Setting - Urban Design Style - Newmarket Reserve,street_furniture,Picnic Setting,,4.0,-37.78768212838772,144.92190952902817,street_furniture_clean.csv
furniture-1589219,Seat - Straight Seat - Wooden Battens - Type 2 - Royal Park,street_furniture,Seat,,3.0,-37.79570120993257,144.95181633101606,street_furniture_clean.csv
furniture-1589365,Drinking Fountain - Stainless Steel Drinking Fountain - Leaf Type - Bottle Refill Tap,street_furniture,Drinking Fountain,,4.0,-37.80530265416531,144.96955831322754,street_furniture_clean.csv
furniture-1589753,Seat - Metal Seat - Reeves Street Park,street_furniture,Seat,,4.0,-37.793495366235376,144.97047067227408,street_furniture_clean.csv
furniture-1589840,Seat - Wooden Slats set in Stonework,street_furniture,Seat,,3.16,-37.8185244552834,144.94417334552617,street_furniture_clean.csv
furniture-1589855,Seat - Wooden Slats set in Stonework,street_furniture,Seat,,3.16,-37.81811338560721,144.94526009167794,street_furniture_clean.csv
furniture-1589916,Drinking Fountain - Stainless Steel Drinking Fountain - Leaf Type - Bottle Refill Tap,street_furniture,Drinking Fountain,,4.0,-37.81144127333384,144.95511626726946,street_furniture_clean.csv
furniture-1590044,Seat - Timber Bench - Clayton Reserve,street_furniture,Seat,,3.0,-37.79636859020291,144.93917947031954,street_furniture_clean.csv
furniture-1597176,Drinking Fountain - Stainless Steel Drinking Fountain - Leaf Type - Bottle Refill Tap,street_furniture,Drinking Fountain,,3.4,-37.81152641068227,144.9728037168352,street_furniture_clean.csv
furniture-1600538,Seat - Straight Seat - Wooden Battens - Type 2 - Neill Street Reserve,street_furniture,Seat,,3.0,-37.79573818527973,144.96853465048085,street_furniture_clean.csv
furniture-1742340,Seat - Straight Seat - Wooden Battens - Type 2 - Hawke and Adderley Street Park,street_furniture,Seat,,4.0,-37.80886559865538,144.94476749586943,street_furniture_clean.csv
furniture-1742343,Picnic Setting - Urban Design Style - Hawke and Adderley Street Park,street_furniture,Picnic Setting,,4.0,-37.80877058944717,144.9450810151771,street_furniture_clean.csv
furniture-1743765,Seat - Stainless Steel Straight Seat,street_furniture,Seat,,3.44,-37.820529414785184,144.94131782882013,street_furniture_clean.csv
furniture-1079232,Seat - Metal Seat,street_furniture,Seat,,2.99,-37.829579054958046,144.96842839448846,street_furniture_clean.csv
furniture-1079237,Seat - Metal Seat,street_furniture,Seat,,2.99,-37.830199981460765,144.9663154276194,street_furniture_clean.csv
furniture-1079244,Seat - Metal Seat,street_furniture,Seat,,2.22,-37.82428797291774,144.9638993562123,street_furniture_clean.csv
furniture-1079262,Seat - Metal Seat,street_furniture,Seat,,1.0,-37.81699408672692,144.98811749803076,street_furniture_clean.csv
furniture-1079334,Seat - Metal Seat,street_furniture,Seat,,3.13,-37.79948545299696,144.95331043818922,street_furniture_clean.csv
furniture-1079342,Seat - Metal Seat,street_furniture,Seat,,3.14,-37.803130971800144,144.94930580165592,street_furniture_clean.csv
furniture-1079347,Seat - Metal Seat,street_furniture,Seat,,3.14,-37.80376450664246,144.9496116346503,street_furniture_clean.csv
furniture-1079541,Seat - Stainless Steel Seat - Fixed,street_furniture,Seat,,3.41,-37.81973691713326,144.95461139184377,street_furniture_clean.csv
furniture-1079592,Seat - Metal Seat,street_furniture,Seat,,3.05,-37.83447915844121,144.9846594131597,street_furniture_clean.csv
furniture-1079707,Seat - Metal Seat,street_furniture,Seat,,3.16,-37.82060388892961,144.96286830934113,street_furniture_clean.csv
furniture-1079735,Seat - Metal Seat,street_furniture,Seat,,3.11,-37.81899753656885,144.9570736754783,street_furniture_clean.csv
furniture-1079781,Seat - Metal Seat,street_furniture,Seat,,3.05,-37.836000811298135,144.98204579218446,street_furniture_clean.csv
furniture-1079791,Seat - Metal Seat,street_furniture,Seat,,3.01,-37.82735126716358,144.95862363933728,street_furniture_clean.csv
furniture-1079805,Seat - Metal Seat,street_furniture,Seat,,3.04,-37.80158241632264,144.94987653195685,street_furniture_clean.csv
furniture-1756335,Drinking Fountain - Stainless Steel Drinking Fountain - Leaf Type - Kings Domain South,street_furniture,Drinking Fountain,,4.0,-37.828809493040296,144.97413127261856,street_furniture_clean.csv
furniture-1110851,Barbeque - Urban Design Single Hotplate,street_furniture,Barbeque,,4.0,-37.78998719902451,144.94502340388996,street_furniture_clean.csv
furniture-1118726,Picnic Setting - Urban Design Style,street_furniture,Picnic Setting,,4.0,-37.84502044033445,144.98245292564224,street_furniture_clean.csv
furniture-1118779,Picnic Setting - Slat and steel urban design,street_furniture,Picnic Setting,,3.0,-37.82869753098986,144.96729572545112,street_furniture_clean.csv
furniture-1119059,Seat - Straight Seat - Wooden Battens - Type 2 - Bellair Street Reserve,street_furniture,Seat,,5.0,-37.79491117285864,144.93073351993235,street_furniture_clean.csv
furniture-1119078,Seat - Straight Seat - Wooden Battens - Type 2 - Royal Park,street_furniture,Seat,,4.0,-37.79256387310295,144.94662680993713,street_furniture_clean.csv
furniture-1119094,Seat - Straight Seat - Wooden Battens - Type 2 - JJ Holland Park,street_furniture,Seat,,3.0,-37.79850193117212,144.9264317949995,street_furniture_clean.csv
furniture-1119157,Seat - Straight Seat - Wooden Battens - Type 2 - Ievers Reserve,street_furniture,Seat,,3.0,-37.79643756095574,144.95266625812394,street_furniture_clean.csv
furniture-1119229,Seat - Straight Seat - Wooden Battens - Type 2 - Lincoln Square,street_furniture,Seat,,2.0,-37.8019685719816,144.96269207814154,street_furniture_clean.csv
furniture-1119238,Seat - Straight Seat - Wooden Battens - Type 2 - Royal Park,street_furniture,Seat,,3.0,-37.78341286961382,144.94604270536314,street_furniture_clean.csv
furniture-1119240,Seat - Straight Seat - Wooden Battens - Type 2 - Royal Park,street_furniture,Seat,,2.0,-37.79123432708432,144.94495569065683,street_furniture_clean.csv
furniture-1119279,Seat - Straight Seat - Wooden Battens - Type 2 - Fitzroy Gardens,street_furniture,Seat,,3.0,-37.8142569688415,144.9798084899156,street_furniture_clean.csv
furniture-1119285,Seat - Straight Seat - Wooden Battens - Type 2 - Fitzroy Gardens,street_furniture,Seat,,4.0,-37.814090015929416,144.97845058556362,street_furniture_clean.csv
furniture-1119286,Seat - Straight Seat - Wooden Battens - Type 2 - Fitzroy Gardens,street_furniture,Seat,,4.0,-37.81399531753819,144.97847247988727,street_furniture_clean.csv
furniture-1119298,Seat - Straight Seat - Wooden Battens - Type 2 - Flagstaff Gardens,street_furniture,Seat,,4.0,-37.80991244448133,144.95360240702846,street_furniture_clean.csv
furniture-1119303,Seat - Straight Seat - Wooden Battens - Type 2 - Fitzroy Gardens,street_furniture,Seat,,4.0,-37.813537906383566,144.9817469204401,street_furniture_clean.csv
furniture-1119307,Seat - Straight Seat - Wooden Battens - Type 2 - Carlton Gardens South,street_furniture,Seat,,4.0,-37.80698405210438,144.9728786519281,street_furniture_clean.csv
furniture-1119317,Seat - Straight Seat - Wooden Battens - Type 2 - Fitzroy Gardens,street_furniture,Seat,,3.0,-37.81402096102207,144.97865387259122,street_furniture_clean.csv
furniture-1119327,Seat - Straight Seat - Wooden Battens - Type 2 - Fawkner Park,street_furniture,Seat,,3.0,-37.83951414319237,144.9807482480782,street_furniture_clean.csv
furniture-1119339,Seat - Straight Seat - Wooden Battens - Type 2 - Carlton Gardens North,street_furniture,Seat,,3.0,-37.80249904422988,144.97059607243057,street_furniture_clean.csv
furniture-1119346,Seat - Straight Seat - Wooden Battens - Type 2 - Fawkner Park,street_furniture,Seat,,4.0,-37.84106269384512,144.9806047634358,street_furniture_clean.csv
furniture-1119403,Seat - Straight Seat - Wooden Battens - Type 2 - Fitzroy Gardens,street_furniture,Seat,,4.0,-37.8126633628977,144.97831422808122,street_furniture_clean.csv
furniture-1119407,Seat - Straight Seat - Wooden Battens - Type 2 - Birrarung Marr,street_furniture,Seat,,3.0,-37.81867801757178,144.97129949071828,street_furniture_clean.csv
furniture-1115158,Drinking Fountain - Treated Timber Drinking Fountain - JJ Holland Park,street_furniture,Drinking Fountain,,4.0,-37.798924491881245,144.92595592847908,street_furniture_clean.csv
furniture-1115200,Drinking Fountain - Leaf Type - Dog Bowl - Fawkner Park,street_furniture,Drinking Fountain,,4.0,-37.83991852159856,144.9812959600913,street_furniture_clean.csv
furniture-1115204,Drinking Fountain - Treated Timber Drinking Fountain - Carlton Gardens South,street_furniture,Drinking Fountain,,4.0,-37.80696316737549,144.97097533310074,street_furniture_clean.csv
furniture-1119420,Seat - Straight Seat - Wooden Battens - Type 2 - Shrine of Remembrance Reserve,street_furniture,Seat,,4.0,-37.8296024981081,144.97396199185056,street_furniture_clean.csv
furniture-1119432,Seat - Straight Seat - Wooden Battens - Type 2 - Queen Victoria Gardens,street_furniture,Seat,,3.0,-37.82257347837185,144.97034474247167,street_furniture_clean.csv
furniture-1119445,Seat - Straight Seat - Wooden Battens - Type 2 - Alexandra Gardens,street_furniture,Seat,,3.0,-37.82021249444114,144.97057516974576,street_furniture_clean.csv
furniture-1119448,Seat - Straight Seat - Wooden Battens - Type 2 - Fitzroy Gardens,street_furniture,Seat,,4.0,-37.81317354525082,144.980106331334,street_furniture_clean.csv
furniture-1119453,Seat - Straight Seat - Wooden Battens - Type 2 - Carlton Gardens North,street_furniture,Seat,,3.0,-37.802201836945386,144.97235919025235,street_furniture_clean.csv
furniture-1119466,Seat - Straight Seat - Wooden Battens - Type 2 - Darling Square,street_furniture,Seat,,4.0,-37.81329950974428,144.9892035664628,street_furniture_clean.csv
furniture-1119507,Seat - Straight Seat - Wooden Battens - Type 2 - Carlton Gardens North,street_furniture,Seat,,4.0,-37.801958059363976,144.9729554305267,street_furniture_clean.csv
furniture-1119510,Seat - Straight Seat - Wooden Battens - Type 2 - Carlton Gardens South,street_furniture,Seat,,4.0,-37.8063054828386,144.97045733871806,street_furniture_clean.csv
furniture-1119512,Seat - Straight Seat - Wooden Battens - Type 2 - Carlton Gardens South,street_furniture,Seat,,4.0,-37.80689583367473,144.97255451154683,street_furniture_clean.csv
furniture-1119514,Seat - Straight Seat - Wooden Battens - Type 2 - Fawkner Park,street_furniture,Seat,,3.0,-37.83875205006015,144.97859183065304,street_furniture_clean.csv
furniture-1119518,Seat - Straight Seat - Wooden Battens - Type 2 - Powlett Reserve,street_furniture,Seat,,4.0,-37.81137064411421,144.98749558342556,street_furniture_clean.csv
furniture-1119524,Seat - Straight Seat - Wooden Battens - Type 2 - Queen Victoria Gardens,street_furniture,Seat,,3.0,-37.82159096135281,144.97131936171508,street_furniture_clean.csv
furniture-1119526,Seat - Straight Seat - Wooden Battens - Type 2 - Flagstaff Gardens,street_furniture,Seat,,4.0,-37.8105040010766,144.95477091881287,street_furniture_clean.csv
furniture-1119425,Seat - Straight Seat - Wooden Battens - Type 2 - Darling Square,street_furniture,Seat,,4.0,-37.81289108164844,144.98908140340058,street_furniture_clean.csv
furniture-1119562,Seat - Straight Seat - Wooden Battens - Type 2 - Flagstaff Gardens,street_furniture,Seat,,4.0,-37.8113855650233,144.9545446282662,street_furniture_clean.csv
furniture-1119600,Seat - Straight Seat - Wooden Battens - Type 2 - Parliament Reserve,street_furniture,Seat,,4.0,-37.80965494743538,144.97311854087815,street_furniture_clean.csv
furniture-1119619,Seat - Straight Seat - Wooden Battens - Type 2 - Gordon Reserve,street_furniture,Seat,,3.0,-37.81243358417216,144.97381179600703,street_furniture_clean.csv
furniture-1119626,Seat - Straight Seat - Wooden Battens - Type 2 - Queen Victoria Gardens,street_furniture,Seat,,4.0,-37.822572055478645,144.97053927771182,street_furniture_clean.csv
furniture-1119633,Seat - Straight Seat - Wooden Battens - Type 2 - Powlett Reserve,street_furniture,Seat,,4.0,-37.81113325569948,144.987099124371,street_furniture_clean.csv
furniture-1119639,Seat - Straight Seat - Wooden Battens - Type 2 - Flagstaff Gardens,street_furniture,Seat,,4.0,-37.81154116120427,144.95520665538837,street_furniture_clean.csv
furniture-1119672,Seat - Straight Seat - Wooden Battens - Type 2 - Birrarung Marr,street_furniture,Seat,,4.0,-37.82014702192001,144.9749952477565,street_furniture_clean.csv
furniture-1119708,Seat - Straight Seat - Wooden Battens - Type 2 - Powlett Reserve,street_furniture,Seat,,4.0,-37.81182973279993,144.98698581395925,street_furniture_clean.csv
furniture-1078739,Seat - Stainless Steel Seat - 6m & LED lights,street_furniture,Seat,,3.43,-37.81390558197657,144.96406378187132,street_furniture_clean.csv
furniture-1078754,Seat - Circular Concrete & Wood Seat,street_furniture,Seat,,2.16,-37.81986572195864,144.9648998391502,street_furniture_clean.csv
furniture-1078766,Seat - Stainless Steel Seat - Fixed,street_furniture,Seat,,3.45,-37.81376798576048,144.9650707107152,street_furniture_clean.csv
furniture-1078777,Seat - Stainless Steel Seat - Fixed,street_furniture,Seat,,3.45,-37.81364924633644,144.96504148334148,street_furniture_clean.csv
furniture-1078779,Seat - Stainless Steel Seat - Fixed,street_furniture,Seat,,3.45,-37.81366087410943,144.96499470416427,street_furniture_clean.csv
furniture-1078796,Seat - Stainless Steel Seat - Fixed,street_furniture,Seat,,2.45,-37.81414276355373,144.96381837640214,street_furniture_clean.csv
furniture-1078802,Seat - Stainless Steel Seat - Swivel,street_furniture,Seat,,3.45,-37.814023485731056,144.96414369381236,street_furniture_clean.csv
furniture-1078813,Seat - Stainless Steel Seat - Swivel,street_furniture,Seat,,4.45,-37.81391487977629,144.96407511304585,street_furniture_clean.csv
furniture-1078830,Seat - Metal Bench,street_furniture,Seat,,3.12,-37.80777384335395,144.954799341702,street_furniture_clean.csv
furniture-1078831,Seat - Metal Bench,street_furniture,Seat,,3.12,-37.80789293327219,144.9548434206582,street_furniture_clean.csv
furniture-1078899,Seat - Stainless Steel Straight Seat,street_furniture,Seat,,3.37,-37.81163037346826,144.97175515568588,street_furniture_clean.csv
furniture-1078925,Seat - Metal Seat,street_furniture,Seat,,3.16,-37.81884356421328,144.9677251323645,street_furniture_clean.csv
furniture-1078934,Seat - Metal Seat - Park Type,street_furniture,Seat,,2.99,-37.81994390903139,144.96157933431297,street_furniture_clean.csv
furniture-1078937,Seat - Metal Seat - Park Type,street_furniture,Seat,,1.66,-37.8199180612704,144.96184053803955,street_furniture_clean.csv
furniture-1078943,Seat - Metal Semi-circular Seats,street_furniture,Seat,,3.17,-37.804202974932736,144.96621251237457,street_furniture_clean.csv
furniture-1078962,Seat - Metal Semi-circular Seats,street_furniture,Seat,,2.17,-37.79839096481642,144.9674575570041,street_furniture_clean.csv
furniture-1078976,Seat - Metal Seat,street_furniture,Seat,,3.16,-37.80731095074098,144.9594144225143,street_furniture_clean.csv
furniture-1078995,Seat - Metal Bench,street_furniture,Seat,,4.01,-37.80816898504752,144.9608256111817,street_furniture_clean.csv
furniture-1079026,Seat - Metal Bench,street_furniture,Seat,,1.0,-37.81685910371004,144.98308247383875,street_furniture_clean.csv
furniture-1079031,Seat - Stainless Steel Seat - Fixed,street_furniture,Seat,,3.4,-37.817867060541325,144.96233942874224,street_furniture_clean.csv
furniture-1079069,Seat - Stainless Steel Straight Seat,street_furniture,Seat,,2.38,-37.80976896954909,144.97044633194128,street_furniture_clean.csv
furniture-1079074,Seat - Metal Bench,street_furniture,Seat,,2.96,-37.81041906432771,144.9846225106628,street_furniture_clean.csv
furniture-1079345,Seat - Metal Seat,street_furniture,Seat,,3.14,-37.80324520361658,144.95010075165592,street_furniture_clean.csv
furniture-1516263,Drinking fountain - Historic or Heritage Drinking Fountains - Boyd Community Hub (SOUTHBANK),street_furniture,Drinking Fountain,,4.0,-37.82553356070186,144.96099800648864,street_furniture_clean.csv
furniture-1545399,Seat - Metal Bench,street_furniture,Seat,,3.16,-37.80744411394319,144.95902786426865,street_furniture_clean.csv
furniture-1531130,Seat - Unclassified - Meritts Place,street_furniture,Seat,,3.0,-37.81470518553071,144.95550762159834,street_furniture_clean.csv
furniture-1551438,Seat - Metal frame Wooden Slats,street_furniture,Seat,,3.01,-37.77690649823451,144.9388434654426,street_furniture_clean.csv
furniture-1553739,Seat - Wooden Bench,street_furniture,Seat,,2.11,-37.82407134699331,144.9518412089676,street_furniture_clean.csv
furniture-1553757,Seat - Wooden Bench,street_furniture,Seat,,2.11,-37.82402439845603,144.95030855132447,street_furniture_clean.csv
furniture-1532207,Seat - Stainless Steel Straight Seat,street_furniture,Seat,,3.43,-37.81486845776678,144.94228344985842,street_furniture_clean.csv
furniture-1532226,Seat - Stainless Steel Straight Seat,street_furniture,Seat,,3.3,-37.82165333204872,144.9493930516022,street_furniture_clean.csv
furniture-1566083,Seat - Stainless Steel Bench - Docklands,street_furniture,Seat,,3.24,-37.81826868681811,144.9488228440838,street_furniture_clean.csv
furniture-1566861,Seat - Straight Seat - Wooden Battens - Type 2 - Galada Avenue,street_furniture,Seat,,4.0,-37.77921541537796,144.94014737923882,street_furniture_clean.csv
furniture-1569203,Seat - Stainless Steel Straight Seat,street_furniture,Seat,,4.42,-37.81462247664592,144.96878657885483,street_furniture_clean.csv
furniture-1569684,Seat - Straight Seat - Wooden Battens - Type 2 - Royal Park,street_furniture,Seat,,3.0,-37.78473174039612,144.94189207879867,street_furniture_clean.csv
furniture-1566838,Seat - Metal Seat - Warun Biik Park,street_furniture,Seat,,4.0,-37.79577205596184,144.92509401178793,street_furniture_clean.csv
furniture-1569732,Seat - Straight Seat - Wooden Battens - Type 2 - Princes Park,street_furniture,Seat,,4.0,-37.78460456318624,144.96001542322318,street_furniture_clean.csv
furniture-1569757,Picnic Setting - Urban Design Style - Powlett Reserve,street_furniture,Picnic Setting,,4.0,-37.81112472341439,144.98670019962398,street_furniture_clean.csv
furniture-1561726,Seat - Straight Seat - Wooden Battens - Type 2 - Royal Park,street_furniture,Seat,,4.0,-37.79232230728816,144.9488631512193,street_furniture_clean.csv
furniture-1573401,Seat - Stainless Steel Straight Seat,street_furniture,Seat,,4.41,-37.81002797063666,144.9613535392866,street_furniture_clean.csv
furniture-1573408,Seat - Stainless Steel Straight Seat,street_furniture,Seat,,3.41,-37.81006693505213,144.9613710960251,street_furniture_clean.csv
furniture-1584051,Seat - Straight Seat - Wooden Battens - Type 2 - North Melbourne Recreation Reserve,street_furniture,Seat,,4.0,-37.79977579149737,144.94039743830257,street_furniture_clean.csv
furniture-1566093,Seat - Stainless Steel Bench - Docklands,street_furniture,Seat,,3.24,-37.81821988518812,144.94898562146156,street_furniture_clean.csv
furniture-1566865,Seat - Straight Seat - Wooden Battens - Type 2 - Park Street Reserve,street_furniture,Seat,,4.0,-37.77566505233676,144.93998798017677,street_furniture_clean.csv
furniture-1587876,Seat - Flat Bench Seat - L Shaped,street_furniture,Seat,,2.89,-37.79376913180332,144.97100862555612,street_furniture_clean.csv
furniture-1589325,Seat - Stainless Steel Bench - Docklands,street_furniture,Seat,,3.44,-37.821220134385705,144.9444418606236,street_furniture_clean.csv
furniture-1589434,Seat - Flat Bench Seat - L Shaped,street_furniture,Seat,,2.92,-37.79760471463532,144.97265593893425,street_furniture_clean.csv
furniture-1569689,Seat - Straight Seat - Wooden Battens - Type 2 - Royal Park,street_furniture,Seat,,3.0,-37.78308381941809,144.9420399870393,street_furniture_clean.csv
furniture-1591435,Seat - Stainless Steel Straight Seat,street_furniture,Seat,,2.44,-37.808118711322216,144.97256899643935,street_furniture_clean.csv
furniture-1578246,Seat - Stainless Steel Straight Seat,street_furniture,Seat,,3.44,-37.82203271883456,144.93796875022272,street_furniture_clean.csv
furniture-1633468,Barbeque - Urban Design Double Hotplate - Ron Barassi Senior Park,street_furniture,Barbeque,,5.0,-37.817081542493305,144.93419238830614,street_furniture_clean.csv
furniture-1633485,Seat - Timber Bench - Ron Barassi Senior Park,street_furniture,Seat,,4.0,-37.81631796236473,144.9338575482906,street_furniture_clean.csv
furniture-1633487,Seat - Timber Bench - Ron Barassi Senior Park,street_furniture,Seat,,5.0,-37.81650839837156,144.9357236466015,street_furniture_clean.csv
furniture-1743787,Seat - Stainless Steel Straight Seat,street_furniture,Seat,,3.44,-37.82017425751916,144.94188969356065,street_furniture_clean.csv
furniture-1743790,Seat - Stainless Steel Straight Seat - Docklands,street_furniture,Seat,,3.44,-37.82013064265165,144.94196713298223,street_furniture_clean.csv
furniture-1744324,Seat - Stainless Steel Seat - Fixed,street_furniture,Seat,,3.31,-37.82229472429348,144.93650479367489,street_furniture_clean.csv
furniture-1755045,Seat - Straight Seat - Wooden Battens - Type 2 - Gardiner Reserve,street_furniture,Seat,,5.0,-37.79933908076149,144.94344999113463,street_furniture_clean.csv
furniture-1755047,Seat - Straight Seat - Wooden Battens - Type 2 - Gardiner Reserve,street_furniture,Seat,,4.0,-37.799515032106775,144.9439065529421,street_furniture_clean.csv
furniture-1756568,Seat - Straight Seat - Wooden Battens - Type 2 - Kings Domain,street_furniture,Seat,,4.0,-37.82469651005184,144.97203641076285,street_furniture_clean.csv
furniture-1753955,Seat - Metal Seat,street_furniture,Seat,,4.18,-37.82935841280468,144.96843683251242,street_furniture_clean.csv
furniture-1759447,Seat - Platform Style - Princes Park,street_furniture,Seat,,4.0,-37.78519351646735,144.96298514213672,street_furniture_clean.csv
furniture-1769870,Seat - Straight Seat - Wooden Battens - Type 2 - University Square,street_furniture,Seat,,5.0,-37.80126222970964,144.95987598007866,street_furniture_clean.csv
furniture-1769875,Seat - Straight Seat - Wooden Battens - Type 2 - University Square,street_furniture,Seat,,5.0,-37.801080876912806,144.95992072136283,street_furniture_clean.csv
furniture-1759446,Seat - Platform Style - Princes Park,street_furniture,Seat,,4.0,-37.78521808235859,144.96300388466952,street_furniture_clean.csv
furniture-1770356,Seat - Straight Seat - Wooden Battens - Type 2 - Gardiner Reserve,street_furniture,Seat,,5.0,-37.79880136001916,144.94420413704808,street_furniture_clean.csv
furniture-1769906,Seat - Timber Bench - University Square,street_furniture,Seat,,5.0,-37.80124703388047,144.9606323515891,street_furniture_clean.csv
furniture-1759476,Barbeque - Urban Design Single Hotplate - Riverside Quay (SOUTHBANK),street_furniture,Barbeque,,4.0,-37.821250861671416,144.9642136722747,street_furniture_clean.csv
furniture-1771646,Seat - Straight Seat - Wooden Battens - Type 2 - Ron Barassi Senior Park,street_furniture,Seat,,5.0,-37.81690375335975,144.93500991351718,street_furniture_clean.csv
furniture-1759487,Seat - Platform Style - Riverside Quay (SOUTHBANK),street_furniture,Seat,,4.0,-37.82128358070376,144.96409416903603,street_furniture_clean.csv
furniture-1551454,Seat - Stainless Steel Straight Seat,street_furniture,Seat,,3.45,-37.8147875029552,144.96859450909693,street_furniture_clean.csv
furniture-1553741,Seat - Wooden Bench,street_furniture,Seat,,2.11,-37.824061894277214,144.95159311976525,street_furniture_clean.csv
furniture-1553743,Seat - Wooden Bench,street_furniture,Seat,,2.11,-37.82405828003915,144.9513439602978,street_furniture_clean.csv
furniture-1553756,Seat - Wooden Bench,street_furniture,Seat,,2.11,-37.824030171627264,144.95040723186335,street_furniture_clean.csv
furniture-1553759,Seat - Wooden Bench,street_furniture,Seat,,2.11,-37.82399661158876,144.9500790337806,street_furniture_clean.csv
furniture-1553770,Information Pillar - Seconday Information Hub - Illuminated,street_furniture,Information Pillar,,2.17,-37.82407304390665,144.95267971459026,street_furniture_clean.csv
furniture-1533141,Seat - Straight Seat - Wooden Battens - Type 2 - Princes Park,street_furniture,Seat,,4.0,-37.78980218775756,144.96164363023536,street_furniture_clean.csv
furniture-1551569,Seat - Urban Design Park Style - Green Powder Coat -Warun Biik Park,street_furniture,Seat,,3.0,-37.79615749091314,144.92684418609474,street_furniture_clean.csv
furniture-1556701,Seat - Wooden Bench,street_furniture,Seat,,3.15,-37.81640301816535,144.93803613434315,street_furniture_clean.csv
furniture-1556991,Seat - Stainless Steel Straight Seat - Station Street Park,street_furniture,Seat,,4.0,-37.79769417531049,144.97395829308303,street_furniture_clean.csv
furniture-1550161,Seat - Stainless Steel Seat - Fixed,street_furniture,Seat,,3.45,-37.81658922049062,144.9631065957528,street_furniture_clean.csv
furniture-1550166,Seat - Stainless Steel Seat - Fixed,street_furniture,Seat,,3.45,-37.81625377951264,144.96355850704853,street_furniture_clean.csv
furniture-1562945,Seat - Stainless Steel Bench - Docklands,street_furniture,Seat,,2.77,-37.81574766854089,144.93767495778903,street_furniture_clean.csv
furniture-1565189,Seat - Unclassified - Birrarung Marr,street_furniture,Seat,,3.0,-37.8177593173085,144.97367832808015,street_furniture_clean.csv
furniture-1565511,Seat - Stainless Steel Bench - Docklands,street_furniture,Seat,,3.3,-37.81823021373319,144.94893705531197,street_furniture_clean.csv
furniture-1566034,Seat - Flat Bench Seat - L Shaped,street_furniture,Seat,,2.36,-37.80330178470176,144.9497014380655,street_furniture_clean.csv
furniture-1566067,Seat - Stainless Steel Seat - Fixed,street_furniture,Seat,,3.24,-37.821510680474105,144.94448878440514,street_furniture_clean.csv
furniture-1566845,Seat - Metal Seat - Kensington Banks Type - Warun Biik Park,street_furniture,Seat,,3.0,-37.796618025125184,144.9265799867159,street_furniture_clean.csv
furniture-1566855,Seat - Straight Seat - Wooden Battens - Type 2 - Parkville Gardens,street_furniture,Seat,,3.0,-37.777121420240114,144.93912622121172,street_furniture_clean.csv
furniture-1566860,Seat - Straight Seat - Wooden Battens - Type 2 - Auckland Lane Reserve,street_furniture,Seat,,4.0,-37.77804687807068,144.93895848119763,street_furniture_clean.csv
furniture-1552653,Seat - Stainless Steel Straight Seat,street_furniture,Seat,,3.44,-37.81471822953468,144.9663511926045,street_furniture_clean.csv
furniture-1569182,Seat - Stainless Steel Straight Seat,street_furniture,Seat,,3.42,-37.81529412836071,144.9691055501543,street_furniture_clean.csv
furniture-1569187,Seat - Metal Bench,street_furniture,Seat,,4.12,-37.81308075896818,144.96838002924557,street_furniture_clean.csv
furniture-1569195,Seat - Stainless Steel Straight Seat,street_furniture,Seat,,3.42,-37.81303261885821,144.96805522359398,street_furniture_clean.csv
furniture-1569201,Seat - Stainless Steel Straight Seat,street_furniture,Seat,,4.42,-37.81445483789855,144.96901007160335,street_furniture_clean.csv
furniture-1566055,Seat - Stainless Steel Straight Seat,street_furniture,Seat,,3.24,-37.82136314587239,144.94479779437347,street_furniture_clean.csv
furniture-1569719,Seat - Metal Seat,street_furniture,Seat,,4.0,-37.781840899690685,144.95093969577636,street_furniture_clean.csv
furniture-1572363,Seat - Stainless Steel Straight Seat,street_furniture,Seat,,1.44,-37.812966008044135,144.96243784172162,street_furniture_clean.csv
furniture-1572825,Drinking Fountain - Stainless Steel Drinking Fountain - Leaf Type - Bottle Refill Tap,street_furniture,Drinking Fountain,,3.4,-37.81191194838843,144.97076931535327,street_furniture_clean.csv
furniture-1579957,Seat - Straight Seat - Wooden Battens - Type 2,street_furniture,Seat,,3.0,-37.8148383308279,144.97925249288642,street_furniture_clean.csv
furniture-1579961,Seat - Straight Seat - Wooden Battens - Type 2,street_furniture,Seat,,5.0,-37.81520211528224,144.97930902684274,street_furniture_clean.csv
furniture-1565504,Information Pillar - Information Hub Pillar,street_furniture,Information Pillar,,3.44,-37.82224335695541,144.94691247669593,street_furniture_clean.csv
furniture-1584054,Seat - Straight Seat - Wooden Battens - Type 2 - North Melbourne Recreation Reserve,street_furniture,Seat,,4.0,-37.79926599370355,144.94062397780334,street_furniture_clean.csv
furniture-1569662,Seat - Straight Seat - Wooden Battens - Type 2 - Treasury Gardens,street_furniture,Seat,,4.0,-37.81434643319323,144.97720881172182,street_furniture_clean.csv
furniture-1566852,Picnic Setting - Unspecified,street_furniture,Picnic Setting,,3.0,-37.77696971374688,144.938959220484,street_furniture_clean.csv
furniture-1586975,Seat - Stainless Steel Seat - Fixed,street_furniture,Seat,,3.45,-37.81725974660986,144.96011640563486,street_furniture_clean.csv
furniture-1588224,Seat - Stainless Steel Seat - Fixed,street_furniture,Seat,,3.41,-37.819666941929725,144.95457254015832,street_furniture_clean.csv
furniture-1589217,Seat - Straight Seat - Wooden Battens - Type 2 - Royal Park,street_furniture,Seat,,4.0,-37.795461591582175,144.95054749294837,street_furniture_clean.csv
furniture-1589228,Picnic Setting - Urban Design Style - Royal Park,street_furniture,Picnic Setting,,3.0,-37.79502849117693,144.95106051125185,street_furniture_clean.csv
furniture-1589298,Seat - Stainless Steel Straight Seat - Docklands,street_furniture,Seat,,3.44,-37.81558376179737,144.94043036853824,street_furniture_clean.csv
furniture-1589364,Drinking Fountain - Stainless Steel Drinking Fountain - Leaf Type - Bottle Refill Tap,street_furniture,Drinking Fountain,,4.0,-37.813705889407565,144.9749027278744,street_furniture_clean.csv
furniture-1589851,Seat - Wooden Slats set in Stonework,street_furniture,Seat,,3.16,-37.81818756818891,144.9450544625138,street_furniture_clean.csv
furniture-1589853,Seat - Wooden Slats set in Stonework,street_furniture,Seat,,3.16,-37.81815455043849,144.94515057535483,street_furniture_clean.csv
furniture-1589915,Drinking Fountain - Stainless Steel Drinking Fountain - Leaf Type - Bottle Refill Tap,street_furniture,Drinking Fountain,,4.0,-37.80931636116421,144.95453335359068,street_furniture_clean.csv
furniture-1569199,Seat - Metal Bench,street_furniture,Seat,,3.12,-37.8141713026717,144.96887800718477,street_furniture_clean.csv
furniture-1573373,Seat - Stainless Steel Seat - Fixed,street_furniture,Seat,,3.4,-37.81759283273027,144.95518666235824,street_furniture_clean.csv
furniture-1596593,Drinking Fountain - Stainless Steel Drinking Fountain - Leaf Type - Bottle Refill Tap,street_furniture,Drinking Fountain,,3.44,-37.8163642527943,144.95539891425878,street_furniture_clean.csv
furniture-1600548,Seat - Straight Seat - Wooden Battens - Type 2 - Neill Street Reserve,street_furniture,Seat,,3.0,-37.795264630158016,144.96975834711654,street_furniture_clean.csv
furniture-1606144,Seat - Stainless Steel Straight Seat,street_furniture,Seat,,4.44,-37.81046528325047,144.96154971906458,street_furniture_clean.csv
furniture-1589366,Drinking Fountain - Stainless Steel Drinking Fountain - Leaf Type - Bottle Refill Tap,street_furniture,Drinking Fountain,,4.0,-37.80218636204077,144.97111015985016,street_furniture_clean.csv
furniture-1611049,Seat - Metal Seat,street_furniture,Seat,,3.16,-37.80748456693763,144.95835149196296,street_furniture_clean.csv
furniture-1589750,Seat - Metal Bench - Reeves Street Park,street_furniture,Seat,,4.0,-37.79372800409895,144.97044704422004,street_furniture_clean.csv
furniture-1610561,Drinking Fountain - Stainless Steel Drinking Fountain - Old Docklands Type,street_furniture,Drinking Fountain,,3.44,-37.82087279535316,144.94185586107258,street_furniture_clean.csv
furniture-1611029,Seat - Stainless Steel Bench - Docklands,street_furniture,Seat,,3.44,-37.82101200674165,144.94337611499776,street_furniture_clean.csv
furniture-1645342,Seat - Straight Seat - Wooden Battens - Type 2 - Docklands Park,street_furniture,Seat,,4.0,-37.81949737659779,144.94666343994686,street_furniture_clean.csv
furniture-1672279,Seat - Stainless Steel Straight Seat - Docklands,street_furniture,Seat,,3.3,-37.81871283995315,144.94902775418615,street_furniture_clean.csv
furniture-1672287,Seat - Stainless Steel Seat - Fixed,street_furniture,Seat,,3.3,-37.82000916019218,144.95004099670064,street_furniture_clean.csv
furniture-1645348,Seat - Unclassified - Docklands Park,street_furniture,Seat,,4.0,-37.82035249958348,144.94617260227395,street_furniture_clean.csv
furniture-1723258,Seat - Stainless Steel Straight Seat,street_furniture,Seat,,4.0,-37.80748469744259,144.96849366206132,street_furniture_clean.csv
furniture-1724946,Drinking Fountain - Stainless Steel Drinking Fountain - Leaf Type - Princes Park,street_furniture,Drinking Fountain,,4.0,-37.78493695299493,144.96233927588727,street_furniture_clean.csv
furniture-1742630,Seat - Timber Seat with Aluminium Legs - Docklands,street_furniture,Seat,,3.16,-37.82001588898,144.94001725463605,street_furniture_clean.csv
furniture-1743842,Seat - Stainless Steel Seat - Fixed,street_furniture,Seat,,3.44,-37.82084551605796,144.94069773978046,street_furniture_clean.csv
furniture-1743856,Seat - Stainless Steel Seat - Fixed,street_furniture,Seat,,3.44,-37.82402622977462,144.94334935423728,street_furniture_clean.csv
furniture-1744104,Seat - Unclassified - Wildlife Sanctuary,street_furniture,Seat,,3.0,-37.80225697910725,144.914889941224,street_furniture_clean.csv
furniture-1744313,Seat - Stainless Steel Straight Seat,street_furniture,Seat,,3.3,-37.81904993800689,144.94937263355885,street_furniture_clean.csv
furniture-1744314,Seat - Stainless Steel Straight Seat,street_furniture,Seat,,3.3,-37.818961544270906,144.9492956723733,street_furniture_clean.csv
furniture-1115180,Drinking Fountain - Treated Timber Drinking Fountain - Ievers Reserve,street_furniture,Drinking Fountain,,4.0,-37.79634473440512,144.952956259261,street_furniture_clean.csv
furniture-1115248,Drinking fountain - unspecified type - Fawkner Park,street_furniture,Drinking Fountain,,3.0,-37.84105383065132,144.98474159117376,street_furniture_clean.csv
furniture-1078743,Seat - Stainless Steel Seat - 3m & LED lights,street_furniture,Seat,,3.45,-37.81420846080575,144.96355791621377,street_furniture_clean.csv
furniture-1078755,Seat - Stainless Steel Seat - Swivel,street_furniture,Seat,,3.45,-37.81385470305777,144.96471755080248,street_furniture_clean.csv
furniture-1078759,Seat - Stainless Steel Seat - Fixed,street_furniture,Seat,,4.45,-37.81384654772816,144.96482966500204,street_furniture_clean.csv
furniture-1078775,Seat - Stainless Steel Seat - Fixed,street_furniture,Seat,,3.45,-37.81364681095177,144.96505699897676,street_furniture_clean.csv
furniture-1078782,Seat - Stainless Steel Seat - Fixed,street_furniture,Seat,,3.45,-37.813699645447294,144.96483426724535,street_furniture_clean.csv
furniture-1078784,Seat - Stainless Steel Seat - Fixed,street_furniture,Seat,,3.45,-37.81370471808943,144.9648097052472,street_furniture_clean.csv
furniture-1078785,Seat - Stainless Steel Seat - Fixed,street_furniture,Seat,,4.45,-37.81371567994556,144.9648130392128,street_furniture_clean.csv
furniture-1078800,Seat - Stainless Steel Seat - Fixed,street_furniture,Seat,,3.45,-37.81409537889693,144.96396008116062,street_furniture_clean.csv
furniture-1078812,Seat - Stainless Steel Seat - 3m & LED lights,street_furniture,Seat,,1.45,-37.81391078021576,144.96409340074695,street_furniture_clean.csv
furniture-1078945,Seat - Metal Semi-circular Seats,street_furniture,Seat,,3.17,-37.79983419362211,144.96697154018906,street_furniture_clean.csv
furniture-1079002,Seat - Metal Bench,street_furniture,Seat,,3.12,-37.81588779334346,144.95564754749816,street_furniture_clean.csv
furniture-1079050,Seat - Metal Bench,street_furniture,Seat,,3.17,-37.81462165085725,144.96582585180576,street_furniture_clean.csv
furniture-1079114,Seat - Metal Bench,street_furniture,Seat,,2.16,-37.81151254529735,144.9749884455032,street_furniture_clean.csv
furniture-1079122,Seat - Metal Bench,street_furniture,Seat,,3.11,-37.80812895467113,144.95772538039645,street_furniture_clean.csv
furniture-1079179,Seat - Metal Seat,street_furniture,Seat,,1.0,-37.825428052166565,144.96044239487333,street_furniture_clean.csv
furniture-1079185,Seat - Metal Seat,street_furniture,Seat,,3.17,-37.79559038890323,144.95778523859568,street_furniture_clean.csv
furniture-1079426,Seat - Metal Seat,street_furniture,Seat,,3.12,-37.80837032938267,144.9690082404026,street_furniture_clean.csv
furniture-1079427,Seat - Stainless Steel Straight Seat,street_furniture,Seat,,3.4,-37.80891986605786,144.96926420034742,street_furniture_clean.csv
furniture-1079454,Seat - Metal Seat,street_furniture,Seat,,3.16,-37.81995106796848,144.96590140917118,street_furniture_clean.csv
furniture-1079515,Seat - Metal Seat,street_furniture,Seat,,3.16,-37.82049392784054,144.96368519406164,street_furniture_clean.csv
furniture-1079566,Seat - Metal Seat,street_furniture,Seat,,2.94,-37.81708142971051,144.9880131142208,street_furniture_clean.csv
furniture-1079568,Seat - Metal Seat,street_furniture,Seat,,2.16,-37.81699779187085,144.96743370968892,street_furniture_clean.csv
furniture-1079599,Seat - Metal Seat,street_furniture,Seat,,1.0,-37.79829121680839,144.97155075474677,street_furniture_clean.csv
furniture-1079718,Seat - Metal Seat,street_furniture,Seat,,1.0,-37.81842149227935,144.96857860754338,street_furniture_clean.csv
furniture-1079723,Seat - Metal Seat,street_furniture,Seat,,3.02,-37.82449994546816,144.96055236054067,street_furniture_clean.csv
furniture-1079746,Seat - Metal Seat,street_furniture,Seat,,3.1,-37.81821392427253,144.96232909469404,street_furniture_clean.csv
furniture-1079786,Seat - Metal Seat,street_furniture,Seat,,2.83,-37.798296728636295,144.9459254249879,street_furniture_clean.csv
furniture-1079810,Seat - Metal Seat,street_furniture,Seat,,3.04,-37.80254543694761,144.94971747156,street_furniture_clean.csv
furniture-1079830,Seat - Metal Seat,street_furniture,Seat,,3.03,-37.83030598583764,144.9650444105443,street_furniture_clean.csv
furniture-1079897,Seat - Straight Seat - Wooden Battens,street_furniture,Seat,,2.13,-37.80873707949356,144.97202878977663,street_furniture_clean.csv
furniture-1079916,Seat - Straight Seat - Wooden Battens - Type 2,street_furniture,Seat,,1.0,-37.82021762684144,144.96068080865476,street_furniture_clean.csv
furniture-1079920,Seat - Straight Seat - Wooden Battens - Type 2,street_furniture,Seat,,1.0,-37.82033092239952,144.95968831292427,street_furniture_clean.csv
furniture-1748381,Seat - Straight Seat - Wooden Battens - Type 2 - St Andrews Place Reserve,street_furniture,Seat,,5.0,-37.812216979660654,144.97764076438386,street_furniture_clean.csv
furniture-1757695,Drinking Fountain - Stainless Steel Drinking Fountain - Leaf Type - Princes Park,street_furniture,Drinking Fountain,,4.0,-37.78516928275589,144.9629960270774,street_furniture_clean.csv
furniture-1757697,Drinking Fountain - Stainless Steel Drinking Fountain - Leaf Type - Princes Park,street_furniture,Drinking Fountain,,4.0,-37.78462350014393,144.96015661193692,street_furniture_clean.csv
furniture-1757711,Drinking Fountain - Leaf Type - With Bottle Refill Tap - Fawkner Park,street_furniture,Drinking Fountain,,4.0,-37.84249232047023,144.9843961780638,street_furniture_clean.csv
furniture-1764802,Drinking Fountain - Stainless Steel Drinking Fountain - Leaf Type - Wharfs Landing Park,street_furniture,Drinking Fountain,,5.0,-37.82210994675337,144.93666205920204,street_furniture_clean.csv
furniture-1764805,Barbeque - Docklands Barbeque - All Chromed - Wharfs Landing Park,street_furniture,Barbeque,,5.0,-37.82197015645569,144.93671241740378,street_furniture_clean.csv
furniture-1755046,Seat - Straight Seat - Wooden Battens - Type 2 - Gardiner Reserve,street_furniture,Seat,,5.0,-37.79943697807037,144.94365295405302,street_furniture_clean.csv
furniture-1755728,Picnic Setting - Urban Design Style - Mercantile Park West,street_furniture,Picnic Setting,,4.0,-37.79659989450444,144.92049194273972,street_furniture_clean.csv
furniture-1764814,Seat - Platform Style - Wharfs Landing Park,street_furniture,Seat,,5.0,-37.82183491261917,144.93646170676715,street_furniture_clean.csv
furniture-1766026,Seat - Stainless Steel Straight Seat,street_furniture,Seat,,4.73,-37.81553797555843,144.9638763697582,street_furniture_clean.csv
furniture-1769884,Seat - Unclassified - University Square,street_furniture,Seat,,5.0,-37.80120797912713,144.96084376614547,street_furniture_clean.csv
furniture-1769888,Seat - Timber Bench - University Square,street_furniture,Seat,,5.0,-37.80072332028435,144.96032307126694,street_furniture_clean.csv
furniture-1769896,Seat - Timber Bench - University Square,street_furniture,Seat,,5.0,-37.8007855065601,144.96039620578577,street_furniture_clean.csv
furniture-1769905,Seat - Timber Bench - University Square,street_furniture,Seat,,5.0,-37.80161580778925,144.95983183735368,street_furniture_clean.csv
furniture-1770359,Seat - Unclassified - Gardiner Reserve,street_furniture,Seat,,5.0,-37.79898723088706,144.9439797916164,street_furniture_clean.csv
furniture-1756564,Seat - Straight Seat - Wooden Battens - Type 2 - Kings Domain,street_furniture,Seat,,3.0,-37.82511058242832,144.97235454859464,street_furniture_clean.csv
furniture-1769904,Seat - Timber Bench - University Square,street_furniture,Seat,,5.0,-37.80133813972603,144.96061655731597,street_furniture_clean.csv
furniture-1771666,Seat - Alloy Frame and Narrow Wooden Slats - Birrarung Marr,street_furniture,Seat,,4.0,-37.81863682818689,144.97139854305524,street_furniture_clean.csv
furniture-1769867,Seat - Straight Seat - Wooden Battens - Type 2 - University Square,street_furniture,Seat,,5.0,-37.80149357005632,144.9605892261529,street_furniture_clean.csv
furniture-1771700,Drinking Fountain - Leaf Type - Dog Bowl  - Princes Park,street_furniture,Drinking Fountain,,4.0,-37.778630360271,144.96168045209797,street_furniture_clean.csv
furniture-1771709,Seat - Platform Style - Railway Place And Miller Street Reserve,street_furniture,Seat,,4.0,-37.80560125068081,144.9426140951068,street_furniture_clean.csv
furniture-1772402,Seat - Stainless Steel Seat - Fixed,street_furniture,Seat,,4.59,-37.81988011107258,144.95718589147552,street_furniture_clean.csv
furniture-1759443,Seat - Straight Seat - Wooden Battens - Type 2 - Princes Park,street_furniture,Seat,,4.0,-37.785329932110216,144.96290565821033,street_furniture_clean.csv
furniture-1775768,Seat - Metal Bench - Boyd Community Hub,street_furniture,Seat,,5.0,-37.82609937077751,144.96124044676068,street_furniture_clean.csv
furniture-1775803,Seat - Timber Bench - Boyd Community Hub,street_furniture,Seat,,5.0,-37.826038349717614,144.96189040084212,street_furniture_clean.csv
furniture-1775804,Seat - Timber Bench - Boyd Community Hub,street_furniture,Seat,,5.0,-37.82599598831777,144.96142677670397,street_furniture_clean.csv
furniture-1775805,Seat - Timber Bench - Boyd Community Hub,street_furniture,Seat,,5.0,-37.82599532127286,144.96188794912723,street_furniture_clean.csv
furniture-1778140,Barbeque - Urban Design Double Hotplate Spanning Two Units - Batman Park,street_furniture,Barbeque,,4.0,-37.8217761845749,144.9572380152308,street_furniture_clean.csv
furniture-1769892,Seat - Timber Bench - University Square,street_furniture,Seat,,5.0,-37.8007572888161,144.96038517034145,street_furniture_clean.csv
furniture-1769909,Seat - Timber Bench - University Square,street_furniture,Seat,,5.0,-37.80169400792244,144.9605537286956,street_furniture_clean.csv
furniture-1769912,Seat - Timber Bench - University Square,street_furniture,Seat,,5.0,-37.80105959408861,144.95992505493675,street_furniture_clean.csv
furniture-1786651,Seat - Unclassified - Lincoln Square,street_furniture,Seat,,5.0,-37.80185641728367,144.96240281623116,street_furniture_clean.csv
furniture-1798706,Seat - Unclassified - Hub@Docklands,street_furniture,Seat,,5.0,-37.82020221846591,144.948061110716,street_furniture_clean.csv
furniture-1798714,Seat - Unclassified - Hub@Docklands,street_furniture,Seat,,5.0,-37.81987551659856,144.9473306026355,street_furniture_clean.csv
furniture-1798734,Drinking Fountain - Leaf Type - With Bottle Refill Tap - Hub@Docklands,street_furniture,Drinking Fountain,,5.0,-37.82017775836843,144.9480020326732,street_furniture_clean.csv
furniture-1771615,Seat - Straight Seat - Wooden Battens - Type 2 - Jolimont Reserve,street_furniture,Seat,,3.0,-37.8163564563839,144.9801874711298,street_furniture_clean.csv
furniture-1771668,Seat - Alloy Frame and Narrow Wooden Slats - Birrarung Marr,street_furniture,Seat,,3.0,-37.81863275109885,144.97128743871724,street_furniture_clean.csv
furniture-1775777,Barbeque - Docklands Barbeque - All Chromed - Boyd Community Hub,street_furniture,Barbeque,,5.0,-37.82601058338085,144.9618637841363,street_furniture_clean.csv
furniture-1796723,Seat - Straight Seat - Wooden Battens - Type 2 - Fawkner Park,street_furniture,Seat,,5.0,-37.83840071107561,144.9835119210952,street_furniture_clean.csv
furniture-1431486,Picnic Setting - Urban Design Style,street_furniture,Picnic Setting,,4.0,-37.81980193182056,144.97478394793828,street_furniture_clean.csv
furniture-1479900,Seat - Stainless Steel Bench - Docklands,street_furniture,Seat,,3.44,-37.82025935900444,144.94291248827147,street_furniture_clean.csv
furniture-1479914,Information Pillar - Information Hub Pillar,street_furniture,Information Pillar,,3.41,-37.817321807890416,144.95320297340854,street_furniture_clean.csv
furniture-1486202,Drinking Fountain - Stainless Steel Drinking Fountain - Leaf Type,street_furniture,Drinking Fountain,,3.44,-37.82051269611414,144.94396083541395,street_furniture_clean.csv
furniture-1491384,Seat - Stainless Steel Bench - Docklands,street_furniture,Seat,,3.44,-37.81583484519529,144.94544516364866,street_furniture_clean.csv
furniture-1442993,Seat - Stainless Steel Straight Seat - Docklands,street_furniture,Seat,,3.44,-37.81887450227667,144.94377261671283,street_furniture_clean.csv
furniture-1494768,Seat - Metal frame Wooden Slats,street_furniture,Seat,,3.03,-37.80571684769932,144.95331752040158,street_furniture_clean.csv
furniture-1496033,Seat - Wooden Bench,street_furniture,Seat,,3.15,-37.81566089695395,144.94001280232555,street_furniture_clean.csv
furniture-1496157,Seat - Stainless Steel Straight Seat,street_furniture,Seat,,4.45,-37.81598949147993,144.9651551115971,street_furniture_clean.csv
furniture-1454625,Barbeque - Enterprize Park,street_furniture,Barbeque,,3.0,-37.82023906661578,144.95991043872718,street_furniture_clean.csv
furniture-1506149,Seat - Stainless Steel Straight Seat,street_furniture,Seat,,3.4,-37.81127431268379,144.96609663221207,street_furniture_clean.csv
furniture-1507386,Drinking Fountain - Stainless Steel Drinking Fountain - Leaf Type,street_furniture,Drinking Fountain,,3.42,-37.81319698844885,144.97374469190206,street_furniture_clean.csv
furniture-1510904,Seat - Stainless Steel Bench - Docklands - Victoria Green,street_furniture,Seat,,4.0,-37.82060305603936,144.9452807937227,street_furniture_clean.csv
furniture-1511454,Drinking Fountain - Stainless Steel Drinking Fountain - Leaf Type,street_furniture,Drinking Fountain,,3.41,-37.807115639803214,144.95593164435638,street_furniture_clean.csv
furniture-1511712,Seat - Straight Seat - Wooden Battens - Type 2 - JJ Holland Park,street_furniture,Seat,,3.0,-37.7981367379297,144.9240511461656,street_furniture_clean.csv
furniture-1477685,Seat - Metal Seat,street_furniture,Seat,,1.79,-37.82218771564792,144.9644634255435,street_furniture_clean.csv
furniture-1515789,Seat - Straight Seat - Wooden Battens - Type 2 - North Melbourne Community Centre (Open Space),street_furniture,Seat,,4.0,-37.79332122520888,144.93966639131523,street_furniture_clean.csv
furniture-1491153,Seat - Urban Design Park Style - Green Powder Coat - Royal Park,street_furniture,Seat,,3.0,-37.78747283484283,144.95466345850366,street_furniture_clean.csv
furniture-1529730,Seat - Stainless Steel Seat - Fixed,street_furniture,Seat,,4.44,-37.816117409016606,144.9669312196102,street_furniture_clean.csv
furniture-1529789,Seat - Metal Bench Around Tree Base,street_furniture,Seat,,3.16,-37.81322484653939,144.96538880482737,street_furniture_clean.csv
furniture-1529791,Seat - Metal Bench Around Tree Base,street_furniture,Seat,,4.16,-37.81300952091156,144.96528771192035,street_furniture_clean.csv
furniture-1529820,Seat - Metal Bench Around Tree Base,street_furniture,Seat,,3.16,-37.80777624927751,144.96309561664867,street_furniture_clean.csv
furniture-1529832,Seat - Metal Bench Around Tree Base,street_furniture,Seat,,3.16,-37.80815157496812,144.96327192344333,street_furniture_clean.csv
furniture-1578251,Seat - Stainless Steel Curved - Narrow Stainless Slats,street_furniture,Seat,,3.44,-37.82196418690017,144.93737979229832,street_furniture_clean.csv
furniture-1566837,Seat - Metal Seat - Warun Biik Park,street_furniture,Seat,,4.0,-37.79581605083537,144.92514104622842,street_furniture_clean.csv
furniture-1566847,Seat - Metal Seat - Kensington Banks Type - Warun Biik Park,street_furniture,Seat,,3.0,-37.79627502906172,144.9259499708464,street_furniture_clean.csv
furniture-1569774,Seat - Straight Seat - Wooden Battens - Type 2 - Birrarung Marr,street_furniture,Seat,,3.0,-37.818415649362485,144.9745009153302,street_furniture_clean.csv
furniture-1589297,Seat - Stainless Steel Straight Seat - Docklands,street_furniture,Seat,,3.44,-37.81568791296743,144.94016108993398,street_furniture_clean.csv
furniture-1568583,Seat - Straight Seat - Wooden Battens - Type 2 - Howard and William Street Reserve,street_furniture,Seat,,4.0,-37.80622260633282,144.95348971763747,street_furniture_clean.csv
furniture-1589363,Drinking Fountain - Stainless Steel Drinking Fountain - Leaf Type - Bottle Refill Tap,street_furniture,Drinking Fountain,,4.0,-37.81437973339851,144.97601583515225,street_furniture_clean.csv
furniture-1589845,Seat - Wooden Slats set in Stonework,street_furniture,Seat,,3.16,-37.81843978969715,144.944403009901,street_furniture_clean.csv
furniture-1589848,Seat - Wooden Slats set in Stonework,street_furniture,Seat,,3.16,-37.818373673492246,144.9445699060024,street_furniture_clean.csv
furniture-1589854,Seat - Wooden Slats set in Stonework,street_furniture,Seat,,3.16,-37.818135138994,144.94520530105848,street_furniture_clean.csv
furniture-1589914,Drinking Fountain - Stainless Steel Drinking Fountain - Leaf Type - Bottle Refill Tap,street_furniture,Drinking Fountain,,4.0,-37.78297956185507,144.9418702885437,street_furniture_clean.csv
furniture-1589925,Drinking Fountain - Stainless Steel Drinking Fountain - Leaf Type - Bottle Refill Tap,street_furniture,Drinking Fountain,,3.41,-37.80049198107528,144.96374391208968,street_furniture_clean.csv
furniture-1596513,Picnic Setting - Urban Design Style - Flagstaff Gardens,street_furniture,Picnic Setting,,3.0,-37.8096172987597,144.95501790459758,street_furniture_clean.csv
furniture-1598976,Seat - Straight Seat - Wooden Battens - Type 2 - Alexandra Gardens,street_furniture,Seat,,3.0,-37.82054461501622,144.9727692052933,street_furniture_clean.csv
furniture-1600545,Seat - Straight Seat - Wooden Battens - Type 2 - Neill Street Reserve,street_furniture,Seat,,3.0,-37.79514741189325,144.96982776495258,street_furniture_clean.csv
furniture-1600550,Seat - Straight Seat - Wooden Battens - Type 2 - Neill Street Reserve,street_furniture,Seat,,3.0,-37.7957157055105,144.9686211224917,street_furniture_clean.csv
furniture-1600552,Drinking Fountain - Leaf Type - Dog Bowl  - Neill Street Reserve,street_furniture,Drinking Fountain,,4.0,-37.79583501177402,144.96807205336754,street_furniture_clean.csv
furniture-1589214,Seat - Straight Seat - Wooden Battens - Type 2 - Royal Park,street_furniture,Seat,,3.0,-37.79502952555791,144.95113032516488,street_furniture_clean.csv
furniture-1589216,Seat - Straight Seat - Wooden Battens - Type 2 - Royal Park,street_furniture,Seat,,3.0,-37.79528441498394,144.95064040273323,street_furniture_clean.csv
furniture-1610562,Seat - Stainless Steel Bench - Docklands,street_furniture,Seat,,3.44,-37.82084240850234,144.94172083427014,street_furniture_clean.csv
furniture-1631438,Drinking Fountain - Stainless Steel Drinking Fountain - Leaf Type - Bottle Refill Tap,street_furniture,Drinking Fountain,,3.24,-37.81232314728076,144.98893301349375,street_furniture_clean.csv
furniture-1611048,Seat - Metal Seat,street_furniture,Seat,,3.16,-37.80754581353693,144.9582612092168,street_furniture_clean.csv
furniture-1115214,Drinking Fountain - Treated Timber Drinking Fountain - Batman Park,street_furniture,Drinking Fountain,,4.0,-37.82220232720067,144.956603131736,street_furniture_clean.csv
furniture-1115230,Drinking Fountain - Stainless Steel Drinking Fountain - Leaf Type - Alexandra Gardens,street_furniture,Drinking Fountain,,3.0,-37.82072500491043,144.97068041637496,street_furniture_clean.csv
furniture-1313314,Seat - Stainless Steel Seat - 3m & LED lights,street_furniture,Seat,,1.67,-37.82320529240344,144.9529640860591,street_furniture_clean.csv
furniture-1313374,Seat - Timber Seat with Aluminium Legs - Docklands,street_furniture,Seat,,3.16,-37.824215243070135,144.9474621177648,street_furniture_clean.csv
furniture-1313442,Seat - Timber Bench with Aluminium Legs - Docklands,street_furniture,Seat,,3.16,-37.824383362444976,144.9456720786685,street_furniture_clean.csv
furniture-1313490,Seat - Timber Seat with Aluminium Legs - Docklands,street_furniture,Seat,,3.16,-37.823815283785216,144.9433039729547,street_furniture_clean.csv
furniture-1120114,Seat - Metal Bench - William Street (MELBOURNE),street_furniture,Seat,,3.0,-37.80791267533733,144.95484378462703,street_furniture_clean.csv
furniture-1120117,Seat - Metal Bench - North Melbourne Recreation Reserve,street_furniture,Seat,,3.0,-37.7999406004392,144.94318083529117,street_furniture_clean.csv
furniture-1120134,Seat - Older Style Park Seat - Metal - Murchison Square,street_furniture,Seat,,4.0,-37.80024877144113,144.97293322295138,street_furniture_clean.csv
furniture-1120146,Seat - Concrete Bench Seat,street_furniture,Seat,,3.0,-37.800629772534734,144.96073382895597,street_furniture_clean.csv
furniture-1120150,Seat - Concrete Bench Seat,street_furniture,Seat,,3.0,-37.80062097713424,144.9601271326529,street_furniture_clean.csv
furniture-1120156,Seat - Concrete Bench Seat,street_furniture,Seat,,3.0,-37.80054668082338,144.96023411879713,street_furniture_clean.csv
furniture-1120092,Seat - Basic Style,street_furniture,Seat,,4.0,-37.826821867161705,144.97335670532755,street_furniture_clean.csv
furniture-1119219,Seat - Straight Seat - Wooden Battens - Type 2 - Princes Park,street_furniture,Seat,,3.0,-37.78208134571686,144.96275380051128,street_furniture_clean.csv
furniture-1119275,Seat - Straight Seat - Wooden Battens - Type 2 - Fawkner Park,street_furniture,Seat,,3.0,-37.84501622600203,144.9817707320871,street_furniture_clean.csv
furniture-1119284,Seat - Straight Seat - Wooden Battens - Type 2 - Kings Domain,street_furniture,Seat,,4.0,-37.82997271819848,144.97456006734052,street_furniture_clean.csv
furniture-1119309,Seat - Straight Seat - Wooden Battens - Type 2 - Gordon Reserve,street_furniture,Seat,,3.0,-37.812322017507405,144.9739741021183,street_furniture_clean.csv
furniture-1119312,Seat - Straight Seat - Wooden Battens - Type 2 - Fitzroy Gardens,street_furniture,Seat,,4.0,-37.81577984245912,144.98110469674322,street_furniture_clean.csv
furniture-1119313,Seat - Straight Seat - Wooden Battens - Type 2 - Fitzroy Gardens,street_furniture,Seat,,3.0,-37.81479665365534,144.98210863440784,street_furniture_clean.csv
furniture-1119350,Seat - Straight Seat - Wooden Battens - Type 2 - Fawkner Park,street_furniture,Seat,,3.0,-37.84249021198539,144.98197971394572,street_furniture_clean.csv
furniture-1119495,Seat - Straight Seat - Wooden Battens - Type 2 - Fitzroy Gardens,street_furniture,Seat,,3.0,-37.81584886020118,144.98171374373723,street_furniture_clean.csv
furniture-1119505,Seat - Straight Seat - Wooden Battens - Type 2 - Treasury Gardens,street_furniture,Seat,,3.0,-37.81463285328488,144.97703196343772,street_furniture_clean.csv
furniture-1119515,Seat - Straight Seat - Wooden Battens - Type 2 - Powlett Reserve,street_furniture,Seat,,4.0,-37.81185987509388,144.9879057678218,street_furniture_clean.csv
furniture-1118712,Picnic Setting - Urban Design Style,street_furniture,Picnic Setting,,3.0,-37.782924694898895,144.94344465431524,street_furniture_clean.csv
furniture-1119638,Seat - Straight Seat - Wooden Battens - Type 2 - Flagstaff Gardens,street_furniture,Seat,,4.0,-37.81055190261419,144.9539697039757,street_furniture_clean.csv
furniture-1119640,Seat - Straight Seat - Wooden Battens - Type 2 - Flagstaff Gardens,street_furniture,Seat,,4.0,-37.81144932735557,144.95501960689816,street_furniture_clean.csv
furniture-1119656,Seat - Straight Seat - Wooden Battens - Type 2 - Carlton Gardens North,street_furniture,Seat,,3.0,-37.8014197900178,144.97352121406297,street_furniture_clean.csv
furniture-1119657,Seat - Straight Seat - Wooden Battens - Type 2 - Carlton Gardens North,street_furniture,Seat,,3.0,-37.802186965103424,144.9712079325919,street_furniture_clean.csv
furniture-1119658,Seat - Straight Seat - Wooden Battens - Type 2 - Carlton Gardens North,street_furniture,Seat,,4.0,-37.802037048632414,144.97137762899848,street_furniture_clean.csv
furniture-1119659,Seat - Straight Seat - Wooden Battens - Type 2 - Carlton Gardens South,street_furniture,Seat,,3.0,-37.8055493090741,144.97335642468298,street_furniture_clean.csv
furniture-1119667,Seat - Straight Seat - Wooden Battens - Type 2 - Carlton Gardens South,street_furniture,Seat,,4.0,-37.807174036159495,144.9703944852529,street_furniture_clean.csv
furniture-1119670,Seat - Straight Seat - Wooden Battens - Type 2 - Fitzroy Gardens,street_furniture,Seat,,4.0,-37.81331052565631,144.9811100594116,street_furniture_clean.csv
furniture-1119707,Seat - Straight Seat - Wooden Battens - Type 2 - Powlett Reserve,street_furniture,Seat,,4.0,-37.81140894670421,144.98626753573893,street_furniture_clean.csv
furniture-1119728,Seat - Straight Seat - Wooden Battens - Type 2 - Treasury Gardens,street_furniture,Seat,,4.0,-37.81459497526222,144.97482844998305,street_furniture_clean.csv
furniture-1119731,Seat - Straight Seat - Wooden Battens - Type 2 - Carlton Gardens South,street_furniture,Seat,,3.0,-37.80551085897218,144.9732429857237,street_furniture_clean.csv
furniture-1119740,Seat - Straight Seat - Wooden Battens - Type 2 - Fitzroy Gardens,street_furniture,Seat,,3.0,-37.81531558986923,144.98011883022414,street_furniture_clean.csv
furniture-1507116,Seat - Metal Bench Around Tree Base,street_furniture,Seat,,3.16,-37.80994223688443,144.96387778054788,street_furniture_clean.csv
furniture-1507122,Seat - Metal Bench Around Tree Base,street_furniture,Seat,,3.16,-37.80990686572119,144.96407844007734,street_furniture_clean.csv
furniture-1507869,Drinking Fountain - Stainless Steel Drinking Fountain - Leaf Type,street_furniture,Drinking Fountain,,3.45,-37.81678974689995,144.9693369693412,street_furniture_clean.csv
furniture-1510287,Drinking Fountain - Stainless Steel Drinking Fountain - Leaf Type,street_furniture,Drinking Fountain,,3.25,-37.815185695578855,144.95257756009232,street_furniture_clean.csv
furniture-1510291,Drinking Fountain - Stainless Steel Drinking Fountain - Leaf Type,street_furniture,Drinking Fountain,,3.42,-37.81506309138495,144.96899203807533,street_furniture_clean.csv
furniture-1510332,Seat - Stainless Steel Straight Seat,street_furniture,Seat,,4.45,-37.81710776040804,144.96470669889322,street_furniture_clean.csv
furniture-1510333,Seat - Stainless Steel Straight Seat,street_furniture,Seat,,3.45,-37.81702875102703,144.96495833250904,street_furniture_clean.csv
furniture-1511694,Seat - Straight Seat - Wooden Battens - Type 2 - JJ Holland Park,street_furniture,Seat,,4.0,-37.79714039246981,144.9232379574586,street_furniture_clean.csv
furniture-1515395,Picnic Setting - Urban Design Style - Fawkner Park,street_furniture,Picnic Setting,,3.0,-37.83919264989558,144.98056179393186,street_furniture_clean.csv
furniture-1517563,Seat - Straight Seat - Wooden Battens - Type 2 - State Library of Victoria,street_furniture,Seat,,3.0,-37.810091367737634,144.96438778462436,street_furniture_clean.csv
furniture-1489874,Seat - Metal Seat,street_furniture,Seat,,2.99,-37.8253736488069,144.96910315915207,street_furniture_clean.csv
furniture-1490898,Seat - Urban Design Park Style - Green Powder Coat - Kings Domain,street_furniture,Seat,,3.0,-37.82385511428023,144.9724411725169,street_furniture_clean.csv
furniture-1491157,Seat - Urban Design Park Style - Green Powder Coat - Royal Park,street_furniture,Seat,,4.0,-37.778622943858856,144.9559794707246,street_furniture_clean.csv
furniture-1491172,Barbeque - Urban Design Double Hotplate - Royal Park,street_furniture,Barbeque,,4.0,-37.785452334972696,144.94618801740162,street_furniture_clean.csv
furniture-1529758,Seat - Metal Bench,street_furniture,Seat,,3.16,-37.812621079578925,144.96532223099643,street_furniture_clean.csv
furniture-1743847,Seat - Stainless Steel Bench - Docklands,street_furniture,Seat,,3.44,-37.82413704723196,144.943590310956,street_furniture_clean.csv
furniture-1749942,Picnic Setting - Urban Design Style - Clayton Reserve,street_furniture,Picnic Setting,,4.0,-37.79684558175762,144.93873147721223,street_furniture_clean.csv
furniture-1751218,Seat - Straight Seat - Wooden Battens - Type 2 - Railway Place And Miller Street Reserve,street_furniture,Seat,,4.0,-37.8060490995556,144.94167358866795,street_furniture_clean.csv
furniture-1750910,Seat - Flat Bench Seat - L Shaped,street_furniture,Seat,,3.09,-37.80442575972633,144.96295472785434,street_furniture_clean.csv
furniture-1751450,Drinking Fountain - Stainless Steel Drinking Fountain - Leaf Type - Parkville Gardens,street_furniture,Drinking Fountain,,4.0,-37.77955332201866,144.93984653851456,street_furniture_clean.csv
furniture-1752694,Seat - Stainless Steel Straight Seat - Docklands - Point Park,street_furniture,Seat,,5.0,-37.82333137737501,144.94195410792548,street_furniture_clean.csv
furniture-1750907,Seat - Straight Seat - Wooden Battens - Type 2 - Royal Park,street_furniture,Seat,,4.0,-37.78648346882166,144.95452551986347,street_furniture_clean.csv
furniture-1759477,Seat - Unclassified - Riverside Quay (SOUTHBANK),street_furniture,Seat,,4.0,-37.82119885009226,144.96402004096538,street_furniture_clean.csv
furniture-1759478,Seat - Unclassified - Riverside Quay (SOUTHBANK),street_furniture,Seat,,4.0,-37.82114431485976,144.96372218960846,street_furniture_clean.csv
furniture-1759479,Seat - Unclassified - Riverside Quay (SOUTHBANK),street_furniture,Seat,,4.0,-37.82131514758399,144.96404354234008,street_furniture_clean.csv
furniture-1771611,Seat - Metal Seat - Kensington Banks Type - Mercantile Park West,street_furniture,Seat,,4.0,-37.796994290356935,144.92082101695436,street_furniture_clean.csv
furniture-1771655,Seat - Straight Seat - Wooden Battens - Type 2 - Royal Park,street_furniture,Seat,,5.0,-37.79166622046467,144.94784233716464,street_furniture_clean.csv
furniture-1775778,Seat - Unclassified - Boyd Community Hub,street_furniture,Seat,,5.0,-37.8259175362948,144.96088268635063,street_furniture_clean.csv
furniture-1759484,Picnic Setting - unspecified - Riverside Quay (SOUTHBANK),street_furniture,Picnic Setting,,4.0,-37.82107564681055,144.96405057830592,street_furniture_clean.csv
furniture-1775786,Seat - Unclassified - Boyd Community Hub,street_furniture,Seat,,5.0,-37.82571611757987,144.9606273771142,street_furniture_clean.csv
furniture-1775793,Picnic Setting - unspecified - Boyd Community Hub,street_furniture,Picnic Setting,,5.0,-37.82603348534172,144.9618853084932,street_furniture_clean.csv
furniture-1775800,Seat - Timber Bench - Boyd Community Hub,street_furniture,Seat,,5.0,-37.825377958271226,144.9611506665208,street_furniture_clean.csv
furniture-1769911,Seat - Timber Bench - University Square,street_furniture,Seat,,5.0,-37.80151485094227,144.96058477921645,street_furniture_clean.csv
furniture-1798733,Seat - Unclassified - Hub@Docklands,street_furniture,Seat,,5.0,-37.820312186797416,144.9476334142599,street_furniture_clean.csv
furniture-1770354,Seat - Straight Seat - Wooden Battens - Type 2 - Gardiner Reserve,street_furniture,Seat,,5.0,-37.7996028889441,144.94406095942773,street_furniture_clean.csv
furniture-1771630,Seat - Straight Seat - Wooden Battens - Type 2 - Royal Australasian College Of Surgeons,street_furniture,Seat,,4.0,-37.808819548643214,144.97227540153924,street_furniture_clean.csv
furniture-1771631,Seat - Straight Seat - Wooden Battens - Type 2 - North Melbourne Community Centre (Open Space),street_furniture,Seat,,3.0,-37.79297494606193,144.94005519387056,street_furniture_clean.csv
furniture-1771636,Seat - Straight Seat - Wooden Battens - Type 2 - North Melbourne Community Centre (Open Space),street_furniture,Seat,,3.0,-37.79236021279214,144.93983129257057,street_furniture_clean.csv
furniture-1775776,Seat - Straight Seat - Wooden Battens - Type 2 - Boyd Community Hub,street_furniture,Seat,,5.0,-37.82617226424324,144.9615624647705,street_furniture_clean.csv
furniture-1775795,Picnic Setting - unspecified - Boyd Community Hub,street_furniture,Picnic Setting,,5.0,-37.82599283295771,144.96189517519315,street_furniture_clean.csv
furniture-1796722,Seat - Straight Seat - Wooden Battens - Type 2 - Fawkner Park,street_furniture,Seat,,5.0,-37.838372294074205,144.9825476174639,street_furniture_clean.csv
furniture-1796726,Seat - Straight Seat - Wooden Battens - Type 2 - Fawkner Park,street_furniture,Seat,,5.0,-37.839255681563,144.98415009664194,street_furniture_clean.csv
furniture-1804405,Drinking Fountain - Leaf Type - With Bottle Refill Tap - JJ Holland Park,street_furniture,Drinking Fountain,,5.0,-37.79786751874929,144.92606408339236,street_furniture_clean.csv
furniture-1799225,Drinking Fountain - Leaf Type - Dog Bowl  - Canning & Palmerston St Reserve,street_furniture,Drinking Fountain,,5.0,-37.796396827991096,144.97292609129818,street_furniture_clean.csv
furniture-1530813,Information Pillar - Information Hub Pillar,street_furniture,Information Pillar,,2.44,-37.81536422205336,144.96635811497285,street_furniture_clean.csv
furniture-1548091,Seat - Stainless Steel Seat - Fixed,street_furniture,Seat,,3.3,-37.82140154707113,144.9450978969664,street_furniture_clean.csv
furniture-1551583,Seat - Urban Design Park Style - Green Powder Coat -Warun Biik Park,street_furniture,Seat,,3.0,-37.7963480227104,144.92650258852976,street_furniture_clean.csv
furniture-1553753,Seat - Wooden Bench,street_furniture,Seat,,2.11,-37.82403867664039,144.95076123106205,street_furniture_clean.csv
furniture-1643715,Seat - Straight Seat - Wooden Battens - Type 2 - Queen Victoria Gardens,street_furniture,Seat,,4.0,-37.82149558604932,144.96966548458616,street_furniture_clean.csv
furniture-1645343,Seat - Straight Seat - Wooden Battens - Type 2 - Docklands Park,street_furniture,Seat,,4.0,-37.8194786708929,144.9461076471317,street_furniture_clean.csv
furniture-1648357,Seat - Stainless Steel Seat - Fixed,street_furniture,Seat,,3.44,-37.81424654048936,144.93971599362945,street_furniture_clean.csv
furniture-1658822,Seat - Older Style Park Seat - Timber Slats,street_furniture,Seat,,3.84,-37.82803316991604,144.9847036987139,street_furniture_clean.csv
furniture-1637508,Seat - Stainless Steel Seat - Fixed,street_furniture,Seat,,3.3,-37.82089411224271,144.95071915610671,street_furniture_clean.csv
furniture-1662092,Seat - Folding Seat,street_furniture,Seat,,3.2,-37.81235020560951,144.9713663956543,street_furniture_clean.csv
furniture-1662093,Seat - Folding Seat,street_furniture,Seat,,3.2,-37.812366471871336,144.97137424261817,street_furniture_clean.csv
furniture-1672280,Seat - Stainless Steel Straight Seat - Docklands,street_furniture,Seat,,3.3,-37.81881569116414,144.94910692745867,street_furniture_clean.csv
furniture-1656024,Seat - Metal Bench,street_furniture,Seat,,3.8,-37.794217077307344,144.9308354480929,street_furniture_clean.csv
furniture-1674610,Seat - Stainless Steel Straight Seat,street_furniture,Seat,,3.25,-37.8107328495522,144.95717167247733,street_furniture_clean.csv
furniture-1360419,Seat - Straight Seat - Wooden Battens - Type 2 - Royal Park,street_furniture,Seat,,3.0,-37.77784591030512,144.9508375876027,street_furniture_clean.csv
furniture-1360470,Picnic Setting - Urban Design Style,street_furniture,Picnic Setting,,4.0,-37.77944219128613,144.93988686551876,street_furniture_clean.csv
furniture-1119565,Seat - Straight Seat - Wooden Battens - Type 2 - Fawkner Park,street_furniture,Seat,,3.0,-37.83906608123981,144.9785901888093,street_furniture_clean.csv
furniture-1119566,Seat - Straight Seat - Wooden Battens - Type 2 - Fawkner Park,street_furniture,Seat,,3.0,-37.83912973083831,144.9785077715096,street_furniture_clean.csv
furniture-1360537,Drinking Fountain - Drinking Fountain - Type 2 - Birrarung Marr,street_furniture,Drinking Fountain,,3.0,-37.818466012455424,144.97388211503446,street_furniture_clean.csv
furniture-1361010,Seat - Metal Bench,street_furniture,Seat,,2.82,-37.791967747234615,144.92972274555183,street_furniture_clean.csv
furniture-1120007,Seat - Straight Seat - Wooden Battens - Type 2 - Royal Park,street_furniture,Seat,,3.0,-37.79161017773107,144.95654995036193,street_furniture_clean.csv
furniture-1361032,Seat - Metal Bench,street_furniture,Seat,,2.83,-37.79193913582567,144.92783969918557,street_furniture_clean.csv
furniture-1119683,Seat - Straight Seat - Wooden Battens - Type 2 - Birrarung Marr,street_furniture,Seat,,3.0,-37.81867616793415,144.97110846336895,street_furniture_clean.csv
furniture-1119806,Seat - Straight Seat - Wooden Battens - Type 2 - Carlton Gardens South,street_furniture,Seat,,4.0,-37.80596425541177,144.9700053104404,street_furniture_clean.csv
furniture-1290862,Seat - Unclassified - Docklands Park,street_furniture,Seat,,4.0,-37.82013380154784,144.94641121102157,street_furniture_clean.csv
furniture-1119884,Seat - Metal Seat - Royal Park,street_furniture,Seat,,3.0,-37.78581846118497,144.95317522695703,street_furniture_clean.csv
furniture-1120149,Seat - Concrete Bench Seat,street_furniture,Seat,,3.0,-37.80055091338128,144.96000503786547,street_furniture_clean.csv
furniture-1361427,Seat - Metal Bench,street_furniture,Seat,,1.25,-37.79002938015231,144.92404347555495,street_furniture_clean.csv
furniture-1120247,Seat - Metal Seat - Errol Street (NORTH MELBOURNE),street_furniture,Seat,,3.0,-37.80238895240012,144.94972032266165,street_furniture_clean.csv
furniture-1362238,Drinking Fountain - Stainless Steel Drinking Fountain - Leaf Type,street_furniture,Drinking Fountain,,3.45,-37.81790669081536,144.96632571147111,street_furniture_clean.csv
furniture-1313163,Seat - Stainless Steel Straight Seat,street_furniture,Seat,,3.44,-37.82095446557026,144.96169785405067,street_furniture_clean.csv
furniture-1313364,Seat - Stainless Steel Straight Seat,street_furniture,Seat,,3.43,-37.813518957633015,144.94184553374924,street_furniture_clean.csv
furniture-1313401,Drinking Fountain - Stainless Steel Drinking Fountain - Leaf Type,street_furniture,Drinking Fountain,,3.44,-37.81839331290141,144.94467796351668,street_furniture_clean.csv
furniture-1749207,Seat - Stainless Steel Seat - Fixed,street_furniture,Seat,,3.44,-37.8216625159487,144.93637414723227,street_furniture_clean.csv
furniture-1749209,Seat - Stainless Steel Seat - Fixed,street_furniture,Seat,,4.44,-37.82152119258668,144.93577154446214,street_furniture_clean.csv
furniture-1751038,Drinking Fountain - Stainless Steel Drinking Fountain - Leaf Type - North Melbourne Recreation Reserve,street_furniture,Drinking Fountain,,4.0,-37.79922710932603,144.94028139112405,street_furniture_clean.csv
furniture-1749936,Drinking Fountain - Leaf Type - With Bottle Refill Tap - Queen Victoria Gardens,street_furniture,Drinking Fountain,,4.87,-37.82249308106257,144.97114401537564,street_furniture_clean.csv
furniture-1078834,Seat - Metal Bench,street_furniture,Seat,,2.92,-37.795701326662446,144.9712530768125,street_furniture_clean.csv
furniture-1078942,Seat - Metal Semi-circular Seats,street_furniture,Seat,,3.17,-37.800964796805125,144.96701243126194,street_furniture_clean.csv
furniture-1078966,Seat - Semi-circular Seats - Wooden Battens,street_furniture,Seat,,2.01,-37.80731683838869,144.95875581389882,street_furniture_clean.csv
furniture-1079003,Seat - Metal Bench,street_furniture,Seat,,3.09,-37.799585405475646,144.9383701322602,street_furniture_clean.csv
furniture-1079007,Seat - Metal Bench,street_furniture,Seat,,1.15,-37.80730439416373,144.96787866121429,street_furniture_clean.csv
furniture-1079059,Seat - Metal Bench,street_furniture,Seat,,2.89,-37.79583873631228,144.97092235928093,street_furniture_clean.csv
furniture-1079076,Seat - Metal Bench,street_furniture,Seat,,3.12,-37.80848781494212,144.96038816688568,street_furniture_clean.csv
furniture-1079182,Seat - Metal Seat,street_furniture,Seat,,2.93,-37.80040964555842,144.96470496091158,street_furniture_clean.csv
furniture-1079199,Seat - Metal Seat,street_furniture,Seat,,3.17,-37.79618526940784,144.92426704340986,street_furniture_clean.csv
furniture-1079202,Seat - Metal Seat,street_furniture,Seat,,2.87,-37.79129205043429,144.92229782434703,street_furniture_clean.csv
furniture-1079229,Seat - Metal Seat,street_furniture,Seat,,3.0,-37.8290529839649,144.97102239732982,street_furniture_clean.csv
furniture-1079239,Seat - Metal Seat,street_furniture,Seat,,2.99,-37.82879602109063,144.96701341075217,street_furniture_clean.csv
furniture-1079242,Seat - Metal Seat,street_furniture,Seat,,2.63,-37.82462006589188,144.9655733705458,street_furniture_clean.csv
furniture-1079256,Seat - Metal Seat,street_furniture,Seat,,3.05,-37.81620656427979,144.98535674753404,street_furniture_clean.csv
furniture-1079261,Seat - Metal Seat,street_furniture,Seat,,2.93,-37.816917152118656,144.98948550447378,street_furniture_clean.csv
furniture-1079360,Seat - Metal Seat,street_furniture,Seat,,3.09,-37.81267142632501,144.95360960267894,street_furniture_clean.csv
furniture-1461940,Seat - Stainless Steel Bench - Docklands,street_furniture,Seat,,3.44,-37.81490833940933,144.9411985291403,street_furniture_clean.csv
furniture-1442903,Seat - Metal Seat,street_furniture,Seat,,3.05,-37.834258520249705,144.9829895507229,street_furniture_clean.csv
furniture-1431555,Barbeque - Urban Design Single Hotplate,street_furniture,Barbeque,,3.0,-37.829974008514085,144.96515999273245,street_furniture_clean.csv
furniture-1362334,Seat - Metal Seat,street_furniture,Seat,,3.09,-37.815794455938736,144.97270831943055,street_furniture_clean.csv
furniture-1479870,Drinking Fountain - Stainless Steel Drinking Fountain - Leaf Type,street_furniture,Drinking Fountain,,3.44,-37.81893926347821,144.9434869291295,street_furniture_clean.csv
furniture-1490268,Information Pillar - Information Hub Pillar,street_furniture,Information Pillar,,3.33,-37.77833352153473,144.96030671550287,street_furniture_clean.csv
furniture-1491164,Seat - Urban Design Park Style - Green Powder Coat - Royal Park,street_furniture,Seat,,4.0,-37.77954985815504,144.9566472203648,street_furniture_clean.csv
furniture-1491171,Seat - Urban Design Park Style - Green Powder Coat - Royal Park,street_furniture,Seat,,3.0,-37.77793672138212,144.95496857572755,street_furniture_clean.csv
furniture-1491186,Picnic Setting - Urban Design Style - Royal Park,street_furniture,Picnic Setting,,4.0,-37.78299752388028,144.9442300801553,street_furniture_clean.csv
furniture-1503109,Seat - Stainless Steel Straight Seat,street_furniture,Seat,,3.43,-37.81313043836767,144.9424320112585,street_furniture_clean.csv
furniture-1462431,Seat - Stainless Steel Straight Seat - Docklands,street_furniture,Seat,,3.44,-37.81892205972596,144.94270332880137,street_furniture_clean.csv
furniture-1510924,Seat - Timber and Concrete Bench Type 1 - Docklands - Docklands Community Gardens,street_furniture,Seat,,3.0,-37.82070350953203,144.94537218579734,street_furniture_clean.csv
furniture-1511733,Barbeque - Unknown model - JJ Holland Park,street_furniture,Barbeque,,4.0,-37.79744246261081,144.9233706625667,street_furniture_clean.csv
furniture-1515813,Seat - Stainless Steel Straight Seat,street_furniture,Seat,,3.44,-37.814858029606846,144.96642062533437,street_furniture_clean.csv
furniture-1529825,Seat - Metal Bench Around Tree Base,street_furniture,Seat,,3.16,-37.80802493057612,144.96321293149248,street_furniture_clean.csv
furniture-1529854,Seat - Stainless Steel Seat - Fixed,street_furniture,Seat,,4.44,-37.80930544289426,144.96380872046825,street_furniture_clean.csv
furniture-1529855,Seat - Stainless Steel Seat - Fixed,street_furniture,Seat,,3.44,-37.80932411807366,144.9638151362474,street_furniture_clean.csv
furniture-1514832,Seat - Metal Bench,street_furniture,Seat,,4.16,-37.81183520984631,144.96495986849246,street_furniture_clean.csv
furniture-1530533,Seat - Straight Seat - Wooden Battens - Type 2 - St Augustine's (MELBOURNE),street_furniture,Seat,,4.0,-37.81689951751928,144.954680969263,street_furniture_clean.csv
furniture-1507870,Seat - Stainless Steel Straight Seat,street_furniture,Seat,,1.45,-37.816426403345616,144.96530760386298,street_furniture_clean.csv
furniture-1511711,Seat - Straight Seat - Wooden Battens - Type 2 - JJ Holland Park,street_furniture,Seat,,3.0,-37.79814387800103,144.92432328549782,street_furniture_clean.csv
furniture-1533148,Seat - Straight Seat - Wooden Battens - Type 2 - Princes Park,street_furniture,Seat,,3.0,-37.77855548070695,144.96120711719868,street_furniture_clean.csv
furniture-1534042,Seat - Stainless Steel Straight Seat,street_furniture,Seat,,2.44,-37.810670764938905,144.9613891319325,street_furniture_clean.csv
furniture-1534050,Information Pillar - Information Hub Pillar,street_furniture,Information Pillar,,3.45,-37.81578161414477,144.96520864428948,street_furniture_clean.csv
furniture-1529779,Seat - Metal Bench Around Tree Base,street_furniture,Seat,,3.16,-37.813206888735856,144.96558558683444,street_furniture_clean.csv
furniture-1515833,Seat - Stainless Steel Straight Seat,street_furniture,Seat,,4.44,-37.81094096823865,144.96432878300934,street_furniture_clean.csv
furniture-1516264,Seat - Unclassified - Boyd Community Hub,street_furniture,Seat,,5.0,-37.82561152264197,144.96082169313274,street_furniture_clean.csv
furniture-1547883,Drinking Fountain - Stainless Steel Drinking Fountain - Leaf Type,street_furniture,Drinking Fountain,,3.44,-37.81841607031649,144.94658139539987,street_furniture_clean.csv
furniture-1118728,Picnic Setting - Urban Design Style,street_furniture,Picnic Setting,,3.0,-37.83383409713718,144.9818607688869,street_furniture_clean.csv
furniture-1119061,Seat - Straight Seat - Wooden Battens - Type 2 - Royal Park,street_furniture,Seat,,3.0,-37.78543080512326,144.95431813365408,street_furniture_clean.csv
furniture-1119087,Seat - Straight Seat - Wooden Battens - Type 2 - Royal Park,street_furniture,Seat,,2.0,-37.7844590798266,144.9545732761281,street_furniture_clean.csv
furniture-1119098,Seat - Straight Seat - Wooden Battens - Type 2 - Bayswater Road Park,street_furniture,Seat,,4.0,-37.79370229322023,144.92371637858764,street_furniture_clean.csv
furniture-1119110,Seat - Straight Seat - Wooden Battens - Type 2 - Lincoln Square,street_furniture,Seat,,3.0,-37.802968190670654,144.96252729339182,street_furniture_clean.csv
furniture-1119121,Seat - Straight Seat - Wooden Battens - Type 2 - Bayswater Road Park,street_furniture,Seat,,4.0,-37.79377450749757,144.9237436559364,street_furniture_clean.csv
furniture-1119131,Seat - Straight Seat - Wooden Battens - Type 2 - JJ Holland Park,street_furniture,Seat,,4.0,-37.79874792313744,144.9259542804182,street_furniture_clean.csv
furniture-1119133,Seat - Straight Seat - Wooden Battens - Type 2 - Princes Park,street_furniture,Seat,,4.0,-37.78908382646991,144.96056426213545,street_furniture_clean.csv
furniture-1119140,Seat - Straight Seat - Wooden Battens - Type 2 - Royal Park,street_furniture,Seat,,3.0,-37.79060825166837,144.9441743834171,street_furniture_clean.csv
furniture-1119165,Seat - Straight Seat - Wooden Battens - Type 2 - Rogans Lane (KENSINGTON),street_furniture,Seat,,3.0,-37.79198041583702,144.92294434153433,street_furniture_clean.csv
furniture-1119172,Seat - Straight Seat - Wooden Battens - Type 2 - Ievers Reserve,street_furniture,Seat,,3.0,-37.79689939551807,144.9525045059417,street_furniture_clean.csv
furniture-1119183,Seat - Straight Seat - Wooden Battens - Type 2 - Princes Park,street_furniture,Seat,,4.0,-37.78188149523242,144.96296923301716,street_furniture_clean.csv
furniture-1119208,Seat - Straight Seat - Wooden Battens - Type 2 - JJ Holland Park,street_furniture,Seat,,5.0,-37.79763181002342,144.9255750628536,street_furniture_clean.csv
furniture-1119216,Seat - Straight Seat - Wooden Battens - Type 2 - Royal Park,street_furniture,Seat,,3.0,-37.7827323063017,144.94394607002462,street_furniture_clean.csv
furniture-1119244,Seat - Straight Seat - Wooden Battens - Type 2 - JJ Holland Park,street_furniture,Seat,,5.0,-37.79785188947779,144.92617956584465,street_furniture_clean.csv
furniture-1119245,Seat - Straight Seat - Wooden Battens - Type 2 - Princes Park,street_furniture,Seat,,4.0,-37.79128568137196,144.96141298862688,street_furniture_clean.csv
furniture-1119249,Seat - Straight Seat - Wooden Battens - Type 2 - Princes Park,street_furniture,Seat,,3.0,-37.77898147888105,144.96147324613244,street_furniture_clean.csv
furniture-1119259,Seat - Straight Seat - Wooden Battens - Type 2 - JJ Holland Park,street_furniture,Seat,,4.0,-37.79809660112805,144.92117817360014,street_furniture_clean.csv
furniture-1119291,Seat - Straight Seat - Wooden Battens - Type 2 - Kings Domain South,street_furniture,Seat,,4.0,-37.83401011607031,144.98329231072825,street_furniture_clean.csv
furniture-1119295,Seat - Straight Seat - Wooden Battens - Type 2 - Fitzroy Gardens,street_furniture,Seat,,4.0,-37.81225690036625,144.97930993085896,street_furniture_clean.csv
furniture-1119304,Seat - Straight Seat - Wooden Battens - Type 2 - Fitzroy Gardens,street_furniture,Seat,,4.0,-37.81183695987749,144.98267414238947,street_furniture_clean.csv
furniture-1119326,Seat - Straight Seat - Wooden Battens - Type 2 - Fawkner Park,street_furniture,Seat,,4.0,-37.83953621326912,144.98203534522804,street_furniture_clean.csv
furniture-1119330,Seat - Straight Seat - Wooden Battens - Type 2 - Darling Square,street_furniture,Seat,,4.0,-37.81300349753612,144.98860353326955,street_furniture_clean.csv
furniture-1119351,Seat - Straight Seat - Wooden Battens - Type 2 - Flagstaff Gardens,street_furniture,Seat,,4.0,-37.808769431042585,144.9548650116231,street_furniture_clean.csv
furniture-1119368,Seat - Straight Seat - Wooden Battens - Type 2 - Parliament Reserve,street_furniture,Seat,,4.0,-37.81011114786457,144.97349169847556,street_furniture_clean.csv
furniture-1119411,Seat - Straight Seat - Wooden Battens - Type 2 - Kings Domain South,street_furniture,Seat,,3.0,-37.83359878590611,144.9815550543569,street_furniture_clean.csv
furniture-1361003,Seat - Metal Bench,street_furniture,Seat,,3.14,-37.79387799596877,144.9303909980611,street_furniture_clean.csv
furniture-1361013,Seat - Circular Concrete & Wood Seat,street_furniture,Seat,,1.82,-37.78910204411864,144.9290120470656,street_furniture_clean.csv
furniture-1361018,Seat - Metal Bench,street_furniture,Seat,,2.86,-37.79109297106478,144.925256944455,street_furniture_clean.csv
furniture-1119651,Seat - Straight Seat - Wooden Battens - Type 2 - Carlton Gardens South,street_furniture,Seat,,3.0,-37.80574031013485,144.96956086413667,street_furniture_clean.csv
furniture-1361319,Seat - Stainless Steel Bench - Docklands,street_furniture,Seat,,3.18,-37.81352728424408,144.93703269960864,street_furniture_clean.csv
furniture-1119841,Seat - Metal Seat - Kensington Banks Type - Lascelles Square,street_furniture,Seat,,3.0,-37.794280010316335,144.91719279792557,street_furniture_clean.csv
furniture-1119864,Seat - Metal Seat - Royal Park,street_furniture,Seat,,3.0,-37.785740657727935,144.95311117356016,street_furniture_clean.csv
furniture-1290825,Picnic Table,street_furniture,Picnic Setting,,3.0,-37.82194011908193,144.94727465004468,street_furniture_clean.csv
furniture-1290866,Seat - Unclassified - Docklands Park,street_furniture,Seat,,3.0,-37.8197340921156,144.9460886382854,street_furniture_clean.csv
furniture-1312957,Information Pillar - Poster Pillar - COM,street_furniture,Information Pillar,,3.14,-37.80320411649003,144.94988370527977,street_furniture_clean.csv
furniture-1360540,Drinking Fountain - Drinking Fountain - Monument Style Type 2 - Hardy Reserve,street_furniture,Drinking Fountain,,3.0,-37.78528327065247,144.96619195051946,street_furniture_clean.csv
furniture-1375790,Seat - Stainless Steel Seat - Fixed,street_furniture,Seat,,1.67,-37.81400437457148,144.9637628825572,street_furniture_clean.csv
furniture-1431559,Picnic Setting - Urban Design Style,street_furniture,Picnic Setting,,4.0,-37.82770899776955,144.98253995841495,street_furniture_clean.csv
furniture-1431573,Picnic Setting - Urban Design Style,street_furniture,Picnic Setting,,3.0,-37.82635723085959,144.97946035335076,street_furniture_clean.csv
furniture-1431574,Picnic Setting - Unspecified - Alexandra Park,street_furniture,Picnic Setting,,4.0,-37.82464152792055,144.9779618146799,street_furniture_clean.csv
furniture-1372726,Seat - Stainless Steel Straight Seat,street_furniture,Seat,,4.45,-37.81638088842677,144.9642645469979,street_furniture_clean.csv
furniture-1361227,Seat - Metal Bench,street_furniture,Seat,,2.82,-37.79537595217524,144.9415810267597,street_furniture_clean.csv
furniture-1749937,Drinking Fountain - Leaf Type - With Bottle Refill Tap - Fitzroy Gardens,street_furniture,Drinking Fountain,,4.0,-37.81030304680633,144.9786636062916,street_furniture_clean.csv
furniture-1749939,Drinking Fountain - Leaf Type - With Bottle Refill Tap - Fitzroy Gardens,street_furniture,Drinking Fountain,,4.0,-37.810693329155406,144.983071937749,street_furniture_clean.csv
furniture-1751221,Seat - Straight Seat - Wooden Battens - Type 2 - Railway Place And Miller Street Reserve,street_furniture,Seat,,4.0,-37.80554423855458,144.94257467468597,street_furniture_clean.csv
furniture-1753420,Seat - Unclassified - New Quay Central Park,street_furniture,Seat,,3.0,-37.81564629748677,144.93953894299003,street_furniture_clean.csv
furniture-1511687,Seat - Straight Seat - Wooden Battens - Type 2 - JJ Holland Park,street_furniture,Seat,,4.0,-37.797417868908255,144.92508895693248,street_furniture_clean.csv
furniture-1511688,Seat - Straight Seat - Wooden Battens - Type 2 - JJ Holland Park,street_furniture,Seat,,3.0,-37.79829828992782,144.9235230675053,street_furniture_clean.csv
furniture-1511690,Seat - Straight Seat - Wooden Battens - Type 2 - JJ Holland Park,street_furniture,Seat,,4.0,-37.79729146527795,144.92284657302366,street_furniture_clean.csv
furniture-1511715,Seat - Straight Seat - Wooden Battens - Type 2 - JJ Holland Park,street_furniture,Seat,,3.0,-37.79726708289463,144.92494973991114,street_furniture_clean.csv
furniture-1490922,Seat - Urban Design Park Style - Green Powder Coat - Kings Domain,street_furniture,Seat,,4.0,-37.82505462693979,144.97633055156038,street_furniture_clean.csv
furniture-1118748,Picnic Setting - Wooden Style,street_furniture,Picnic Setting,,3.0,-37.79137704938123,144.9235558336836,street_furniture_clean.csv
furniture-1075226,Drinking Fountain - Stainless Steel Drinking Fountain - Leaf Type - Bottle Refill Tap,street_furniture,Drinking Fountain,,4.0,-37.78606714462872,144.96306993513306,street_furniture_clean.csv
furniture-1078811,Seat - Stainless Steel Seat - Swivel,street_furniture,Seat,,4.45,-37.81391844281139,144.9640570672711,street_furniture_clean.csv
furniture-1078832,Seat - Metal Bench,street_furniture,Seat,,1.12,-37.80796278609671,144.95487522804737,street_furniture_clean.csv
furniture-1078891,Seat - Stainless Steel Straight Seat,street_furniture,Seat,,1.37,-37.81151421158407,144.9728593691793,street_furniture_clean.csv
furniture-1079043,Seat - Stainless Steel Straight Seat,street_furniture,Seat,,2.44,-37.81387677382294,144.97170492159225,street_furniture_clean.csv
furniture-1079068,Seat - Stainless Steel Straight Seat,street_furniture,Seat,,3.38,-37.80936655026584,144.9718141522385,street_furniture_clean.csv
furniture-1079089,Seat - Metal Bench,street_furniture,Seat,,2.98,-37.79694571319875,144.9556322530883,street_furniture_clean.csv
furniture-1079090,Seat - Metal Bench,street_furniture,Seat,,2.98,-37.79693344961528,144.95552799503903,street_furniture_clean.csv
furniture-1079111,Seat - Metal Bench,street_furniture,Seat,,3.02,-37.82350094999206,144.96087240583617,street_furniture_clean.csv
furniture-1079115,Seat - Metal Bench,street_furniture,Seat,,1.0,-37.80689593687655,144.95939234022816,street_furniture_clean.csv
furniture-1079226,Seat - Metal Seat,street_furniture,Seat,,2.99,-37.8290069892736,144.9696142321369,street_furniture_clean.csv
furniture-1079230,Seat - Metal Seat,street_furniture,Seat,,2.99,-37.82709106612421,144.97111829013022,street_furniture_clean.csv
furniture-1079233,Seat - Metal Seat,street_furniture,Seat,,2.99,-37.8298530500583,144.9674803427936,street_furniture_clean.csv
furniture-1079238,Seat - Metal Seat,street_furniture,Seat,,2.99,-37.82900998098896,144.967129449535,street_furniture_clean.csv
furniture-1079257,Seat - Metal Seat,street_furniture,Seat,,2.06,-37.814925986787976,144.99028733093942,street_furniture_clean.csv
furniture-1079259,Seat - Metal Seat,street_furniture,Seat,,1.93,-37.81684160612933,144.98877153872527,street_furniture_clean.csv
furniture-1079260,Seat - Metal Seat,street_furniture,Seat,,2.93,-37.81687911897089,144.9891475563364,street_furniture_clean.csv
furniture-1079372,Seat - Metal Seat,street_furniture,Seat,,3.03,-37.80525883918228,144.95140338211004,street_furniture_clean.csv
furniture-1079373,Seat - Metal Seat,street_furniture,Seat,,3.03,-37.80528087063141,144.95161823596405,street_furniture_clean.csv
furniture-1079377,Seat - Metal Seat,street_furniture,Seat,,3.1,-37.81716987568405,144.96183752153627,street_furniture_clean.csv
furniture-1079394,Seat - Metal Seat,street_furniture,Seat,,3.11,-37.814504708525,144.960321289112,street_furniture_clean.csv
furniture-1079406,Seat - Stainless Steel Straight Seat,street_furniture,Seat,,2.42,-37.81245382217927,144.9680882452287,street_furniture_clean.csv
furniture-1079413,Seat - Stainless Steel Straight Seat,street_furniture,Seat,,3.44,-37.8122935569245,144.96183418789724,street_furniture_clean.csv
furniture-1079441,Seat - Metal Seat,street_furniture,Seat,,3.17,-37.79641354320941,144.9235466598405,street_furniture_clean.csv
furniture-1079451,Seat - Metal Seat,street_furniture,Seat,,3.16,-37.82000924033254,144.96570589074165,street_furniture_clean.csv
furniture-1079461,Seat - Metal Seat,street_furniture,Seat,,3.16,-37.81986872570879,144.9665967641535,street_furniture_clean.csv
furniture-1079462,Seat - Metal Seat,street_furniture,Seat,,3.16,-37.819867686642986,144.96662530712564,street_furniture_clean.csv
furniture-1079472,Seat - Stainless Steel Straight Seat,street_furniture,Seat,,3.45,-37.81686426789625,144.96907535377346,street_furniture_clean.csv
furniture-1079474,Seat - Metal Seat,street_furniture,Seat,,3.16,-37.81184343721965,144.96218927072147,street_furniture_clean.csv
furniture-1079504,Seat - Metal Seat,street_furniture,Seat,,2.96,-37.79518368988382,144.9286677792668,street_furniture_clean.csv
furniture-1079506,Seat - Metal Seat,street_furniture,Seat,,3.06,-37.83475695191208,144.97504643643603,street_furniture_clean.csv
furniture-1079507,Seat - Metal Seat,street_furniture,Seat,,2.99,-37.82698497711231,144.96756938309838,street_furniture_clean.csv
furniture-1079519,Seat - Metal Seat,street_furniture,Seat,,3.17,-37.80507511239897,144.9563161585104,street_furniture_clean.csv
furniture-1079520,Seat - Metal Seat,street_furniture,Seat,,3.16,-37.81939654934706,144.96433562450062,street_furniture_clean.csv
furniture-1079536,Seat - Metal Seat,street_furniture,Seat,,1.13,-37.81323652606643,144.97124682940554,street_furniture_clean.csv
furniture-1079554,Seat - Metal Seat,street_furniture,Seat,,1.99,-37.82734105778298,144.96868837684195,street_furniture_clean.csv
furniture-1079579,Seat - Metal Seat,street_furniture,Seat,,3.02,-37.82754197591354,144.96623764044313,street_furniture_clean.csv
furniture-1079584,Seat - Metal Seat,street_furniture,Seat,,2.92,-37.798167965687874,144.97465743295874,street_furniture_clean.csv
furniture-1079591,Seat - Metal Seat,street_furniture,Seat,,2.86,-37.83390083790125,144.9873650035119,street_furniture_clean.csv
furniture-1079621,Seat - Metal Bench,street_furniture,Seat,,3.17,-37.81825404697694,144.9643204370157,street_furniture_clean.csv
furniture-1079673,Seat - Metal Seat,street_furniture,Seat,,3.14,-37.79332277697946,144.91846148049,street_furniture_clean.csv
furniture-1079691,Seat - Metal Seat,street_furniture,Seat,,3.16,-37.81970484610219,144.96776853428418,street_furniture_clean.csv
furniture-1079697,Seat - Metal Seat,street_furniture,Seat,,3.16,-37.82024146331933,144.9643392208888,street_furniture_clean.csv
furniture-1079719,Seat - Metal Seat,street_furniture,Seat,,3.14,-37.80567095562726,144.96443705199744,street_furniture_clean.csv
furniture-1079725,Seat - Metal Seat,street_furniture,Seat,,3.13,-37.80683289814383,144.94665742740332,street_furniture_clean.csv
furniture-1079727,Seat - Metal Seat,street_furniture,Seat,,1.16,-37.81183194945572,144.97589151519497,street_furniture_clean.csv
furniture-1079734,Seat - Metal Seat,street_furniture,Seat,,3.11,-37.818637585119625,144.95691138042324,street_furniture_clean.csv
furniture-1079751,Seat - Metal Seat,street_furniture,Seat,,3.09,-37.8119882948311,144.95519977118195,street_furniture_clean.csv
furniture-1079761,Seat - Metal Seat,street_furniture,Seat,,3.0,-37.829577766402224,144.97102926799053,street_furniture_clean.csv
furniture-1079822,Seat - Metal Seat,street_furniture,Seat,,2.94,-37.8001704209326,144.96538513017055,street_furniture_clean.csv
furniture-1079828,Seat - Stainless Steel Straight Seat,street_furniture,Seat,,3.42,-37.81608991054482,144.9836011960049,street_furniture_clean.csv
furniture-1079868,Seat - Straight Seat - Wooden & Concrete,street_furniture,Seat,,1.0,-37.77854535754184,144.95601612409183,street_furniture_clean.csv
furniture-1079870,Seat - Straight Seat - Wooden & Concrete,street_furniture,Seat,,1.0,-37.778741133203646,144.9559301176731,street_furniture_clean.csv
furniture-1079872,Seat - Straight Seat - Wooden & Concrete,street_furniture,Seat,,1.0,-37.77695915665864,144.94971421280567,street_furniture_clean.csv
furniture-1079875,Seat - Straight Seat - Wooden & Concrete,street_furniture,Seat,,1.39,-37.8330954962022,144.97903461664808,street_furniture_clean.csv
furniture-1079889,Seat - Straight Seat - Wooden & Concrete,street_furniture,Seat,,1.0,-37.81698742197108,144.95478702970715,street_furniture_clean.csv
furniture-1079899,Seat - Straight Seat - Wooden Battens,street_furniture,Seat,,1.69,-37.80876187205303,144.9548604495714,street_furniture_clean.csv
furniture-1079907,Seat - Straight Seat - Wooden Battens - Type 2,street_furniture,Seat,,2.82,-37.79002979585624,144.9434419611306,street_furniture_clean.csv
furniture-1719685,Seat - Straight Seat - Wooden Battens - Type 2 - Royal Park,street_furniture,Seat,,4.0,-37.79197911557733,144.9497674979444,street_furniture_clean.csv
furniture-1530089,Information Pillar - Information Hub Pillar,street_furniture,Information Pillar,,1.66,-37.81320710207709,144.96255412083354,street_furniture_clean.csv
furniture-1515986,Picnic Setting - unspecified - Liddy Street Reserve,street_furniture,Picnic Setting,,4.0,-37.79008903483099,144.9257157493847,street_furniture_clean.csv
furniture-1550109,Seat - Straight Seat - Wooden Battens - Type 2 - Batman Park,street_furniture,Seat,,4.0,-37.82157404298746,144.95699342871325,street_furniture_clean.csv
furniture-1550157,Seat - Stainless Steel Seat - Fixed,street_furniture,Seat,,3.45,-37.81691747817252,144.96198975682762,street_furniture_clean.csv
furniture-1631170,Picnic Setting - Urban Design Style - Cardigan Street Park,street_furniture,Picnic Setting,,4.0,-37.794307532531136,144.96624588823647,street_furniture_clean.csv
furniture-1633463,Seat - Straight Seat - Wooden Battens - Type 2 - Ron Barassi Senior Park,street_furniture,Seat,,5.0,-37.81631923621529,144.93567189038677,street_furniture_clean.csv
furniture-1662094,Seat - Folding Seat,street_furniture,Seat,,3.2,-37.81240227839921,144.9713916644111,street_furniture_clean.csv
furniture-1659138,Seat - Stainless Steel Straight Seat,street_furniture,Seat,,3.24,-37.78804691921575,144.92695631612466,street_furniture_clean.csv
furniture-1743745,Seat - Stainless Steel Straight Seat,street_furniture,Seat,,4.3,-37.82128140458952,144.94537581305232,street_furniture_clean.csv
furniture-1743746,Seat - Stainless Steel Straight Seat,street_furniture,Seat,,4.3,-37.82091979810366,144.94542423961457,street_furniture_clean.csv
furniture-1743803,Seat - Stainless Steel Straight Seat,street_furniture,Seat,,3.44,-37.82200533788023,144.9445148222731,street_furniture_clean.csv
furniture-1744285,Seat - Stainless Steel Bench - Docklands,street_furniture,Seat,,4.3,-37.81991437864431,144.94995943917635,street_furniture_clean.csv
furniture-1658870,Seat - Metal Bench,street_furniture,Seat,,2.96,-37.81048158112246,144.98513184908828,street_furniture_clean.csv
furniture-1641989,Seat - Flat Bench Seat - L Shaped,street_furniture,Seat,,3.0,-37.79968374096533,144.9562594327022,street_furniture_clean.csv
furniture-1644883,Seat - Ornamental Wooden Seat,street_furniture,Seat,,4.0,-37.82858541314053,144.97322267171737,street_furniture_clean.csv
furniture-1728603,Seat - Metal Seat,street_furniture,Seat,,3.16,-37.80731379490045,144.95940173639158,street_furniture_clean.csv
furniture-1119436,Seat - Straight Seat - Wooden Battens - Type 2 - Shrine of Remembrance Reserve,street_furniture,Seat,,4.0,-37.83054519324325,144.9749715090672,street_furniture_clean.csv
furniture-1119983,Seat - Straight Seat - Wooden Battens - Type 2 - Royal Park,street_furniture,Seat,,4.0,-37.79176421680125,144.95178401866238,street_furniture_clean.csv
furniture-1119467,Seat - Straight Seat - Wooden Battens - Type 2 - Darling Square,street_furniture,Seat,,4.0,-37.81234908766687,144.98895332415913,street_furniture_clean.csv
furniture-1360380,Seat - Straight Seat - Wooden Battens - Type 2 - Fitzroy Gardens,street_furniture,Seat,,4.0,-37.81121470785311,144.98243288847206,street_furniture_clean.csv
furniture-1360460,Barbeque - Brick Single Hotplate,street_furniture,Barbeque,,3.0,-37.79363713198853,144.94031809548235,street_furniture_clean.csv
furniture-1361148,Seat - Metal Bench,street_furniture,Seat,,2.82,-37.792637466039984,144.94206608348122,street_furniture_clean.csv
furniture-1120185,Seat - Straight Seat - Wooden Battens - Type 2 - Batman Park,street_furniture,Seat,,4.0,-37.82179990465693,144.95737936896367,street_furniture_clean.csv
furniture-1120202,Seat - Alloy Frame and Narrow Wooden Slats - Birrarung Marr,street_furniture,Seat,,4.0,-37.81871199500447,144.97223611545738,street_furniture_clean.csv
furniture-1120246,Seat - Metal Seat - Pleasance Gardens,street_furniture,Seat,,3.0,-37.79642490078881,144.94640621905987,street_furniture_clean.csv
furniture-1361623,Seat - Metal Bench,street_furniture,Seat,,2.8,-37.794231072234055,144.9308420985439,street_furniture_clean.csv
furniture-1313418,Seat - Timber Seat with Aluminium Legs - Docklands,street_furniture,Seat,,3.16,-37.82442134057456,144.94601003780505,street_furniture_clean.csv
furniture-1431853,Barbeque - Urban Design Double Hotplate,street_furniture,Barbeque,,4.0,-37.82049353458204,144.9448712214091,street_furniture_clean.csv
furniture-1754022,Seat - Unclassified - New Quay Central Park,street_furniture,Seat,,4.0,-37.81553384216932,144.9395086725828,street_furniture_clean.csv
furniture-1755054,Seat - Platform Style - Gardiner Reserve,street_furniture,Seat,,4.0,-37.79870396270986,144.9441691320475,street_furniture_clean.csv
furniture-1755731,Seat - Stainless Steel Bench - Docklands - Point Park,street_furniture,Seat,,5.0,-37.8233830126381,144.9425727479566,street_furniture_clean.csv
furniture-1769898,Seat - Timber Bench - University Square,street_furniture,Seat,,5.0,-37.800731521026,144.9604063225061,street_furniture_clean.csv
furniture-1757700,Drinking Fountain - Stainless Steel Drinking Fountain - Leaf Type - Royal Park,street_furniture,Drinking Fountain,,4.0,-37.78615201108828,144.95349293828525,street_furniture_clean.csv
furniture-1771613,Seat - Stainless Steel Seat - Swivel - Fawkner Park,street_furniture,Seat,,3.0,-37.839048449489205,144.98037720964297,street_furniture_clean.csv
furniture-1771622,Seat - Straight Seat - Wooden Battens - Type 2 - Birrarung Marr,street_furniture,Seat,,4.0,-37.82053420155156,144.97550031672264,street_furniture_clean.csv
furniture-1771625,Seat - Straight Seat - Wooden Battens - Type 2 - Alexandra Park,street_furniture,Seat,,3.0,-37.82802481493503,144.98468415680836,street_furniture_clean.csv
furniture-1771626,Seat - Straight Seat - Wooden Battens - Type 2 - Alexandra Park,street_furniture,Seat,,3.0,-37.828029993281575,144.98470764809633,street_furniture_clean.csv
furniture-1771654,Seat - Straight Seat - Wooden Battens - Type 2 - Royal Park,street_furniture,Seat,,3.0,-37.78614567610789,144.95576425607544,street_furniture_clean.csv
furniture-1771697,Drinking Fountain - Leaf Type - With Bottle Refill Tap - Princes Park,street_furniture,Drinking Fountain,,4.0,-37.7881098191695,144.95949172029708,street_furniture_clean.csv
furniture-1758402,Seat - Straight Seat - Wooden Battens - Type 2 - Royal Park,street_furniture,Seat,,4.0,-37.79157349080896,144.94748560016058,street_furniture_clean.csv
furniture-1775773,Seat - Metal Seat - Boyd Community Hub,street_furniture,Seat,,5.0,-37.82607480277352,144.96101344281263,street_furniture_clean.csv
furniture-1775799,Seat - Timber Bench - Boyd Community Hub,street_furniture,Seat,,5.0,-37.82574201402591,144.96072811996376,street_furniture_clean.csv
furniture-1775802,Seat - Timber Bench - Boyd Community Hub,street_furniture,Seat,,5.0,-37.8260278122609,144.96188035200868,street_furniture_clean.csv
furniture-1786649,Seat - Unclassified - Lincoln Square,street_furniture,Seat,,5.0,-37.80285416886552,144.96222910662286,street_furniture_clean.csv
furniture-1786650,Seat - Unclassified - Lincoln Square,street_furniture,Seat,,5.0,-37.80221108451999,144.96234343591772,street_furniture_clean.csv
furniture-1786704,Drinking Fountain - Leaf Type - With Bottle Refill Tap - Royal Park,street_furniture,Drinking Fountain,,5.0,-37.79148137934659,144.95640337310826,street_furniture_clean.csv
furniture-1786712,Drinking Fountain - Leaf Type - Dog Bowl  - Royal Park,street_furniture,Drinking Fountain,,5.0,-37.78413055442304,144.9561695135437,street_furniture_clean.csv
furniture-1798709,Seat - Unclassified - Hub@Docklands,street_furniture,Seat,,5.0,-37.82020786372459,144.94783692806925,street_furniture_clean.csv
furniture-1798717,Seat - Unclassified - Hub@Docklands,street_furniture,Seat,,5.0,-37.81977927895832,144.94750162841714,street_furniture_clean.csv
furniture-1798724,Seat - Unclassified - Hub@Docklands,street_furniture,Seat,,5.0,-37.82029958367644,144.94752561262487,street_furniture_clean.csv
furniture-1798725,Seat - Unclassified - Hub@Docklands,street_furniture,Seat,,5.0,-37.82021986278759,144.94794111104434,street_furniture_clean.csv
furniture-1771629,Seat - Straight Seat - Wooden Battens - Type 2 - North Melbourne Community Centre (Open Space),street_furniture,Seat,,3.0,-37.79239847972202,144.94016943567442,street_furniture_clean.csv
furniture-1771649,Seat - Straight Seat - Wooden Battens - Type 2 - Flagstaff Gardens,street_furniture,Seat,,4.0,-37.80913452105949,144.95438389385544,street_furniture_clean.csv
furniture-1771650,Seat - Straight Seat - Wooden Battens - Type 2 - North Melbourne Recreation Reserve,street_furniture,Seat,,3.0,-37.79929213443929,144.9406552788814,street_furniture_clean.csv
furniture-1771667,Seat - Alloy Frame and Narrow Wooden Slats - Birrarung Marr,street_furniture,Seat,,4.0,-37.818633790107725,144.97133728137027,street_furniture_clean.csv
furniture-1786642,Seat - Straight Seat - Wooden Battens - Type 2 - Lincoln Square,street_furniture,Seat,,5.0,-37.80173788288577,144.9624844410392,street_furniture_clean.csv
furniture-1798718,Seat - Unclassified - Hub@Docklands,street_furniture,Seat,,5.0,-37.82003097700215,144.94734140486614,street_furniture_clean.csv
furniture-1806224,Picnic Setting - Urban Design Style - Southbank Boulevard (SOUTHBANK),street_furniture,Picnic Setting,,5.0,-37.823396766169495,144.96619670841014,street_furniture_clean.csv
furniture-1804411,Seat - Timber Bench - JJ Holland Park,street_furniture,Seat,,5.0,-37.797847707094334,144.92554812617576,street_furniture_clean.csv
furniture-1806221,Barbeque - Urban Design Single Hotplate - Southbank Boulevard (SOUTHBANK),street_furniture,Barbeque,,5.0,-37.82345728026392,144.96617846018844,street_furniture_clean.csv
furniture-1806222,Barbeque - Urban Design Single Hotplate - Southbank Boulevard (SOUTHBANK),street_furniture,Barbeque,,5.0,-37.82337894328665,144.9662031053659,street_furniture_clean.csv
furniture-1796724,Seat - Straight Seat - Wooden Battens - Type 2 - Fawkner Park,street_furniture,Seat,,5.0,-37.83857534047685,144.9841054399697,street_furniture_clean.csv
furniture-1804406,Picnic Setting - Urban Design Style - JJ Holland Park,street_furniture,Picnic Setting,,5.0,-37.79776448035785,144.92602119713123,street_furniture_clean.csv
furniture-1589843,Seat - Wooden Slats set in Stonework,street_furniture,Seat,,3.16,-37.81847333363281,144.94431642423612,street_furniture_clean.csv
furniture-1633475,Seat - Five Sided Platform - Ron Barassi Senior Park,street_furniture,Seat,,4.0,-37.816838217529714,144.9351063671795,street_furniture_clean.csv
furniture-1633476,Seat - Five Sided Platform - Ron Barassi Senior Park,street_furniture,Seat,,4.0,-37.81634286910768,144.93557035747142,street_furniture_clean.csv
furniture-1633818,Seat - Straight Seat - Wooden Battens - Type 2 - Sturt Street Reserve,street_furniture,Seat,,4.0,-37.82999244695765,144.96476170629808,street_furniture_clean.csv
furniture-1639730,Seat - Stainless Steel Bench - Docklands - Point Park,street_furniture,Seat,,5.0,-37.82355092861687,144.94277030785832,street_furniture_clean.csv
furniture-1643461,Seat - Stainless Steel Straight Seat,street_furniture,Seat,,3.4,-37.81772465400912,144.96394272012165,street_furniture_clean.csv
furniture-1662097,Seat - Folding Seat,street_furniture,Seat,,3.2,-37.81276063364741,144.97155133543862,street_furniture_clean.csv
furniture-1742337,Seat - Straight Seat - Wooden Battens - Type 2 - Hawke and Adderley Street Park,street_furniture,Seat,,4.0,-37.808612799989184,144.9451639910612,street_furniture_clean.csv
furniture-1743751,Seat - Stainless Steel Straight Seat - Docklands,street_furniture,Seat,,4.44,-37.82040417157032,144.94146842580008,street_furniture_clean.csv
furniture-1743752,Seat - Stainless Steel Straight Seat - Docklands,street_furniture,Seat,,4.44,-37.82042142038355,144.94139319524197,street_furniture_clean.csv
furniture-1743819,Seat - Stainless Steel Seat - Fixed,street_furniture,Seat,,3.44,-37.820815497253626,144.94250647490804,street_furniture_clean.csv
furniture-1115276,Drinking Fountain - Stainless Steel Drinking Fountain - Leaf Type - Argyle Square,street_furniture,Drinking Fountain,,4.0,-37.80262121799853,144.96563804631617,street_furniture_clean.csv
furniture-1119745,Seat - Straight Seat - Wooden Battens - Type 2 - Stapley Parade Reserve,street_furniture,Seat,,4.0,-37.821999356643296,144.97662350056353,street_furniture_clean.csv
furniture-1360395,Seat - Straight Seat - Wooden Battens - Type 2 - Fawkner Park,street_furniture,Seat,,4.0,-37.840633206698726,144.98419679420948,street_furniture_clean.csv
furniture-1360414,Seat - Straight Seat - Wooden Battens - Type 2 - Royal Park,street_furniture,Seat,,4.0,-37.78195327537132,144.95607427765685,street_furniture_clean.csv
furniture-1360422,Seat - Straight Seat - Wooden Battens - Type 2 - Parkville Gardens,street_furniture,Seat,,3.0,-37.77945488532163,144.93983462485485,street_furniture_clean.csv
furniture-1360455,Barbeque - Urban Design Single Hotplate,street_furniture,Barbeque,,3.0,-37.782001069469686,144.956631830226,street_furniture_clean.csv
furniture-1360468,Picnic Setting - Urban Design Style,street_furniture,Picnic Setting,,3.0,-37.827917286142686,144.9836514719435,street_furniture_clean.csv
furniture-1119549,Seat - Straight Seat - Wooden Battens - Type 2 - Kings Domain South,street_furniture,Seat,,3.0,-37.833542659665326,144.9818504175304,street_furniture_clean.csv
furniture-1120170,Seat - Wooden Slats Set in Bluestone - Alexandra Park,street_furniture,Seat,,3.0,-37.81959887625396,144.9720810863231,street_furniture_clean.csv
furniture-1360480,Picnic Setting - Picnic Setting,street_furniture,Picnic Setting,,3.0,-37.7932432026603,144.93228373432254,street_furniture_clean.csv
furniture-1119587,Seat - Straight Seat - Wooden Battens - Type 2 - Fawkner Park,street_furniture,Seat,,4.0,-37.83937818273644,144.9823633946401,street_furniture_clean.csv
furniture-1360544,Drinking fountain - unspecified type - Princes Park,street_furniture,Drinking Fountain,,3.0,-37.7836624497961,144.95999863520058,street_furniture_clean.csv
furniture-1119923,Seat - Metal Seat - Riverside Park,street_furniture,Seat,,3.0,-37.79566556246269,144.91553239561804,street_furniture_clean.csv
furniture-1361066,Seat - Metal Bench,street_furniture,Seat,,3.14,-37.79425678640522,144.92897258069965,street_furniture_clean.csv
furniture-1119721,Seat - Straight Seat - Wooden Battens - Type 2 - Fitzroy Gardens,street_furniture,Seat,,4.0,-37.81547296128656,144.97829824010202,street_furniture_clean.csv
furniture-1119818,Seat - Straight Seat - Wooden Battens - Type 2 - Kings Domain,street_furniture,Seat,,4.0,-37.82725349492452,144.97286260074878,street_furniture_clean.csv
furniture-1119856,Seat - Metal Seat -,street_furniture,Seat,,3.0,-37.7953388880016,144.91430576553083,street_furniture_clean.csv
furniture-1361153,Seat - Metal Bench,street_furniture,Seat,,2.82,-37.79302595580319,144.94199863601563,street_furniture_clean.csv
furniture-1119821,Seat - Straight Seat - Wooden Battens - Type 2 - Alexandra Gardens,street_furniture,Seat,,3.0,-37.82106761890499,144.97201339265288,street_furniture_clean.csv
furniture-1119872,Seat - Metal Seat -,street_furniture,Seat,,3.0,-37.795306119167016,144.91419573438316,street_furniture_clean.csv
furniture-1120090,Seat - Basic Style,street_furniture,Seat,,3.0,-37.82682897079947,144.9733086793874,street_furniture_clean.csv
furniture-1119899,Seat - Metal Seat - Central Park Kensington,street_furniture,Seat,,4.0,-37.79473623836009,144.91924525891432,street_furniture_clean.csv
furniture-1119916,Seat - Metal Seat - Kensington Banks Type - Lascelles Square,street_furniture,Seat,,3.0,-37.79419796892938,144.91712968975511,street_furniture_clean.csv
furniture-1119972,Seat - Straight Seat - Wooden Battens - Type 2 - Royal Park,street_furniture,Seat,,4.0,-37.777913306360325,144.95407691915574,street_furniture_clean.csv
furniture-1119977,Seat - Straight Seat - Wooden Battens - Type 2 - Royal Park,street_furniture,Seat,,4.0,-37.78528829631422,144.94264968606032,street_furniture_clean.csv
furniture-1361426,Seat - Metal Bench,street_furniture,Seat,,1.25,-37.79004478474645,144.92402782776875,street_furniture_clean.csv
furniture-1361432,Seat - Metal Bench,street_furniture,Seat,,1.25,-37.789800004112976,144.92477824716033,street_furniture_clean.csv
furniture-1361459,Seat - Flat Bench Seat - Wooden Battens,street_furniture,Seat,,2.86,-37.78827202074089,144.92641302702805,street_furniture_clean.csv
furniture-1120163,Seat - Wooden Slats Set in Bluestone - Alexandra Park,street_furniture,Seat,,3.0,-37.81958370433293,144.9719955040585,street_furniture_clean.csv
furniture-1120201,Seat - Alloy Frame and Narrow Wooden Slats - Birrarung Marr,street_furniture,Seat,,4.0,-37.818691547457455,144.97208490317712,street_furniture_clean.csv
furniture-1290867,Seat - Unclassified - Docklands Park,street_furniture,Seat,,3.0,-37.819662780948526,144.94604051632336,street_furniture_clean.csv
furniture-1372719,Seat - Stainless Steel Straight Seat,street_furniture,Seat,,3.45,-37.815357408778986,144.96379465707915,street_furniture_clean.csv
furniture-1313164,Seat - Stainless Steel Straight Seat,street_furniture,Seat,,3.44,-37.82094886079387,144.96166040499918,street_furniture_clean.csv
furniture-1378360,Seat - Stainless Steel Straight Seat,street_furniture,Seat,,3.41,-37.82017287431827,144.95481713478867,street_furniture_clean.csv
furniture-1361316,Seat - Metal Bench,street_furniture,Seat,,2.94,-37.81425131030116,144.93745590260266,street_furniture_clean.csv
furniture-1313528,Seat - Metal Seat,street_furniture,Seat,,3.12,-37.8132367808863,144.95413094560143,street_furniture_clean.csv
furniture-1313572,Seat - Stainless Steel Straight Seat,street_furniture,Seat,,3.4,-37.81250073703579,144.97305343587038,street_furniture_clean.csv
furniture-1360542,Drinking fountain - unspecified type - Alexandra Park,street_furniture,Drinking Fountain,,4.0,-37.82792492555463,144.98354503295144,street_furniture_clean.csv
furniture-1431558,Barbeque - Urban Design Double Hotplate,street_furniture,Barbeque,,4.0,-37.82778303187395,144.98295298063218,street_furniture_clean.csv
furniture-1431575,Picnic Setting - Unspecified - Alexandra Park,street_furniture,Picnic Setting,,4.0,-37.82454286761266,144.97788418485013,street_furniture_clean.csv
furniture-1314019,Seat - Timber Bench with Aluminium Legs - Docklands,street_furniture,Seat,,3.16,-37.82349224560091,144.94298597599993,street_furniture_clean.csv
furniture-1313899,Seat - Stainless Steel Straight Seat,street_furniture,Seat,,3.45,-37.81703993322568,144.9643123285001,street_furniture_clean.csv
furniture-1431776,Picnic Setting - Urban Design Style,street_furniture,Picnic Setting,,3.0,-37.84071402004891,144.9839060727661,street_furniture_clean.csv
furniture-1431851,Picnic Setting - Picnic Setting,street_furniture,Picnic Setting,,4.0,-37.82044257651287,144.9447707322103,street_furniture_clean.csv
furniture-1442756,Seat - Straight Seat - Wooden Battens,street_furniture,Seat,,1.0,-37.83404449942317,144.98343192907728,street_furniture_clean.csv
furniture-1442758,Seat - Straight Seat - Wooden Battens,street_furniture,Seat,,1.0,-37.83375554490037,144.98345604593223,street_furniture_clean.csv
furniture-1442760,Seat - Straight Seat - Wooden Battens,street_furniture,Seat,,1.0,-37.83383800458533,144.98326677351128,street_furniture_clean.csv
furniture-1313286,Seat - Stainless Steel Seat - Fixed,street_furniture,Seat,,3.3,-37.82176624755556,144.95080602541708,street_furniture_clean.csv
furniture-1313333,Seat - Stainless Steel Seat - Fixed,street_furniture,Seat,,3.3,-37.8215351987812,144.95113812364048,street_furniture_clean.csv
furniture-1313335,Seat - Stainless Steel Bench - Docklands,street_furniture,Seat,,3.44,-37.81396431721784,144.94172695456922,street_furniture_clean.csv
furniture-1313346,Seat - Timber Bench with Aluminium Legs - Docklands,street_furniture,Seat,,3.16,-37.82401227026757,144.94355105757913,street_furniture_clean.csv
furniture-1313403,Seat - Stainless Steel Bench - Docklands,street_furniture,Seat,,3.36,-37.818805259181154,144.94615096589746,street_furniture_clean.csv
furniture-1313405,Seat - Timber Seat with Aluminium Legs - Docklands,street_furniture,Seat,,3.16,-37.824441249481694,144.94614911255934,street_furniture_clean.csv
furniture-1313426,Seat - Stainless Steel Bench - Docklands,street_furniture,Seat,,3.44,-37.81357826774622,144.94353801749926,street_furniture_clean.csv
furniture-1313450,Seat - Timber Bench with Aluminium Legs - Docklands,street_furniture,Seat,,3.16,-37.82419624958551,144.94394608347895,street_furniture_clean.csv
furniture-1313730,Seat - Stainless Steel Seat - 3m & LED lights,street_furniture,Seat,,3.09,-37.82365948037211,144.96929920833577,street_furniture_clean.csv
furniture-1119270,Seat - Straight Seat - Wooden Battens - Type 2 - Royal Park,street_furniture,Seat,,3.0,-37.78185238546693,144.9406183890735,street_furniture_clean.csv
furniture-1119187,Seat - Straight Seat - Wooden Battens - Type 2 - Argyle Square,street_furniture,Seat,,3.0,-37.80315315007299,144.96599609831344,street_furniture_clean.csv
furniture-1120280,Seat - Metal Seat - Weedon Reserve,street_furniture,Seat,,3.0,-37.81688973475608,144.98916760251882,street_furniture_clean.csv
furniture-1119247,Seat - Straight Seat - Wooden Battens - Type 2 - Royal Park,street_furniture,Seat,,4.0,-37.79278560264363,144.94708400186616,street_furniture_clean.csv
furniture-1313997,Seat - Stainless Steel Straight Seat,street_furniture,Seat,,3.41,-37.81589018088902,144.95816899716365,street_furniture_clean.csv
furniture-1119688,Seat - Straight Seat - Wooden Battens - Type 2 - Parliament Reserve,street_furniture,Seat,,3.0,-37.80965683035373,144.97406058710305,street_furniture_clean.csv
furniture-1568591,Seat - Straight Seat - Wooden Battens - Type 2 - Howard and William Street Reserve,street_furniture,Seat,,4.0,-37.80678630935128,144.95362556101887,street_furniture_clean.csv
furniture-1569666,Picnic Setting - Urban Design Style - Royal Park,street_furniture,Picnic Setting,,3.0,-37.78227106811492,144.94888115848102,street_furniture_clean.csv
furniture-1569679,Seat - Straight Seat - Wooden Battens - Type 2 - Royal Park,street_furniture,Seat,,4.0,-37.7794717968755,144.95634485235516,street_furniture_clean.csv
furniture-1569765,Seat - Straight Seat - Wooden Battens - Type 2 - North Melbourne Recreation Reserve,street_furniture,Seat,,3.0,-37.79926400132194,144.9424329976194,street_furniture_clean.csv
furniture-1571042,Seat - Metal Seat,street_furniture,Seat,,3.05,-37.79571187913114,144.93325402708817,street_furniture_clean.csv
furniture-1573397,Drinking Fountain - Stainless Steel Drinking Fountain - Leaf Type - Bottle Refill Tap,street_furniture,Drinking Fountain,,3.44,-37.81437201868546,144.96613327636365,street_furniture_clean.csv
furniture-1575338,Drinking Fountain - Stainless Steel Drinking Fountain - Leaf Type - Bottle Refill Tap,street_furniture,Drinking Fountain,,3.42,-37.811050947085775,144.96714245008525,street_furniture_clean.csv
furniture-1576867,Seat - Straight Seat - Wooden Battens - Type 2 - JJ Holland Park,street_furniture,Seat,,4.0,-37.79866176772462,144.922824994307,street_furniture_clean.csv
furniture-1576868,Seat - Straight Seat - Wooden Battens - Type 2 - JJ Holland Park,street_furniture,Seat,,4.0,-37.79865762454548,144.92285577429843,street_furniture_clean.csv
furniture-1120218,Seat - Straight Seat - Wooden Battens - Type 2 - Alexandra Park,street_furniture,Seat,,3.0,-37.81986998884421,144.9731928877353,street_furniture_clean.csv
furniture-1120278,Seat - Metal Seat - Weedon Reserve,street_furniture,Seat,,4.0,-37.817078921161375,144.9880139775306,street_furniture_clean.csv
furniture-1361995,Seat - Metal Bench,street_furniture,Seat,,3.1,-37.8125480877105,144.96862635963925,street_furniture_clean.csv
furniture-1313064,Seat - Timber Bench with Aluminium Legs - Docklands,street_furniture,Seat,,3.16,-37.82430629556113,144.9449430228916,street_furniture_clean.csv
furniture-1119451,Seat - Straight Seat - Wooden Battens - Type 2 - Fawkner Park,street_furniture,Seat,,4.0,-37.84388743084212,144.98242880299802,street_furniture_clean.csv
furniture-1119475,Seat - Straight Seat - Wooden Battens - Type 2 - Shrine of Remembrance Reserve,street_furniture,Seat,,4.0,-37.83119158887016,144.97328940211165,street_furniture_clean.csv
furniture-1119506,Seat - Straight Seat - Wooden Battens - Type 2 - Stapley Parade Reserve,street_furniture,Seat,,4.0,-37.82246143905628,144.97709837049263,street_furniture_clean.csv
furniture-1119509,Seat - Straight Seat - Wooden Battens - Type 2 - Carlton Gardens South,street_furniture,Seat,,4.0,-37.806415711911,144.97136298348482,street_furniture_clean.csv
furniture-1119531,Seat - Straight Seat - Wooden Battens - Type 2 - Treasury Gardens,street_furniture,Seat,,3.0,-37.81492151710959,144.9752450566259,street_furniture_clean.csv
furniture-1119536,Seat - Straight Seat - Wooden Battens - Type 2 - Fitzroy Gardens,street_furniture,Seat,,3.0,-37.81572145132945,144.98058998787707,street_furniture_clean.csv
furniture-1119537,Seat - Straight Seat - Wooden Battens - Type 2 - Fitzroy Gardens,street_furniture,Seat,,4.0,-37.81394767371469,144.98068523821996,street_furniture_clean.csv
furniture-1119573,Seat - Straight Seat - Wooden Battens - Type 2 - Kings Domain South,street_furniture,Seat,,4.0,-37.833960846427246,144.9827940418734,street_furniture_clean.csv
furniture-1119586,Seat - Straight Seat - Wooden Battens - Type 2 - Darling Square,street_furniture,Seat,,4.0,-37.812770587435736,144.98864836252272,street_furniture_clean.csv
furniture-1119593,Seat - Straight Seat - Wooden Battens - Type 2 - Carlton Gardens North,street_furniture,Seat,,3.0,-37.80139425211608,144.972037711737,street_furniture_clean.csv
furniture-1119595,Seat - Straight Seat - Wooden Battens - Type 2 - Carlton Gardens South,street_furniture,Seat,,3.0,-37.80682896314928,144.9712880672513,street_furniture_clean.csv
furniture-1119621,Seat - Straight Seat - Wooden Battens - Type 2 - Parliament Reserve,street_furniture,Seat,,4.0,-37.80998053677724,144.97348993094295,street_furniture_clean.csv
furniture-1119623,Seat - Straight Seat - Wooden Battens - Type 2 - Enterprize Park,street_furniture,Seat,,4.0,-37.82031150801805,144.95960284935998,street_furniture_clean.csv
furniture-1119680,Seat - Straight Seat - Wooden Battens - Type 2 - Fitzroy Gardens,street_furniture,Seat,,3.0,-37.81437643153113,144.97904505418128,street_furniture_clean.csv
furniture-1119681,Seat - Straight Seat - Wooden Battens - Type 2 - Fitzroy Gardens,street_furniture,Seat,,3.0,-37.81432387496018,144.97976872524424,street_furniture_clean.csv
furniture-1119700,Seat - Straight Seat - Wooden Battens - Type 2 - Fitzroy Gardens,street_furniture,Seat,,4.0,-37.812279081780055,144.98060291172365,street_furniture_clean.csv
furniture-1119759,Seat - Straight Seat - Wooden Battens - Type 2 - Darling Square,street_furniture,Seat,,4.0,-37.81302012884965,144.9892554481491,street_furniture_clean.csv
furniture-1119761,Seat - Straight Seat - Wooden Battens - Type 2 - Flagstaff Gardens,street_furniture,Seat,,4.0,-37.81128692852636,144.9542565600534,street_furniture_clean.csv
furniture-1119765,Seat - Straight Seat - Wooden Battens - Type 2 - Parliament Reserve,street_furniture,Seat,,4.0,-37.80992312883599,144.97355783611508,street_furniture_clean.csv
furniture-1119780,Seat - Straight Seat - Wooden Battens - Type 2 - Fawkner Park,street_furniture,Seat,,3.0,-37.84311469849498,144.9823040635283,street_furniture_clean.csv
furniture-1119786,Seat - Straight Seat - Wooden Battens - Type 2 - Fitzroy Gardens,street_furniture,Seat,,4.0,-37.81370190829518,144.98264018916228,street_furniture_clean.csv
furniture-1119790,Seat - Straight Seat - Wooden Battens - Type 2 - Fawkner Park,street_furniture,Seat,,3.0,-37.842058874373535,144.98364478763853,street_furniture_clean.csv
furniture-1119800,Seat - Straight Seat - Wooden Battens - Type 2 - Carlton Gardens North,street_furniture,Seat,,4.0,-37.8024655037337,144.971709248011,street_furniture_clean.csv
furniture-1119820,Seat - Straight Seat - Wooden Battens - Type 2 - Alexandra Gardens,street_furniture,Seat,,4.0,-37.81996497799208,144.96920791372537,street_furniture_clean.csv
furniture-1119832,Seat - Straight Seat - Wooden Battens - Type 2 - Carlton Gardens North,street_furniture,Seat,,4.0,-37.80123399804347,144.97117301992958,street_furniture_clean.csv
furniture-1119843,Seat - Metal Seat - Kensington Banks Type - Cakebread Mews Park West,street_furniture,Seat,,4.0,-37.79296199698261,144.91907109669145,street_furniture_clean.csv
furniture-1119851,Seat - Metal Seat - Royal Park,street_furniture,Seat,,3.0,-37.78569432451566,144.95310007498057,street_furniture_clean.csv
furniture-1119865,Seat - Metal Seat - Central Park Kensington,street_furniture,Seat,,4.0,-37.79413823811945,144.91936867349116,street_furniture_clean.csv
furniture-1119533,Seat - Urban Design Park Style - Green Powder Coat,street_furniture,Seat,,3.0,-37.827993037445886,144.98403343254088,street_furniture_clean.csv
furniture-1119760,Seat - Straight Seat - Wooden Battens - Type 2 - Darling Square,street_furniture,Seat,,4.0,-37.8128117512674,144.98900597194196,street_furniture_clean.csv
furniture-1119871,Seat - Metal Seat - Kensington Banks Type - Cakebread Mews Park West,street_furniture,Seat,,4.0,-37.7930000600705,144.91913930108984,street_furniture_clean.csv
furniture-1119889,Seat - Metal Seat - Mercantile Park West,street_furniture,Seat,,4.0,-37.79651402344896,144.9205844093166,street_furniture_clean.csv
furniture-1119905,Seat - Metal Seat - Kensington Banks Type - Watkins Way (KENSINGTON),street_furniture,Seat,,3.0,-37.79141479163511,144.92102127637776,street_furniture_clean.csv
furniture-1119910,Seat - Metal Seat - Mercantile Park West,street_furniture,Seat,,4.0,-37.79670084419635,144.92058484874556,street_furniture_clean.csv
furniture-1119911,Seat - Metal Seat - Royal Park,street_furniture,Seat,,3.0,-37.78558907594103,144.95317837666093,street_furniture_clean.csv
furniture-1120014,Seat - Straight Seat - Wooden Battens - Type 2 - Royal Park,street_furniture,Seat,,4.0,-37.79162837921633,144.95734981917718,street_furniture_clean.csv
furniture-1120024,Seat - Straight Seat - Wooden Battens - Type 2 - Royal Park,street_furniture,Seat,,3.0,-37.79183264578256,144.95751953039584,street_furniture_clean.csv
furniture-1120035,Seat - Straight Seat - Wooden Battens - Type 2 - Fawkner Park,street_furniture,Seat,,4.0,-37.840530532794304,144.983768797744,street_furniture_clean.csv
furniture-1120036,Seat - Straight Seat - Wooden Battens - Type 2 - Kings Domain South,street_furniture,Seat,,4.0,-37.83382922912671,144.98327530712905,street_furniture_clean.csv
furniture-1120066,Seat - Straight Seat - Wooden Battens - Type 2 - Kings Domain South,street_furniture,Seat,,4.0,-37.83392404948938,144.98321841199936,street_furniture_clean.csv
furniture-1120074,Seat - Straight Seat - Wooden Battens - Type 2 - Kings Domain South,street_furniture,Seat,,4.0,-37.83391451366575,144.98298267201628,street_furniture_clean.csv
furniture-1120101,Seat - Oval Style Seating,street_furniture,Seat,,4.0,-37.78339831280155,144.94401527085694,street_furniture_clean.csv
furniture-1120111,Seat - Metal Seat - Royal Park,street_furniture,Seat,,4.0,-37.78533603586464,144.95355757597454,street_furniture_clean.csv
furniture-1120118,Seat - Metal Seat - Royal Park,street_furniture,Seat,,4.0,-37.78527989475454,144.9536303206217,street_furniture_clean.csv
furniture-1120136,Seat - Older Style Park Seat - Metal - Murchison Square,street_furniture,Seat,,4.0,-37.80007676116857,144.97337972519298,street_furniture_clean.csv
furniture-1120152,Seat - Concrete Bench Seat,street_furniture,Seat,,3.0,-37.80039711947275,144.96018405887668,street_furniture_clean.csv
furniture-1120153,Seat - Concrete Bench Seat,street_furniture,Seat,,3.0,-37.80038606499033,144.9600661330929,street_furniture_clean.csv
furniture-1120154,Seat - Concrete Bench Seat,street_furniture,Seat,,3.0,-37.8006339655,144.95999253109747,street_furniture_clean.csv
furniture-1120157,Seat - Concrete Bench Seat,street_furniture,Seat,,3.0,-37.800455667012,144.96072873673592,street_furniture_clean.csv
furniture-1120159,Seat - Wooden Slats Set in Bluestone - Pleasance Gardens,street_furniture,Seat,,3.0,-37.796421223907096,144.94534810293428,street_furniture_clean.csv
furniture-1120160,Seat - Wooden Slats Set in Bluestone - Pleasance Gardens,street_furniture,Seat,,3.0,-37.79641427183462,144.9452750448162,street_furniture_clean.csv
furniture-1120176,Seat - Womens Peace Garden Bench,street_furniture,Seat,,3.0,-37.79098853018103,144.92375896525292,street_furniture_clean.csv
furniture-1120214,Seat - Alloy Frame and Narrow Wooden Slats - Birrarung Marr,street_furniture,Seat,,4.0,-37.81865700666586,144.97184796668782,street_furniture_clean.csv
furniture-1120224,Seat - Stainless Frame with Narrow Wooden Slats (Back to Back) - Argyle Square,street_furniture,Seat,,4.0,-37.8026047044458,144.96577240662296,street_furniture_clean.csv
furniture-1120226,Seat - Stainless Frame with Narrow Wooden Slats (Back to Back) - Argyle Square,street_furniture,Seat,,4.0,-37.8026222321593,144.96594195035755,street_furniture_clean.csv
furniture-1120275,Seat - Metal Seat - Weedon Reserve,street_furniture,Seat,,3.0,-37.81701271058651,144.98816845290415,street_furniture_clean.csv
furniture-1120281,Seat - Metal Seat - Weedon Reserve,street_furniture,Seat,,3.0,-37.81692833350919,144.98950701216052,street_furniture_clean.csv
furniture-1119492,Seat - Straight Seat - Wooden Battens - Type 2 - Fawkner Park,street_furniture,Seat,,3.0,-37.84191430566599,144.98232871125325,street_furniture_clean.csv
furniture-1284020,Seat - Alloy Frame and Narrow Wooden Slats - Birrarung Marr,street_furniture,Seat,,4.0,-37.81895097364087,144.97403096399387,street_furniture_clean.csv
furniture-1290811,Barbeque - Barbeque (Docklands - not categorised),street_furniture,Barbeque,,4.0,-37.8196434391829,144.94607342928472,street_furniture_clean.csv
furniture-1290831,Picnic Table,street_furniture,Picnic Setting,,3.0,-37.82083250044332,144.94653634950413,street_furniture_clean.csv
furniture-1290844,Seat - Unclassified - Point Park,street_furniture,Seat,,3.0,-37.823000333145146,144.94167837623618,street_furniture_clean.csv
furniture-1290849,Seat - Unclassified - Docklands Park,street_furniture,Seat,,3.0,-37.82080049209596,144.94646305293293,street_furniture_clean.csv
furniture-1119557,Seat - Straight Seat - Wooden Battens - Type 2 - Kings Domain,street_furniture,Seat,,4.0,-37.82272091003189,144.97411737032886,street_furniture_clean.csv
furniture-1290856,Seat - Unclassified - Docklands Park,street_furniture,Seat,,3.0,-37.820801553027536,144.9464412114655,street_furniture_clean.csv
furniture-1313058,Seat - Timber Seat with Aluminium Legs - Docklands,street_furniture,Seat,,3.16,-37.82448029298475,144.94657406805914,street_furniture_clean.csv
furniture-1313077,Drinking Fountain - Stainless Steel Drinking Fountain - Leaf Type,street_furniture,Drinking Fountain,,3.44,-37.81428678669901,144.94481901237222,street_furniture_clean.csv
furniture-1313089,Seat - Stainless Steel Straight Seat - Docklands,street_furniture,Seat,,3.43,-37.81485030216204,144.94201291567853,street_furniture_clean.csv
furniture-1313104,Drinking Fountain - Stainless Steel Drinking Fountain - Leaf Type,street_furniture,Drinking Fountain,,2.44,-37.82449321904346,144.945698116347,street_furniture_clean.csv
furniture-1119561,Seat - Straight Seat - Wooden Battens - Type 2 - Darling Square,street_furniture,Seat,,5.0,-37.81276141577769,144.98910332378355,street_furniture_clean.csv
furniture-1119724,Seat - Straight Seat - Wooden Battens - Type 2 - Kings Domain,street_furniture,Seat,,4.0,-37.822725229250686,144.97423222343969,street_furniture_clean.csv
furniture-1075229,Drinking Fountain - Stainless Steel Drinking Fountain - Leaf Type,street_furniture,Drinking Fountain,,3.45,-37.81386555249958,144.96475087670643,street_furniture_clean.csv
furniture-1075233,Drinking Fountain - Drinking Fountain - Monument Style Type 3,street_furniture,Drinking Fountain,,1.02,-37.81840304050843,144.9788593480922,street_furniture_clean.csv
furniture-1290843,Seat - Unclassified - Point Park,street_furniture,Seat,,4.0,-37.82296412268828,144.94151953625524,street_furniture_clean.csv
furniture-1078750,Seat - Stainless Steel Seat - 6m & LED lights,street_furniture,Seat,,2.45,-37.81373493577886,144.96464450492925,street_furniture_clean.csv
furniture-1078773,Seat - Stainless Steel Seat - Swivel,street_furniture,Seat,,3.45,-37.81373395450925,144.9651664961436,street_furniture_clean.csv
furniture-1078790,Seat - Stainless Steel Seat - Swivel,street_furniture,Seat,,3.45,-37.81374792916891,144.96467152421786,street_furniture_clean.csv
furniture-1078804,Seat - Stainless Steel Seat - Swivel,street_furniture,Seat,,3.45,-37.81386377564504,144.96467936118438,street_furniture_clean.csv
furniture-1078884,Seat - Metal Bench on electrical control box,street_furniture,Seat,,3.17,-37.804690965059166,144.95846841249153,street_furniture_clean.csv
furniture-1078894,Seat - Stainless Steel Straight Seat,street_furniture,Seat,,3.37,-37.81206878796203,144.97097005370978,street_furniture_clean.csv
furniture-1078897,Seat - Stainless Steel Straight Seat,street_furniture,Seat,,1.37,-37.811799831863965,144.97117665585947,street_furniture_clean.csv
furniture-1079092,Seat - Stainless Steel Straight Seat,street_furniture,Seat,,4.34,-37.80800186451844,144.96059940387386,street_furniture_clean.csv
furniture-1079168,Seat - Stainless Steel Straight Seat,street_furniture,Seat,,1.4,-37.81037512353378,144.96993528118398,street_furniture_clean.csv
furniture-1079180,Seat - Metal Seat,street_furniture,Seat,,1.0,-37.82534891124645,144.96033732441165,street_furniture_clean.csv
furniture-1079254,Seat - Flat Bench Seat - L Shaped,street_furniture,Seat,,2.92,-37.797468925251486,144.9714324233693,street_furniture_clean.csv
furniture-1079306,Seat - Stainless Steel Straight Seat,street_furniture,Seat,,3.44,-37.813335445218165,144.9735530226345,street_furniture_clean.csv
furniture-1079324,Seat - Metal Seat,street_furniture,Seat,,3.11,-37.81811696866492,144.95666684012477,street_furniture_clean.csv
furniture-1079408,Seat - Stainless Steel Straight Seat,street_furniture,Seat,,3.42,-37.80952554964703,144.96674197780283,street_furniture_clean.csv
furniture-1079443,Seat - Metal Seat,street_furniture,Seat,,3.09,-37.81154618952253,144.95754738877395,street_furniture_clean.csv
furniture-1079495,Seat - Metal Seat,street_furniture,Seat,,3.03,-37.82357142051848,144.98138305679683,street_furniture_clean.csv
furniture-1079503,Seat - Metal Seat,street_furniture,Seat,,2.85,-37.79210376940522,144.92566348940312,street_furniture_clean.csv
furniture-1079511,Seat - Metal Seat,street_furniture,Seat,,3.02,-37.82691701030345,144.96613845887245,street_furniture_clean.csv
furniture-1079530,Seat - Stainless Steel Straight Seat,street_furniture,Seat,,3.4,-37.81029366667098,144.96943931194198,street_furniture_clean.csv
furniture-1079551,Seat - Metal Seat,street_furniture,Seat,,2.99,-37.82775307160088,144.96732539372698,street_furniture_clean.csv
furniture-1079650,Seat - Metal Seat,street_furniture,Seat,,2.86,-37.811788539184825,144.9841722529796,street_furniture_clean.csv
furniture-1079679,Seat - Metal Seat,street_furniture,Seat,,3.02,-37.82353904006484,144.96590332667293,street_furniture_clean.csv
furniture-1079688,Seat - Metal Seat,street_furniture,Seat,,3.16,-37.81980796306877,144.96678849010246,street_furniture_clean.csv
furniture-1079708,Seat - Metal Seat,street_furniture,Seat,,3.16,-37.82065014437521,144.9631145818233,street_furniture_clean.csv
furniture-1079712,Seat - Metal Seat,street_furniture,Seat,,3.16,-37.82061300817219,144.96325999409206,street_furniture_clean.csv
furniture-1079713,Seat - Metal Seat,street_furniture,Seat,,2.16,-37.82051185992892,144.96329435668838,street_furniture_clean.csv
furniture-1079714,Seat - Metal Seat,street_furniture,Seat,,3.16,-37.82057349786898,144.9633932021983,street_furniture_clean.csv
furniture-1079721,Seat - Metal Seat,street_furniture,Seat,,3.12,-37.8136542458659,144.95461571150798,street_furniture_clean.csv
furniture-1079775,Seat - Metal Seat,street_furniture,Seat,,2.96,-37.79494009138262,144.9291129423506,street_furniture_clean.csv
furniture-1079808,Seat - Metal Seat,street_furniture,Seat,,2.04,-37.80200147941339,144.9498205357716,street_furniture_clean.csv
furniture-1079819,Seat - Metal Seat,street_furniture,Seat,,3.16,-37.80921343142527,144.97587783450965,street_furniture_clean.csv
furniture-1079826,Seat - Stainless Steel Straight Seat,street_furniture,Seat,,3.42,-37.81613996216285,144.98408751020932,street_furniture_clean.csv
furniture-1079848,Seat - Metal Seat,street_furniture,Seat,,3.1,-37.81046924480544,144.96884009028557,street_furniture_clean.csv
furniture-1079900,Seat - Straight Seat - Wooden Battens,street_furniture,Seat,,3.11,-37.809886152823374,144.9553727184537,street_furniture_clean.csv
furniture-1079910,Seat - Straight Seat - Wooden Battens - Type 2,street_furniture,Seat,,1.79,-37.8331492754946,144.979679215248,street_furniture_clean.csv
furniture-1079918,Seat - Straight Seat - Wooden Battens - Type 2,street_furniture,Seat,,1.0,-37.820235949168,144.95993335894167,street_furniture_clean.csv
furniture-1110857,Barbeque - Urban Design Double Hotplate,street_furniture,Barbeque,,4.0,-37.78305873613581,144.94436043862848,street_furniture_clean.csv
furniture-1110859,Barbeque - Urban Design Double Hotplate,street_furniture,Barbeque,,4.0,-37.78291658834687,144.94362553123742,street_furniture_clean.csv
furniture-1360471,Picnic Setting - Urban Design Style,street_furniture,Picnic Setting,,4.0,-37.77958924044802,144.93983918292037,street_furniture_clean.csv
furniture-1361458,Seat - Metal Bench,street_furniture,Seat,,2.86,-37.78854900491764,144.92628298541828,street_furniture_clean.csv
furniture-1514352,Seat - Metal Bench,street_furniture,Seat,,3.16,-37.817079059872725,144.9673647977785,street_furniture_clean.csv
furniture-1514855,Seat - Stainless Steel Seat - Fixed,street_furniture,Seat,,4.44,-37.81385583261628,144.9656694388076,street_furniture_clean.csv
furniture-1515394,Picnic Setting - Urban Design Style - Fawkner Park,street_furniture,Picnic Setting,,3.0,-37.84323638308516,144.97967317323491,street_furniture_clean.csv
furniture-1546799,Seat - Unclassified,street_furniture,Seat,,4.0,-37.79930041795452,144.95052134392844,street_furniture_clean.csv
furniture-1546802,Seat - Unclassified,street_furniture,Seat,,4.0,-37.79936075090267,144.95060156142415,street_furniture_clean.csv
furniture-1517564,Seat - Straight Seat - Wooden Battens - Type 2 - State Library of Victoria,street_furniture,Seat,,3.0,-37.81007884723878,144.96443504048227,street_furniture_clean.csv
furniture-1550170,Seat - Stainless Steel Seat - Fixed,street_furniture,Seat,,3.45,-37.81646846655102,144.96284114190698,street_furniture_clean.csv
furniture-1530536,Seat - Metal Seat - St Augustine's (MELBOURNE),street_furniture,Seat,,3.0,-37.81681911416541,144.95498081671687,street_furniture_clean.csv
furniture-1546804,Seat - Unclassified,street_furniture,Seat,,1.0,-37.799321391919904,144.9505614228174,street_furniture_clean.csv
furniture-1551574,Seat - Urban Design Park Style - Green Powder Coat -Warun Biik Park,street_furniture,Seat,,3.0,-37.796213466951926,144.92681934002678,street_furniture_clean.csv
furniture-1553772,Information Pillar - Seconday Information Hub - Illuminated,street_furniture,Information Pillar,,2.17,-37.823639049615615,144.95585446903354,street_furniture_clean.csv
furniture-1555901,Seat - Stainless Steel Straight Seat,street_furniture,Seat,,3.44,-37.81161031858151,144.9618204905991,street_furniture_clean.csv
furniture-1556986,Seat - Stainless Steel Straight Seat - Station Street Park,street_furniture,Seat,,4.0,-37.797367467355016,144.9739198614213,street_furniture_clean.csv
furniture-1556990,Seat - Stainless Steel Straight Seat - Station Street Park,street_furniture,Seat,,4.0,-37.7976595254592,144.97391903623472,street_furniture_clean.csv
furniture-1557011,Seat - Flat Bench Seat - Wooden Battens,street_furniture,Seat,,2.16,-37.81883067028952,144.94425573033735,street_furniture_clean.csv
furniture-1556978,Seat - Stainless Steel Straight Seat - Station Street Park,street_furniture,Seat,,4.0,-37.79691906162587,144.97408872395874,street_furniture_clean.csv
furniture-1565482,Seat - Stainless Steel Straight Seat,street_furniture,Seat,,3.3,-37.82136314587239,144.94479779437347,street_furniture_clean.csv
furniture-1566843,Seat - Metal Seat - Warun Biik Park,street_furniture,Seat,,3.0,-37.7963809930301,144.92593894382398,street_furniture_clean.csv
furniture-1566854,Seat - Straight Seat - Wooden Battens - Type 2 - Parkville Gardens,street_furniture,Seat,,3.0,-37.77698424536121,144.93930045018556,street_furniture_clean.csv
furniture-1552652,Seat - Stainless Steel Straight Seat,street_furniture,Seat,,4.44,-37.81461124651708,144.96629823959574,street_furniture_clean.csv
furniture-1567002,Seat - Stainless Steel Seat - Fixed,street_furniture,Seat,,3.45,-37.81707697385486,144.9607398702854,street_furniture_clean.csv
furniture-1567826,Seat - Straight Seat - Wooden Battens,street_furniture,Seat,,1.79,-37.82365208276182,144.9714159520763,street_furniture_clean.csv
furniture-1568580,Seat - Straight Seat - Wooden Battens - Type 2 - Howard and William Street Reserve,street_furniture,Seat,,4.0,-37.80612474475646,144.95361452013174,street_furniture_clean.csv
furniture-1568590,Seat - Straight Seat - Wooden Battens - Type 2 - Howard and William Street Reserve,street_furniture,Seat,,4.0,-37.80671011768701,144.95363868196236,street_furniture_clean.csv
furniture-1568592,Seat - Straight Seat - Wooden Battens - Type 2 - Howard and William Street Reserve,street_furniture,Seat,,4.0,-37.80694918796196,144.95359653046103,street_furniture_clean.csv
furniture-1554071,Seat - Metal Bench,street_furniture,Seat,,1.93,-37.817247341527626,144.9539427432983,street_furniture_clean.csv
furniture-1569668,Seat - Straight Seat - Wooden Battens - Type 2 - The Avenue (PARKVILLE),street_furniture,Seat,,3.0,-37.78124517135301,144.95736502341248,street_furniture_clean.csv
furniture-1569724,Seat - Stainless Frame with Narrow Wooden Slats (Back to Back) - Argyle Square,street_furniture,Seat,,4.0,-37.802990024470624,144.96585451315167,street_furniture_clean.csv
furniture-1556987,Seat - Stainless Steel Straight Seat - Station Street Park,street_furniture,Seat,,4.0,-37.797397604407344,144.9740268150173,street_furniture_clean.csv
furniture-1557648,Picnic Setting - Urban Design Style - Galada Avenue,street_furniture,Picnic Setting,,4.0,-37.77938885666665,144.93978468353518,street_furniture_clean.csv
furniture-1572824,Drinking Fountain - Stainless Steel Drinking Fountain - Leaf Type - Bottle Refill Tap,street_furniture,Drinking Fountain,,3.4,-37.81261776692698,144.9683505786709,street_furniture_clean.csv
furniture-1573377,Seat - Stainless Steel Seat - Fixed,street_furniture,Seat,,3.4,-37.81741363597897,144.95577062388526,street_furniture_clean.csv
furniture-1576182,Drinking Fountain - Stainless Steel Drinking Fountain - Leaf Type - Bottle Refill Tap,street_furniture,Drinking Fountain,,3.42,-37.81243580767888,144.97368439844223,street_furniture_clean.csv
furniture-1577152,Seat - Stainless Steel Bench - Docklands,street_furniture,Seat,,3.3,-37.81802541473787,144.9496377308866,street_furniture_clean.csv
furniture-1578236,Seat - Stainless Steel Seat - Swivel,street_furniture,Seat,,3.44,-37.82239952884132,144.9391081277436,street_furniture_clean.csv
furniture-1579831,Seat - Metal Seat - Kensington Banks Type,street_furniture,Seat,,1.59,-37.79476288976723,144.91980506328017,street_furniture_clean.csv
furniture-1571043,Seat - Metal Seat,street_furniture,Seat,,3.05,-37.795687164737,144.933257895732,street_furniture_clean.csv
furniture-1579966,Drinking Fountain - Stainless Steel Drinking Fountain - Leaf Type,street_furniture,Drinking Fountain,,4.0,-37.81536210793982,144.97970486535712,street_furniture_clean.csv
furniture-1590029,Drinking Fountain - Stainless Steel Drinking Fountain - Leaf Type,street_furniture,Drinking Fountain,,3.4,-37.79701104423778,144.96719442537855,street_furniture_clean.csv
furniture-1569712,Seat - Stainless Steel Seat - Swivel,street_furniture,Seat,,3.0,-37.83898510309838,144.98049313873167,street_furniture_clean.csv
furniture-1569727,Seat - Stainless Frame with Narrow Wooden Slats (Back to Back) - Argyle Square,street_furniture,Seat,,4.0,-37.8029751079149,144.9657265798839,street_furniture_clean.csv
furniture-1578229,Seat - Stainless Steel Straight Seat,street_furniture,Seat,,3.44,-37.82246321553158,144.9398893349214,street_furniture_clean.csv
furniture-1578230,Seat - Stainless Steel Straight Seat,street_furniture,Seat,,3.44,-37.82244426835168,144.93979534087006,street_furniture_clean.csv
furniture-1597364,Seat - Straight Seat - Wooden Battens - Type 2 - Royal Park,street_furniture,Seat,,4.0,-37.77755374252578,144.9536104261938,street_furniture_clean.csv
furniture-1599656,Seat - Straight Seat - Wooden Battens - Type 2 - Parkville Gardens,street_furniture,Seat,,4.0,-37.77750683143645,144.94002132313403,street_furniture_clean.csv
furniture-1599662,Seat - Straight Seat - Wooden Battens - Type 2 - Garrard Street Reserve,street_furniture,Seat,,4.0,-37.77920581172666,144.9420777224796,street_furniture_clean.csv
furniture-1600061,Seat - Straight Seat - Wooden Battens - Type 2 - Royal Park,street_furniture,Seat,,3.0,-37.78201963462171,144.95620597866136,street_furniture_clean.csv
furniture-1600537,Seat - Straight Seat - Wooden Battens - Type 2 - Neill Street Reserve,street_furniture,Seat,,3.0,-37.795749503466574,144.96849073091232,street_furniture_clean.csv
furniture-1633457,Seat - Straight Seat - Wooden Battens - Type 2 - Ron Barassi Senior Park,street_furniture,Seat,,4.0,-37.81598280363136,144.93546486079154,street_furniture_clean.csv
furniture-1633472,Picnic Setting - Urban Design Style - Ron Barassi Senior Park,street_furniture,Picnic Setting,,5.0,-37.81704315741718,144.93419266326967,street_furniture_clean.csv
furniture-1608305,Seat - Straight Seat - Wooden Battens - Type 2 - Royal Park,street_furniture,Seat,,4.0,-37.79465565351504,144.95187269115954,street_furniture_clean.csv
furniture-1639821,Seat - Metal frame Wooden Slats,street_furniture,Seat,,3.17,-37.79995726098267,144.9572678010079,street_furniture_clean.csv
furniture-1618508,Drinking Fountain - Stainless Steel Drinking Fountain - Leaf Type - Parliament Reserve,street_furniture,Drinking Fountain,,4.0,-37.80980631970157,144.97383443627947,street_furniture_clean.csv
furniture-1643456,Seat - Metal Seat,street_furniture,Seat,,2.24,-37.8069995134507,144.9640433486721,street_furniture_clean.csv
furniture-1741002,Seat - Stainless Steel Straight Seat,street_furniture,Seat,,3.42,-37.80932678477422,144.9663526011375,street_furniture_clean.csv
furniture-1742341,Seat - Straight Seat - Wooden Battens - Type 2 - Hawke and Adderley Street Park,street_furniture,Seat,,4.0,-37.80885180314319,144.94474641062027,street_furniture_clean.csv
furniture-1742440,Seat - Straight Seat - Wooden Battens - Type 2 - Bellair Street Reserve,street_furniture,Seat,,5.0,-37.79496153246937,144.9307531241509,street_furniture_clean.csv
furniture-1742446,Seat - Platform Style - Bellair Street Reserve,street_furniture,Seat,,4.0,-37.79510501517281,144.93077966938387,street_furniture_clean.csv
furniture-1742635,Seat - Timber Seat with Aluminium Legs - Docklands,street_furniture,Seat,,3.16,-37.81989377717344,144.94048585399426,street_furniture_clean.csv
furniture-1742636,Seat - Timber Seat with Aluminium Legs - Docklands,street_furniture,Seat,,3.16,-37.81986836332836,144.94056824094775,street_furniture_clean.csv
furniture-1744105,Seat - Unclassified - Wildlife Sanctuary,street_furniture,Seat,,3.0,-37.80221867740256,144.91469135290504,street_furniture_clean.csv
furniture-1744317,Seat - Stainless Steel Straight Seat,street_furniture,Seat,,3.3,-37.824096944106735,144.94261017907766,street_furniture_clean.csv
furniture-1745064,Seat - Unclassified - Hub@Docklands,street_furniture,Seat,,5.0,-37.82046489797752,144.94825173386616,street_furniture_clean.csv
furniture-1739000,Seat - Stainless Steel Straight Seat,street_furniture,Seat,,3.44,-37.81512733212366,144.9604930619801,street_furniture_clean.csv
furniture-1742638,Seat - Stainless Steel Straight Seat - Docklands,street_furniture,Seat,,3.44,-37.819862184374585,144.94097238476044,street_furniture_clean.csv
furniture-1742640,Seat - Stainless Steel Straight Seat - Docklands,street_furniture,Seat,,3.44,-37.81970013247864,144.94134223455254,street_furniture_clean.csv
furniture-1744103,Seat - Unclassified - Wildlife Sanctuary,street_furniture,Seat,,3.0,-37.80332718097976,144.91234013337152,street_furniture_clean.csv
furniture-1075217,Drinking Fountain - Concrete Drinking Fountain,street_furniture,Drinking Fountain,,4.0,-37.77845421707277,144.95603509792244,street_furniture_clean.csv
furniture-1075237,Drinking Fountain - Ornamental Drinking Fountain - Errol St North Melbourne,street_furniture,Drinking Fountain,,3.28,-37.80333644461803,144.94973046402842,street_furniture_clean.csv
furniture-1075257,Drinking Fountain - Stainless Steel Drinking Fountain - Leaf Type,street_furniture,Drinking Fountain,,3.44,-37.812430045460935,144.96501543858767,street_furniture_clean.csv
furniture-1075272,Drinking Fountain - Drinking Fountain - Type 1,street_furniture,Drinking Fountain,,2.31,-37.81956008903184,144.96060041327848,street_furniture_clean.csv
furniture-1075324,Drinking Fountain - Stainless Steel Drinking Fountain - Leaf Type,street_furniture,Drinking Fountain,,3.25,-37.79275280598382,144.96844335889637,street_furniture_clean.csv
furniture-1078756,Seat - Stainless Steel Seat - Fixed,street_furniture,Seat,,3.45,-37.81384045304824,144.96480552323362,street_furniture_clean.csv
furniture-1078765,Seat - Stainless Steel Seat - Fixed,street_furniture,Seat,,3.45,-37.81378278476283,144.96505099336127,street_furniture_clean.csv
furniture-1078781,Seat - Stainless Steel Seat - Fixed,street_furniture,Seat,,3.45,-37.81364647447141,144.96501145708964,street_furniture_clean.csv
furniture-1078789,Seat - Stainless Steel Seat - Fixed,street_furniture,Seat,,4.45,-37.81373176170484,144.9647476218233,street_furniture_clean.csv
furniture-1078793,Seat - Stainless Steel Seat - Fixed,street_furniture,Seat,,4.45,-37.81413477316872,144.9637940595238,street_furniture_clean.csv
furniture-1078810,Seat - Stainless Steel Seat - Swivel,street_furniture,Seat,,4.45,-37.81392403830026,144.964036693772,street_furniture_clean.csv
furniture-1078818,Seat - Stainless Steel Seat - Swivel,street_furniture,Seat,,4.45,-37.8136095548524,144.9651591204569,street_furniture_clean.csv
furniture-1078826,Seat - Metal Bench,street_furniture,Seat,,3.17,-37.817881969769246,144.95863746812117,street_furniture_clean.csv
furniture-1078833,Seat - Metal Bench,street_furniture,Seat,,2.92,-37.79566533141276,144.97126655385827,street_furniture_clean.csv
furniture-1078872,Seat - Metal Bench,street_furniture,Seat,,3.17,-37.81816736049329,144.9576494591419,street_furniture_clean.csv
furniture-1078877,Seat - Metal Bench on electrical control box,street_furniture,Seat,,3.12,-37.815993511985205,144.95288876174843,street_furniture_clean.csv
furniture-1078882,Seat - Stainless Steel Straight Seat,street_furniture,Seat,,2.37,-37.81160402399468,144.97254851354586,street_furniture_clean.csv
furniture-1078883,Seat - Stainless Steel Straight Seat,street_furniture,Seat,,2.37,-37.81164100756977,144.9724144868978,street_furniture_clean.csv
furniture-1078909,Seat - Stainless Steel Seat - Fixed,street_furniture,Seat,,4.45,-37.81401530503714,144.9637643997312,street_furniture_clean.csv
furniture-1078949,Seat - Metal Semi-circular Seats,street_furniture,Seat,,3.17,-37.79901065600265,144.96734505645983,street_furniture_clean.csv
furniture-1078955,Seat - Metal Semi-circular Seats,street_furniture,Seat,,3.17,-37.79943290638595,144.96726953981184,street_furniture_clean.csv
furniture-1078965,Seat - Metal Semi-circular Seats,street_furniture,Seat,,3.17,-37.79837487606967,144.96721984079736,street_furniture_clean.csv
furniture-1079022,Seat - Metal Bench,street_furniture,Seat,,2.12,-37.80946196359583,144.96083433819527,street_furniture_clean.csv
furniture-1079055,Seat - Metal Bench,street_furniture,Seat,,2.44,-37.80514649156216,144.94875971985144,street_furniture_clean.csv
furniture-1079057,Seat - Metal Bench,street_furniture,Seat,,3.03,-37.80576625826453,144.953972430323,street_furniture_clean.csv
furniture-1515397,Seat - Straight Seat - Wooden Battens - Type 2 - Fawkner Park,street_furniture,Seat,,4.0,-37.83824443212938,144.98164420513322,street_furniture_clean.csv
furniture-1079088,Seat - Metal Bench,street_furniture,Seat,,2.98,-37.79695105580775,144.95567526165502,street_furniture_clean.csv
furniture-1079119,Seat - Metal Bench,street_furniture,Seat,,3.16,-37.80717285571706,144.9593604099688,street_furniture_clean.csv
furniture-1079167,Seat - Stainless Steel Straight Seat,street_furniture,Seat,,2.4,-37.810470900381326,144.9696833298997,street_furniture_clean.csv
furniture-1079170,Seat - Metal Seat,street_furniture,Seat,,2.13,-37.811240020099504,144.97032948960592,street_furniture_clean.csv
furniture-1079184,Seat - Metal Seat,street_furniture,Seat,,3.17,-37.79837619192251,144.95741073282036,street_furniture_clean.csv
furniture-1079206,Seat - Metal Seat,street_furniture,Seat,,3.14,-37.79355585496287,144.9184124662096,street_furniture_clean.csv
furniture-1079217,Seat - Metal Seat,street_furniture,Seat,,3.11,-37.818686863857145,144.95664044542977,street_furniture_clean.csv
furniture-1079220,Seat - Metal Seat,street_furniture,Seat,,3.11,-37.82004689755372,144.9572574072365,street_furniture_clean.csv
furniture-1079428,Seat - Stainless Steel Straight Seat,street_furniture,Seat,,2.4,-37.809509968117794,144.9692439435633,street_furniture_clean.csv
furniture-1079447,Seat - Metal Seat,street_furniture,Seat,,3.16,-37.82005865650607,144.96542609130918,street_furniture_clean.csv
furniture-1079473,Seat - Metal Seat,street_furniture,Seat,,3.16,-37.811603014657805,144.96207536168163,street_furniture_clean.csv
furniture-1079492,Seat - Metal Seat,street_furniture,Seat,,3.16,-37.81291394214673,144.96047150782738,street_furniture_clean.csv
furniture-1079509,Seat - Metal Seat,street_furniture,Seat,,1.99,-37.8252831013943,144.9694073944615,street_furniture_clean.csv
furniture-1115259,Drinking Fountain - Stainless Steel Drinking Fountain - Leaf Type - Alexandra Gardens,street_furniture,Drinking Fountain,,3.0,-37.82087796877212,144.97293196853022,street_furniture_clean.csv
furniture-1115260,Drinking Fountain - Treated Timber Drinking Fountain - Flagstaff Gardens,street_furniture,Drinking Fountain,,3.0,-37.809792956338455,144.95510199726527,street_furniture_clean.csv
furniture-1115275,Drinking Fountain - Stainless Steel Drinking Fountain - Leaf Type - Argyle Square,street_furniture,Drinking Fountain,,4.0,-37.80225790808832,144.96613628041044,street_furniture_clean.csv
furniture-1119046,Seat - Straight Seat - Wooden Battens - Type 2 - Reserve (1-19 Frearson Walk),street_furniture,Seat,,3.0,-37.795104827919374,144.9242656021468,street_furniture_clean.csv
furniture-1313800,Seat - Stainless Steel Seat - Fixed,street_furniture,Seat,,3.22,-37.81348187806281,144.957711573081,street_furniture_clean.csv
furniture-1119148,Seat - Straight Seat - Wooden Battens - Type 2 - JJ Holland Park,street_furniture,Seat,,4.0,-37.79903581975918,144.92623412905576,street_furniture_clean.csv
furniture-1119166,Seat - Straight Seat - Wooden Battens - Type 2 - Rogans Lane (KENSINGTON),street_furniture,Seat,,3.0,-37.79181550258728,144.92331235078584,street_furniture_clean.csv
furniture-1119190,Seat - Straight Seat - Wooden Battens - Type 2 - Princes Park,street_furniture,Seat,,3.0,-37.77901855632831,144.96043957514877,street_furniture_clean.csv
furniture-1290863,Seat - Unclassified - Docklands Park,street_furniture,Seat,,4.0,-37.820128275584814,144.94644056027408,street_furniture_clean.csv
furniture-1119248,Seat - Straight Seat - Wooden Battens - Type 2 - Reserve (1-19 Frearson Walk),street_furniture,Seat,,4.0,-37.79469958186313,144.92360169362456,street_furniture_clean.csv
furniture-1313936,Seat - Metal Bench,street_furniture,Seat,,3.14,-37.80617198070631,144.96434151459414,street_furniture_clean.csv
furniture-1120158,Seat - Concrete Bench Seat,street_furniture,Seat,,3.0,-37.80067762645046,144.96059860917327,street_furniture_clean.csv
furniture-1120175,Seat - Wooden Slats Set in Bluestone - Alexandra Gardens,street_furniture,Seat,,3.0,-37.81990077594512,144.97309673214272,street_furniture_clean.csv
furniture-1120208,Seat - Alloy Frame and Narrow Wooden Slats - Birrarung Marr,street_furniture,Seat,,4.0,-37.81877032574112,144.97258293590644,street_furniture_clean.csv
furniture-1120220,Seat - Straight Seat - Wooden Battens - Type 2 - Fitzroy Gardens,street_furniture,Seat,,4.0,-37.81190188789186,144.97959654613743,street_furniture_clean.csv
furniture-1120227,Seat - Stainless Frame with Narrow Wooden Slats (Back to Back) - Argyle Square,street_furniture,Seat,,3.0,-37.80262936146327,144.96601035523182,street_furniture_clean.csv
furniture-1120264,Seat - Metal Seat - Pleasance Gardens,street_furniture,Seat,,3.0,-37.7962670398395,144.94489401937332,street_furniture_clean.csv
furniture-1120283,Seat - Stainless Steel Curved - Narrow Stainless Slats - Lincoln Square,street_furniture,Seat,,4.0,-37.80256420505492,144.9632104297637,street_furniture_clean.csv
furniture-1283655,Drinking fountain - Historic or Heritage Drinking Fountains - Princes Park,street_furniture,Drinking Fountain,,4.0,-37.77990316842913,144.96103894553204,street_furniture_clean.csv
furniture-1283658,Picnic Setting - Urban Design Style - JJ Holland Park,street_furniture,Picnic Setting,,3.0,-37.79801079445144,144.92131515861075,street_furniture_clean.csv
furniture-1283678,Seat - Straight Seat - Wooden Battens - Type 2 - Royal Park,street_furniture,Seat,,3.0,-37.78349998253779,144.94748836203024,street_furniture_clean.csv
furniture-1283950,Drinking fountain - Historic or Heritage Drinking Fountains - Alexandra Park,street_furniture,Drinking Fountain,,4.0,-37.827087271632976,144.98504460154422,street_furniture_clean.csv
furniture-1290816,Barbeque - Barbeque (Docklands - not categorised),street_furniture,Barbeque,,4.0,-37.82198672976836,144.94727063202177,street_furniture_clean.csv
furniture-1290820,Picnic Table,street_furniture,Picnic Setting,,3.0,-37.82085484096736,144.94657719597132,street_furniture_clean.csv
furniture-1290857,Seat - Unclassified - Docklands Park,street_furniture,Seat,,3.0,-37.82083414840413,144.9465223304705,street_furniture_clean.csv
furniture-1290859,Seat - Unclassified - Docklands Park,street_furniture,Seat,,3.0,-37.820824230846405,144.94644455904617,street_furniture_clean.csv
furniture-1290860,Seat - Unclassified - Docklands Park,street_furniture,Seat,,3.0,-37.820828626181736,144.94652089306456,street_furniture_clean.csv
furniture-1312945,Seat - Stainless Steel Straight Seat,street_furniture,Seat,,4.45,-37.813502694995925,144.9659843587968,street_furniture_clean.csv
furniture-1313042,Seat - Stainless Steel Straight Seat - Docklands,street_furniture,Seat,,3.44,-37.814950279739,144.94164901929403,street_furniture_clean.csv
furniture-1313073,Seat - Timber Bench with Aluminium Legs - Docklands,street_furniture,Seat,,3.16,-37.8242692992772,144.9437840934475,street_furniture_clean.csv
furniture-1119283,Seat - Straight Seat - Wooden Battens - Type 2 - Golden Elm Reserve,street_furniture,Seat,,4.0,-37.83060954619526,144.98744853783293,street_furniture_clean.csv
furniture-1313141,Seat - Stainless Steel Straight Seat - Docklands,street_furniture,Seat,,3.43,-37.81457322745809,144.9427369395613,street_furniture_clean.csv
furniture-1110848,Barbeque - Urban Design Single Hotplate,street_furniture,Barbeque,,3.0,-37.78681162435032,144.95295080957254,street_furniture_clean.csv
furniture-1118699,Picnic Setting - Urban Design Style,street_furniture,Picnic Setting,,3.0,-37.78518923497688,144.9622323086609,street_furniture_clean.csv
furniture-1118703,Picnic Setting - Urban Design Style,street_furniture,Picnic Setting,,3.0,-37.78705608831486,144.95303229389955,street_furniture_clean.csv
furniture-1118735,Picnic Setting - Urban Design Style,street_furniture,Picnic Setting,,3.0,-37.84245665592145,144.98193051412738,street_furniture_clean.csv
furniture-1118747,Picnic Setting - Triple Chess Style,street_furniture,Picnic Setting,,3.0,-37.81001271547613,144.95471586843175,street_furniture_clean.csv
furniture-1118775,Picnic Setting - Wooden Style,street_furniture,Picnic Setting,,4.0,-37.82176402401616,144.95732662251393,street_furniture_clean.csv
furniture-1118776,Picnic Setting - Wooden Style,street_furniture,Picnic Setting,,4.0,-37.82181009136651,144.95723412656213,street_furniture_clean.csv
furniture-1119048,Seat - Straight Seat - Wooden Battens - Type 2 - Princes Park,street_furniture,Seat,,4.0,-37.78170566046958,144.96063015542717,street_furniture_clean.csv
furniture-1119058,Seat - Straight Seat - Wooden Battens - Type 2 - Clayton Reserve,street_furniture,Seat,,3.0,-37.79685824797776,144.93896087240222,street_furniture_clean.csv
furniture-1119066,Seat - Straight Seat - Wooden Battens - Type 2 - Royal Park,street_furniture,Seat,,4.0,-37.793164164478014,144.94737741498557,street_furniture_clean.csv
furniture-1119086,Seat - Straight Seat - Wooden Battens - Type 2 - Princes Park,street_furniture,Seat,,3.0,-37.78121164243871,144.96209891473205,street_furniture_clean.csv
furniture-1119089,Seat - Straight Seat - Wooden Battens - Type 2 - JJ Holland Park,street_furniture,Seat,,4.0,-37.79916463067956,144.9260211015925,street_furniture_clean.csv
furniture-1119109,Seat - Straight Seat - Wooden Battens - Type 2 - Argyle Square,street_furniture,Seat,,3.0,-37.80293598136597,144.96601784379035,street_furniture_clean.csv
furniture-1119120,Seat - Straight Seat - Wooden Battens - Type 2 - Bayswater Road Park,street_furniture,Seat,,4.0,-37.79372402159117,144.92342561797832,street_furniture_clean.csv
furniture-1119143,Seat - Straight Seat - Wooden Battens - Type 2 - Royal Park,street_furniture,Seat,,4.0,-37.78666887083079,144.95314744712545,street_furniture_clean.csv
furniture-1119174,Seat - Straight Seat - Wooden Battens - Type 2 - Princes Park,street_furniture,Seat,,4.0,-37.78727351447287,144.96274463618357,street_furniture_clean.csv
furniture-1119192,Seat - Straight Seat - Wooden Battens - Type 2 - Royal Park,street_furniture,Seat,,3.0,-37.78518162396721,144.95474332321422,street_furniture_clean.csv
furniture-1119214,Seat - Straight Seat - Wooden Battens - Type 2 - JJ Holland Park,street_furniture,Seat,,4.0,-37.79811651403208,144.92101975410014,street_furniture_clean.csv
furniture-1119225,Seat - Straight Seat - Wooden Battens - Type 2 - Canning Street Reserve,street_furniture,Seat,,3.0,-37.79315797743846,144.97378957162195,street_furniture_clean.csv
furniture-1119260,Seat - Straight Seat - Wooden Battens - Type 2 - Royal Park,street_furniture,Seat,,3.0,-37.78269568788024,144.942736684634,street_furniture_clean.csv
furniture-1119271,Seat - Straight Seat - Wooden Battens - Type 2 - Royal Park,street_furniture,Seat,,3.0,-37.79033169294314,144.94382922526148,street_furniture_clean.csv
furniture-1119358,Seat - Straight Seat - Wooden Battens - Type 2 - Carlton Gardens South,street_furniture,Seat,,3.0,-37.805484891244326,144.97336261547844,street_furniture_clean.csv
furniture-1119365,Seat - Straight Seat - Wooden Battens - Type 2 - Darling Square,street_furniture,Seat,,4.0,-37.81239868638219,144.98935636701972,street_furniture_clean.csv
furniture-1119374,Seat - Straight Seat - Wooden Battens - Type 2 - Queen Victoria Gardens,street_furniture,Seat,,3.0,-37.821643327484445,144.97137211796775,street_furniture_clean.csv
furniture-1119382,Seat - Straight Seat - Wooden Battens - Type 2 - Fawkner Park,street_furniture,Seat,,4.0,-37.8417983580597,144.98268823803653,street_furniture_clean.csv
furniture-1119387,Seat - Straight Seat - Wooden Battens - Type 2 - Fawkner Park,street_furniture,Seat,,4.0,-37.83845293192065,144.9841405897354,street_furniture_clean.csv
furniture-1119404,Seat - Straight Seat - Wooden Battens - Type 2 - Fitzroy Gardens,street_furniture,Seat,,3.0,-37.81470237926344,144.97766938191197,street_furniture_clean.csv
furniture-1119410,Seat - Straight Seat - Wooden Battens - Type 2 - Fawkner Park,street_furniture,Seat,,3.0,-37.83862997430967,144.98492790200422,street_furniture_clean.csv
furniture-1119422,Seat - Straight Seat - Wooden Battens - Type 2 - Treasury Gardens,street_furniture,Seat,,3.0,-37.8139586210395,144.97625747885883,street_furniture_clean.csv
furniture-1119442,Seat - Straight Seat - Wooden Battens - Type 2 - Flagstaff Gardens,street_furniture,Seat,,4.0,-37.80963242945476,144.95450373090972,street_furniture_clean.csv
furniture-1119463,Seat - Straight Seat - Wooden Battens - Type 2 - Fawkner Park,street_furniture,Seat,,3.0,-37.84325765492135,144.97989396257896,street_furniture_clean.csv
furniture-1119517,Seat - Straight Seat - Wooden Battens - Type 2 - Powlett Reserve,street_furniture,Seat,,4.0,-37.81100466759875,144.98722097763442,street_furniture_clean.csv
furniture-1119525,Seat - Straight Seat - Wooden Battens - Type 2 - Flagstaff Gardens,street_furniture,Seat,,4.0,-37.81030809625779,144.9542942550678,street_furniture_clean.csv
furniture-1119546,Seat - Straight Seat - Wooden Battens - Type 2 - Fitzroy Gardens,street_furniture,Seat,,4.0,-37.81485968619139,144.97764089308498,street_furniture_clean.csv
furniture-1119568,Seat - Straight Seat - Wooden Battens - Type 2 - Fitzroy Gardens,street_furniture,Seat,,4.0,-37.81186126923215,144.98067495388057,street_furniture_clean.csv
furniture-1119749,Seat - Straight Seat - Wooden Battens - Type 2 - Fawkner Park,street_furniture,Seat,,4.0,-37.84515485795381,144.982818827575,street_furniture_clean.csv
furniture-1119762,Seat - Straight Seat - Wooden Battens - Type 2 - Flagstaff Gardens,street_furniture,Seat,,3.0,-37.8110850845212,144.95429916169786,street_furniture_clean.csv
furniture-1119769,Seat - Straight Seat - Wooden Battens - Type 2 - Fitzroy Gardens,street_furniture,Seat,,4.0,-37.81183065379635,144.98178023654222,street_furniture_clean.csv
furniture-1119770,Seat - Straight Seat - Wooden Battens - Type 2 - Fitzroy Gardens,street_furniture,Seat,,4.0,-37.811673604320255,144.98182381573696,street_furniture_clean.csv
furniture-1119774,Seat - Straight Seat - Wooden Battens - Type 2 - Shrine of Remembrance Reserve,street_furniture,Seat,,3.0,-37.82773405351394,144.97284467720982,street_furniture_clean.csv
furniture-1119779,Seat - Straight Seat - Wooden Battens - Type 2 - Fitzroy Gardens,street_furniture,Seat,,3.0,-37.81177377657462,144.97977724087158,street_furniture_clean.csv
furniture-1119816,Seat - Straight Seat - Wooden Battens - Type 2 - Powlett Reserve,street_furniture,Seat,,4.0,-37.81179228252855,144.9876734910299,street_furniture_clean.csv
furniture-1119834,Seat - Straight Seat - Wooden Battens - Type 2 - Fawkner Park,street_furniture,Seat,,3.0,-37.84150804659576,144.9834168340261,street_furniture_clean.csv
furniture-1119849,Seat - Metal Seat - Riverside Park,street_furniture,Seat,,4.0,-37.79521286967657,144.916564249985,street_furniture_clean.csv
furniture-1119852,Seat - Metal Seat - Royal Park,street_furniture,Seat,,3.0,-37.785553839003576,144.95319388337106,street_furniture_clean.csv
furniture-1119914,Seat - Metal Seat - Central Park Kensington,street_furniture,Seat,,4.0,-37.79487129098182,144.91960044599983,street_furniture_clean.csv
furniture-1119919,Seat - Metal Seat - Kensington Banks Type - Gilbertson Walk,street_furniture,Seat,,4.0,-37.79155288349174,144.92187579921122,street_furniture_clean.csv
furniture-1119930,Seat - Metal Seat - Burston Reserve,street_furniture,Seat,,3.0,-37.81135538740967,144.9752194661193,street_furniture_clean.csv
furniture-1119938,Seat - Straight Seat - Wooden Battens - Type 2 - Royal Park,street_furniture,Seat,,4.0,-37.78524028998397,144.94298655731455,street_furniture_clean.csv
furniture-1119993,Seat - Straight Seat - Wooden Battens - Type 2 - Stapley Parade Reserve,street_furniture,Seat,,4.0,-37.824030468628656,144.97869298703174,street_furniture_clean.csv
furniture-1120034,Seat - Straight Seat - Wooden Battens - Type 2 - Kings Domain South,street_furniture,Seat,,3.0,-37.83377289958416,144.98339069345002,street_furniture_clean.csv
furniture-1120078,Seat - Older Style Park Seat - Timber Slats - Queen Victoria Gardens,street_furniture,Seat,,3.0,-37.822280313248335,144.9718239872461,street_furniture_clean.csv
furniture-1120095,Seat - Linear Sports Seating with wide Wooden Slats - Royal Park,street_furniture,Seat,,4.0,-37.781447615224,144.95607378771504,street_furniture_clean.csv
furniture-1313967,Seat - Stainless Steel Straight Seat,street_furniture,Seat,,3.44,-37.81392563181295,144.97221850770288,street_furniture_clean.csv
furniture-1119293,Seat - Straight Seat - Wooden Battens - Type 2 - Powlett Reserve,street_furniture,Seat,,4.0,-37.81185970136922,144.98735246840863,street_furniture_clean.csv
furniture-1314035,Seat - Stainless Steel Straight Seat,street_furniture,Seat,,3.32,-37.82095214445986,144.96154296070893,street_furniture_clean.csv
furniture-1442990,Seat - Stainless Steel Bench - Docklands,street_furniture,Seat,,3.44,-37.81877502290602,144.94386091923965,street_furniture_clean.csv
furniture-1454504,Seat - Stainless Steel Straight Seat,street_furniture,Seat,,3.44,-37.81534222088237,144.95904481498346,street_furniture_clean.csv
furniture-1459060,Seat - Metal Seat - Park Type,street_furniture,Seat,,1.0,-37.79993900885018,144.9431825830294,street_furniture_clean.csv
furniture-1462451,Drinking Fountain - Stainless Steel Drinking Fountain - Leaf Type,street_furniture,Drinking Fountain,,3.44,-37.81992693832316,144.94314585668042,street_furniture_clean.csv
furniture-1363129,Seat - Stainless Steel Bench - Docklands,street_furniture,Seat,,3.44,-37.82067044383722,144.94819935030003,street_furniture_clean.csv
furniture-1475566,Seat - Fixed Single Seat,street_furniture,Seat,,3.17,-37.81692256216402,144.97332678781248,street_furniture_clean.csv
furniture-1490918,Seat - Urban Design Park Style - Green Powder Coat - Kings Domain,street_furniture,Seat,,4.0,-37.825279867081626,144.97634314434632,street_furniture_clean.csv
furniture-1490935,Seat - Urban Design Park Style - Green Powder Coat - Kings Domain,street_furniture,Seat,,4.0,-37.826694699220255,144.97477002102312,street_furniture_clean.csv
furniture-1491152,Seat - Urban Design Park Style - Green Powder Coat - Royal Park,street_furniture,Seat,,3.0,-37.78683162896602,144.95632367593817,street_furniture_clean.csv
furniture-1491162,Seat - Urban Design Park Style - Green Powder Coat - Royal Park,street_furniture,Seat,,4.0,-37.77949384168455,144.9563844388049,street_furniture_clean.csv
furniture-1491342,Seat - Urban Design Park Style - Green Powder Coat - Fawkner Park,street_furniture,Seat,,4.0,-37.84226864396528,144.97980106184912,street_furniture_clean.csv
furniture-1494749,Seat - Stainless Steel Straight Seat,street_furniture,Seat,,3.44,-37.81920667659926,144.96551946567538,street_furniture_clean.csv
furniture-1494754,Drinking Fountain - Stainless Steel Drinking Fountain - Leaf Type,street_furniture,Drinking Fountain,,3.44,-37.810438177722986,144.96409803572945,street_furniture_clean.csv
furniture-1494755,Seat - Stainless Steel Seat - 3m & LED lights,street_furniture,Seat,,3.44,-37.81003524091226,144.96391441354697,street_furniture_clean.csv
furniture-1496042,Seat - Wooden Bench,street_furniture,Seat,,3.15,-37.815958820341486,144.9391216448461,street_furniture_clean.csv
furniture-1503063,Seat - Urban Design Park Style - Green Powder Coat - Grant Street Reserve,street_furniture,Seat,,3.0,-37.825797171265,144.9690909796328,street_furniture_clean.csv
furniture-1507115,Seat - Metal Bench Around Tree Base,street_furniture,Seat,,3.16,-37.80996594447351,144.96388337661648,street_furniture_clean.csv
furniture-1490888,Seat - Urban Design Park Style - Green Powder Coat - Kings Domain,street_furniture,Seat,,4.0,-37.82324279302022,144.97270968805543,street_furniture_clean.csv
furniture-1475565,Seat - Fixed Single Seat,street_furniture,Seat,,3.17,-37.816887472930176,144.97329866619447,street_furniture_clean.csv
furniture-1510899,Seat - Stainless Steel Bench - Docklands - Victoria Green,street_furniture,Seat,,4.0,-37.8205846035272,144.94532333899812,street_furniture_clean.csv
furniture-1510905,Seat - Stainless Steel Bench - Docklands - Victoria Green,street_furniture,Seat,,4.0,-37.82061738383131,144.9453478772515,street_furniture_clean.csv
furniture-1511059,Information Pillar - Information Hub Pillar,street_furniture,Information Pillar,,3.25,-37.79253276939087,144.96848697511788,street_furniture_clean.csv
furniture-1514350,Seat - Metal Bench,street_furniture,Seat,,4.16,-37.816779699081735,144.967229648057,street_furniture_clean.csv
furniture-1514398,Seat - Stainless Steel Seat - Fixed,street_furniture,Seat,,3.29,-37.813387456621705,144.94080322137322,street_furniture_clean.csv
furniture-1514856,Seat - Stainless Steel Seat - Fixed,street_furniture,Seat,,4.44,-37.81383526791538,144.96566318768225,street_furniture_clean.csv
furniture-1514884,Seat - Stainless Steel Bench - Docklands,street_furniture,Seat,,3.44,-37.81962251168438,144.94247473709405,street_furniture_clean.csv
furniture-1517555,Seat - Stainless Frame with Narrow Wooden Slats (Back to Back) - State Library of Victoria,street_furniture,Seat,,3.0,-37.809936702237,144.96446461525372,street_furniture_clean.csv
furniture-1519509,Barbeque - Urban Design Double Hotplate Spanning Two Units - Alexandra Park,street_furniture,Barbeque,,4.0,-37.82444422516884,144.97780235114126,street_furniture_clean.csv
furniture-1519513,Picnic Settting - unspecified - Alexandra Park,street_furniture,Picnic Setting,,4.0,-37.82410648224061,144.97750959498103,street_furniture_clean.csv
furniture-1519702,Seat - Metal Seat,street_furniture,Seat,,3.09,-37.804808364576665,144.96441189836636,street_furniture_clean.csv
furniture-1529767,Seat - Metal Bench,street_furniture,Seat,,3.16,-37.81273022674763,144.96537523547315,street_furniture_clean.csv
furniture-1529810,Seat - Stainless Steel Curved - Narrow Stainless Slats,street_furniture,Seat,,1.44,-37.80808393233877,144.96299265858258,street_furniture_clean.csv
furniture-1529813,Seat - Metal Bench Around Tree Base,street_furniture,Seat,,4.16,-37.80790075116602,144.96291613863423,street_furniture_clean.csv
furniture-1529815,Seat - Metal Bench Around Tree Base,street_furniture,Seat,,4.16,-37.80778606496268,144.96285556939551,street_furniture_clean.csv
furniture-1531380,Seat - Metal Bench,street_furniture,Seat,,2.95,-37.82136398597755,144.94567730351088,street_furniture_clean.csv
furniture-1749208,Seat - Stainless Steel Seat - Fixed,street_furniture,Seat,,3.44,-37.821646597575935,144.93630915380453,street_furniture_clean.csv
furniture-1751217,Seat - Straight Seat - Wooden Battens - Type 2 - Railway Place And Miller Street Reserve,street_furniture,Seat,,4.0,-37.80570643026007,144.94179486752537,street_furniture_clean.csv
furniture-1753308,Seat - Straight Seat - Wooden Battens - Type 2 - New Quay Central Park,street_furniture,Seat,,5.0,-37.81464744410187,144.93886992500953,street_furniture_clean.csv
furniture-1753309,Seat - Unclassified - New Quay Central Park,street_furniture,Seat,,4.0,-37.81476735702354,144.93866211861055,street_furniture_clean.csv
furniture-1755730,Seat - Stainless Steel Bench - Docklands - Point Park,street_furniture,Seat,,4.0,-37.823291900855104,144.94247973382934,street_furniture_clean.csv
furniture-1756333,Drinking Fountain - Stainless Steel Drinking Fountain - Leaf Type - Kings Domain South,street_furniture,Drinking Fountain,,4.0,-37.82939489447568,144.97402641133465,street_furniture_clean.csv
furniture-1757693,Drinking Fountain - Stainless Steel Drinking Fountain - Leaf Type - Royal Park,street_furniture,Drinking Fountain,,4.0,-37.777124890749405,144.95150670643167,street_furniture_clean.csv
furniture-1757712,Drinking Fountain - Leaf Type - With Bottle Refill Tap - Carlton Gardens North,street_furniture,Drinking Fountain,,4.0,-37.80154324073521,144.97074694104214,street_furniture_clean.csv
furniture-1757716,Drinking Fountain - Leaf Type - Dog Bowl  - Fawkner Park,street_furniture,Drinking Fountain,,4.0,-37.837913044811074,144.9818740242421,street_furniture_clean.csv
furniture-1766765,Drinking Fountain - Leaf Type - Dog Bowl  - Kings Domain,street_furniture,Drinking Fountain,,5.0,-37.82424533734149,144.97698410547824,street_furniture_clean.csv
furniture-1769877,Seat - Straight Seat - Wooden Battens - Type 2 - University Square,street_furniture,Seat,,5.0,-37.80122854410296,144.9598822450076,street_furniture_clean.csv
furniture-1769879,Seat - Stainless Frame with Narrow Wooden Slats (Back to Back) - University Square,street_furniture,Seat,,5.0,-37.80124606935048,144.9598794912768,street_furniture_clean.csv
furniture-1769883,Seat - Unclassified - University Square,street_furniture,Seat,,5.0,-37.80130969418119,144.96082654459883,street_furniture_clean.csv
furniture-1769895,Seat - Timber Bench - University Square,street_furniture,Seat,,5.0,-37.80078415040217,144.96038034273022,street_furniture_clean.csv
furniture-1769902,Seat - Timber Bench - University Square,street_furniture,Seat,,5.0,-37.80073987520933,144.96047241987725,street_furniture_clean.csv
furniture-1769907,Seat - Timber Bench - University Square,street_furniture,Seat,,5.0,-37.80148574974197,144.9607985330265,street_furniture_clean.csv
furniture-1771653,Seat - Straight Seat - Wooden Battens - Type 2 - Fawkner Park,street_furniture,Seat,,4.0,-37.83881378266722,144.98527357048494,street_furniture_clean.csv
furniture-1775769,Seat - Metal Bench - Boyd Community Hub,street_furniture,Seat,,5.0,-37.82614008354957,144.9612809085572,street_furniture_clean.csv
furniture-1786646,Seat - Stainless Steel Curved - Narrow Stainless Slats - Lincoln Square,street_furniture,Seat,,5.0,-37.802321554425454,144.96296245773698,street_furniture_clean.csv
furniture-1786714,Drinking Fountain - Leaf Type - Dog Bowl  - Bayswater Road Park,street_furniture,Drinking Fountain,,5.0,-37.79365820618429,144.92352614663906,street_furniture_clean.csv
furniture-1786709,Drinking Fountain - Leaf Type - With Bottle Refill Tap - Peppercorn Park,street_furniture,Drinking Fountain,,5.0,-37.79256416270773,144.922630804458,street_furniture_clean.csv
furniture-1798715,Seat - Unclassified - Hub@Docklands,street_furniture,Seat,,5.0,-37.81986133045556,144.94735428428595,street_furniture_clean.csv
furniture-1799258,Seat - Straight Seat - Wooden Battens - Type 2 - Royal Park,street_furniture,Seat,,2.0,-37.78041984587502,144.955509293808,street_furniture_clean.csv
furniture-1798716,Seat - Unclassified - Hub@Docklands,street_furniture,Seat,,5.0,-37.81979307910505,144.94747648067613,street_furniture_clean.csv
furniture-1079251,Seat - Metal Seat,street_furniture,Seat,,3.1,-37.79727097248668,144.96960949448217,street_furniture_clean.csv
furniture-1079326,Seat - Metal Seat,street_furniture,Seat,,3.12,-37.81659786921357,144.95597170541626,street_furniture_clean.csv
furniture-1079331,Seat - Metal Seat,street_furniture,Seat,,2.83,-37.798377286675766,144.9446389431365,street_furniture_clean.csv
furniture-1079333,Seat - Metal Seat,street_furniture,Seat,,1.0,-37.79628551375568,144.94487851656328,street_furniture_clean.csv
furniture-1079524,Seat - Metal Seat,street_furniture,Seat,,1.0,-37.81679111822825,144.95496182322307,street_furniture_clean.csv
furniture-1079528,Seat - Stainless Steel Straight Seat,street_furniture,Seat,,3.4,-37.810072683050485,144.96939141161133,street_furniture_clean.csv
furniture-1079565,Seat - Metal Seat,street_furniture,Seat,,1.94,-37.81731656112411,144.98814577602275,street_furniture_clean.csv
furniture-1079739,Seat - Metal Seat,street_furniture,Seat,,3.17,-37.81489991850831,144.96331740301045,street_furniture_clean.csv
furniture-1079754,Seat - Metal Seat,street_furniture,Seat,,3.09,-37.81224712239474,144.95510175672115,street_furniture_clean.csv
furniture-1079818,Seat - Metal Seat,street_furniture,Seat,,3.09,-37.8089288510769,144.9581938070647,street_furniture_clean.csv
furniture-1079825,Seat - Metal Seat,street_furniture,Seat,,3.13,-37.816495080428886,144.9872513388078,street_furniture_clean.csv
furniture-1079853,Seat - Metal Seat,street_furniture,Seat,,2.16,-37.82278470805903,144.9695656261938,street_furniture_clean.csv
furniture-1079923,Seat - Straight Seat - Wooden Battens - Type 2,street_furniture,Seat,,1.0,-37.82037591494684,144.95957528750503,street_furniture_clean.csv
furniture-1110843,Barbeque - Urban Design Single Hotplate,street_furniture,Barbeque,,4.0,-37.786978549708806,144.95295755838,street_furniture_clean.csv
furniture-1110846,Barbeque - Urban Design Single Hotplate,street_furniture,Barbeque,,2.0,-37.78503899697122,144.96222644314096,street_furniture_clean.csv
furniture-1589751,Seat - Metal Seat - Reeves Street Park,street_furniture,Seat,,4.0,-37.79341553922332,144.97050306455208,street_furniture_clean.csv
furniture-1118731,Picnic Setting - Urban Design Style,street_furniture,Picnic Setting,,3.0,-37.81169706774819,144.98678483949436,street_furniture_clean.csv
furniture-1118732,Picnic Setting - Urban Design Style,street_furniture,Picnic Setting,,4.0,-37.82012174174844,144.97512874171036,street_furniture_clean.csv
furniture-1119072,Seat - Straight Seat - Wooden Battens - Type 2 - Princes Park,street_furniture,Seat,,3.0,-37.78865127907351,144.9593947245884,street_furniture_clean.csv
furniture-1119076,Seat - Straight Seat - Wooden Battens - Type 2 - Royal Park,street_furniture,Seat,,4.0,-37.79308494791224,144.94744445138087,street_furniture_clean.csv
furniture-1119117,Seat - Straight Seat - Wooden Battens - Type 2 - JJ Holland Park,street_furniture,Seat,,4.0,-37.79900513099837,144.92596014634,street_furniture_clean.csv
furniture-1119180,Seat - Straight Seat - Wooden Battens - Type 2 - Ievers Reserve,street_furniture,Seat,,4.0,-37.794655074891374,144.9545356809092,street_furniture_clean.csv
furniture-1119185,Seat - Straight Seat - Wooden Battens - Type 2 - Princes Park,street_furniture,Seat,,4.0,-37.781523362134855,144.96275015996503,street_furniture_clean.csv
furniture-1119191,Seat - Straight Seat - Wooden Battens - Type 2 - Pleasance Gardens,street_furniture,Seat,,2.0,-37.79629210198768,144.94545752495486,street_furniture_clean.csv
furniture-1119193,Seat - Straight Seat - Wooden Battens - Type 2 - JJ Holland Park,street_furniture,Seat,,3.0,-37.7984332927384,144.92163334775154,street_furniture_clean.csv
furniture-1119194,Seat - Straight Seat - Wooden Battens - Type 2 - JJ Holland Park,street_furniture,Seat,,4.0,-37.79825221011191,144.92173336756,street_furniture_clean.csv
furniture-1119195,Seat - Straight Seat - Wooden Battens - Type 2 - Royal Park,street_furniture,Seat,,4.0,-37.78282499385104,144.9432932223239,street_furniture_clean.csv
furniture-1119196,Seat - Straight Seat - Wooden Battens - Type 2 - Reserve (1-19 Frearson Walk),street_furniture,Seat,,3.0,-37.79514130512752,144.9243002404245,street_furniture_clean.csv
furniture-1119221,Seat - Straight Seat - Wooden Battens - Type 2 - Princes Park,street_furniture,Seat,,4.0,-37.786267334841895,144.95966719602873,street_furniture_clean.csv
furniture-1119237,Seat - Straight Seat - Wooden Battens - Type 2 - Bayswater Road Park,street_furniture,Seat,,4.0,-37.79383573180813,144.92347983911353,street_furniture_clean.csv
furniture-1119239,Seat - Straight Seat - Wooden Battens - Type 2 - Princes Park,street_furniture,Seat,,3.0,-37.785843720008494,144.96046496161276,street_furniture_clean.csv
furniture-1119243,Seat - Straight Seat - Wooden Battens - Type 2 - JJ Holland Park,street_furniture,Seat,,3.0,-37.79866554756251,144.92687502653862,street_furniture_clean.csv
furniture-1119263,Seat - Straight Seat - Wooden Battens - Type 2 - Princes Park,street_furniture,Seat,,5.0,-37.78911335895387,144.96017247639404,street_furniture_clean.csv
furniture-1119278,Seat - Straight Seat - Wooden Battens - Type 2 - Fitzroy Gardens,street_furniture,Seat,,3.0,-37.813392210644125,144.97877995837692,street_furniture_clean.csv
furniture-1119311,Seat - Straight Seat - Wooden Battens - Type 2 - Fitzroy Gardens,street_furniture,Seat,,3.0,-37.815628122089485,144.97975134440964,street_furniture_clean.csv
furniture-1119337,Seat - Straight Seat - Wooden Battens - Type 2 - Queen Victoria Gardens,street_furniture,Seat,,3.0,-37.82182982152729,144.97206500980826,street_furniture_clean.csv
furniture-1119355,Seat - Straight Seat - Wooden Battens - Type 2 - Carlton Gardens North,street_furniture,Seat,,4.0,-37.801877201711456,144.97156202054214,street_furniture_clean.csv
furniture-1119361,Seat - Straight Seat - Wooden Battens - Type 2 - Carlton Gardens North,street_furniture,Seat,,3.0,-37.802316922254064,144.97028792714812,street_furniture_clean.csv
furniture-1119378,Seat - Straight Seat - Wooden Battens - Type 2 - Treasury Gardens,street_furniture,Seat,,3.0,-37.814850839593575,144.97660139130696,street_furniture_clean.csv
furniture-1119391,Seat - Straight Seat - Wooden Battens - Type 2 - Fitzroy Gardens,street_furniture,Seat,,4.0,-37.81416461965952,144.97862825754382,street_furniture_clean.csv
furniture-1119310,Seat - Straight Seat - Wooden Battens - Type 2 - Treasury Gardens,street_furniture,Seat,,4.0,-37.81364590353945,144.97711706505248,street_furniture_clean.csv
furniture-1115190,Drinking Fountain - Treated Timber Drinking Fountain - Neill & Canning Street Reserve (CARLTON),street_furniture,Drinking Fountain,,4.0,-37.79332999851195,144.97374160438724,street_furniture_clean.csv
furniture-1119446,Seat - Straight Seat - Wooden Battens - Type 2 - Treasury Gardens,street_furniture,Seat,,4.0,-37.81399056748956,144.97492346087245,street_furniture_clean.csv
furniture-1119464,Seat - Straight Seat - Wooden Battens - Type 2 - Queen Victoria Gardens,street_furniture,Seat,,3.0,-37.82253356472472,144.97070074601416,street_furniture_clean.csv
furniture-1119468,Seat - Straight Seat - Wooden Battens - Type 2 - Darling Square,street_furniture,Seat,,4.0,-37.81283603587524,144.9891720675202,street_furniture_clean.csv
furniture-1119502,Seat - Straight Seat - Wooden Battens - Type 2 - Fawkner Park,street_furniture,Seat,,4.0,-37.84150095351592,144.98088428786352,street_furniture_clean.csv
furniture-1119519,Seat - Straight Seat - Wooden Battens - Type 2 - Powlett Reserve,street_furniture,Seat,,3.0,-37.81146662936048,144.98762269783674,street_furniture_clean.csv
furniture-1119528,Seat - Straight Seat - Wooden Battens - Type 2 - Fawkner Park,street_furniture,Seat,,3.0,-37.84263530415028,144.98168552576965,street_furniture_clean.csv
furniture-1119544,Seat - Straight Seat - Wooden Battens - Type 2 - Fitzroy Gardens,street_furniture,Seat,,4.0,-37.81126332606897,144.97838967617503,street_furniture_clean.csv
furniture-1119576,Seat - Straight Seat - Wooden Battens - Type 2 - Fitzroy Gardens,street_furniture,Seat,,4.0,-37.81221294407144,144.9795737537765,street_furniture_clean.csv
furniture-1119583,Seat - Straight Seat - Wooden Battens - Type 2 - Fawkner Park,street_furniture,Seat,,4.0,-37.83960235237965,144.98477053136406,street_furniture_clean.csv
furniture-1119598,Seat - Straight Seat - Wooden Battens - Type 2 - Treasury Gardens,street_furniture,Seat,,3.0,-37.81324988833337,144.9757147724889,street_furniture_clean.csv
furniture-1119616,Seat - Straight Seat - Wooden Battens - Type 2 - Parliament Reserve,street_furniture,Seat,,4.0,-37.80970320334896,144.97387507992516,street_furniture_clean.csv
furniture-1119644,Seat - Straight Seat - Wooden Battens - Type 2 - Treasury Gardens,street_furniture,Seat,,3.0,-37.81498672112024,144.97559905796268,street_furniture_clean.csv
furniture-1119654,Seat - Straight Seat - Wooden Battens - Type 2 - Treasury Gardens,street_furniture,Seat,,3.0,-37.8143696263373,144.97665474307365,street_furniture_clean.csv
furniture-1119661,Seat - Straight Seat - Wooden Battens - Type 2 - Carlton Gardens South,street_furniture,Seat,,3.0,-37.80630949048226,144.9719976373501,street_furniture_clean.csv
furniture-1119662,Seat - Straight Seat - Wooden Battens - Type 2 - Carlton Gardens South,street_furniture,Seat,,3.0,-37.80612684678188,144.97185781653803,street_furniture_clean.csv
furniture-1119664,Seat - Straight Seat - Wooden Battens - Type 2 - Carlton Gardens South,street_furniture,Seat,,4.0,-37.80687789913561,144.9709900477149,street_furniture_clean.csv
furniture-1119668,Seat - Straight Seat - Wooden Battens - Type 2 - Fitzroy Gardens,street_furniture,Seat,,3.0,-37.81440029496402,144.98106651249336,street_furniture_clean.csv
furniture-1119673,Seat - Straight Seat - Wooden Battens - Type 2 - Treasury Gardens,street_furniture,Seat,,3.0,-37.81303578282935,144.9764286464297,street_furniture_clean.csv
furniture-1119677,Seat - Straight Seat - Wooden Battens - Type 2 - Fawkner Park,street_furniture,Seat,,4.0,-37.83823430997946,144.97895311057914,street_furniture_clean.csv
furniture-1119706,Seat - Straight Seat - Wooden Battens - Type 2 - Fawkner Park,street_furniture,Seat,,4.0,-37.83999348402653,144.9809902846075,street_furniture_clean.csv
furniture-1119709,Seat - Straight Seat - Wooden Battens - Type 2 - Treasury Gardens,street_furniture,Seat,,4.0,-37.81320039865112,144.97705629859524,street_furniture_clean.csv
furniture-1119715,Seat - Straight Seat - Wooden Battens - Type 2 - Carlton Gardens South,street_furniture,Seat,,3.0,-37.806124232595614,144.97039846783224,street_furniture_clean.csv
furniture-1360473,Picnic Setting - Wooden Style,street_furniture,Picnic Setting,,3.0,-37.78859563934997,144.92625987913223,street_furniture_clean.csv
furniture-1442957,Seat - Stainless Steel Straight Seat,street_furniture,Seat,,3.45,-37.813162593110064,144.96660016693338,street_furniture_clean.csv
furniture-1459114,Seat - Stainless Steel Straight Seat,street_furniture,Seat,,3.41,-37.81485113776872,144.95798259022834,street_furniture_clean.csv
furniture-1461976,Seat - Stainless Steel Seat - Fixed,street_furniture,Seat,,3.44,-37.82006214321271,144.94595571653215,street_furniture_clean.csv
furniture-1462422,Drinking Fountain - Stainless Steel Drinking Fountain - Leaf Type,street_furniture,Drinking Fountain,,3.44,-37.82000241423202,144.9437625580217,street_furniture_clean.csv
furniture-1360475,Picnic Setting - Wooden Style,street_furniture,Picnic Setting,,2.0,-37.78864894366752,144.9261447205041,street_furniture_clean.csv
furniture-1290810,Picnic Table,street_furniture,Picnic Setting,,3.0,-37.81963957549899,144.9460327530246,street_furniture_clean.csv
furniture-1119825,Seat - Straight Seat - Wooden Battens - Type 2 - Flagstaff Gardens,street_furniture,Seat,,4.0,-37.81044900116986,144.95348297723567,street_furniture_clean.csv
furniture-1514844,Seat - Metal Bench,street_furniture,Seat,,4.16,-37.81390544551112,144.96590696557143,street_furniture_clean.csv
furniture-1514857,Seat - Metal Bench,street_furniture,Seat,,4.16,-37.813735655230765,144.96561435048923,street_furniture_clean.csv
furniture-1515790,Seat - Straight Seat - Wooden Battens - Type 2 - North Melbourne Community Centre (Open Space),street_furniture,Seat,,4.0,-37.79332510799481,144.9396977401778,street_furniture_clean.csv
furniture-1507602,Seat - Stainless Steel Bench - Docklands,street_furniture,Seat,,3.44,-37.81829742213559,144.94653697126745,street_furniture_clean.csv
furniture-1516262,Seat - Unclassified - Boyd Community Hub,street_furniture,Seat,,4.0,-37.82555742650884,144.9609711051813,street_furniture_clean.csv
furniture-1517570,Seat - Straight Seat - Wooden Battens - Type 2 - State Library of Victoria,street_furniture,Seat,,3.0,-37.80978042571269,144.96416676334908,street_furniture_clean.csv
furniture-1491340,Seat - Urban Design Park Style - Green Powder Coat - Fawkner Park,street_furniture,Seat,,4.0,-37.84188107452841,144.9796240224009,street_furniture_clean.csv
furniture-1529837,Seat - Stainless Steel Seat - Fixed,street_furniture,Seat,,3.3,-37.80856611711042,144.96346476027094,street_furniture_clean.csv
furniture-1503061,Seat - Urban Design Park Style - Green Powder Coat - Grant Street Reserve,street_furniture,Seat,,4.0,-37.825830382801385,144.9687490040468,street_furniture_clean.csv
furniture-1505419,Seat - Metal Seat,street_furniture,Seat,,3.17,-37.79550693706608,144.92512505154966,street_furniture_clean.csv
furniture-1119228,Seat - Straight Seat - Wooden Battens - Type 2 - Argyle Square,street_furniture,Seat,,4.0,-37.80303520947098,144.96587746539575,street_furniture_clean.csv
furniture-1075236,Drinking Fountain - Drinking Fountain - Monument Style Type 5,street_furniture,Drinking Fountain,,1.02,-37.78528312570061,144.96618877508342,street_furniture_clean.csv
furniture-1075326,Drinking Fountain - Stainless Steel Drinking Fountain - Leaf Type - Bottle Refill Tap,street_furniture,Drinking Fountain,,4.0,-37.82842091627398,144.98460191449672,street_furniture_clean.csv
furniture-1078753,Seat - Stainless Steel Seat - 6m & LED lights,street_furniture,Seat,,3.45,-37.8137199795322,144.9651765353502,street_furniture_clean.csv
furniture-1078788,Seat - Stainless Steel Seat - Fixed,street_furniture,Seat,,2.45,-37.81372068425959,144.9647428143201,street_furniture_clean.csv
furniture-1078797,Seat - Stainless Steel Seat - Fixed,street_furniture,Seat,,4.45,-37.81407869244236,144.9639800778605,street_furniture_clean.csv
furniture-1078944,Seat - Metal Semi-circular Seats,street_furniture,Seat,,1.7,-37.79997992335456,144.9683715326761,street_furniture_clean.csv
furniture-1078948,Seat - Metal Semi-circular Seats,street_furniture,Seat,,3.17,-37.7989818997478,144.9671148405991,street_furniture_clean.csv
furniture-1079066,Seat - Stainless Steel Curved - Narrow Stainless Slats,street_furniture,Seat,,3.13,-37.80925334448384,144.97192822465703,street_furniture_clean.csv
furniture-1079338,Seat - Metal Seat,street_furniture,Seat,,3.13,-37.799985445996526,144.9522903826445,street_furniture_clean.csv
furniture-1079821,Seat - Metal Seat,street_furniture,Seat,,1.16,-37.80897396196098,144.97591299793666,street_furniture_clean.csv
furniture-1079841,Seat - Metal Seat,street_furniture,Seat,,2.88,-37.79566205898366,144.96797708117495,street_furniture_clean.csv
furniture-1079843,Seat - Metal Seat,street_furniture,Seat,,2.88,-37.79391476453216,144.96824879212883,street_furniture_clean.csv
furniture-1079861,Seat - Metal Seat,street_furniture,Seat,,3.02,-37.82589949900149,144.9623601464282,street_furniture_clean.csv
furniture-1079913,Seat - Straight Seat - Wooden Battens - Type 2,street_furniture,Seat,,1.0,-37.82007304444473,144.9611783959803,street_furniture_clean.csv
furniture-1079943,Seat - Straight Seat - Wooden Battens - Type 2,street_furniture,Seat,,2.86,-37.81329539919969,144.9892056090861,street_furniture_clean.csv
furniture-1079965,Seat - Wooden bench with brick supports,street_furniture,Seat,,2.01,-37.807325828892935,144.9587181971756,street_furniture_clean.csv
furniture-1079966,Seat - Wooden bench with brick supports,street_furniture,Seat,,2.01,-37.80731239217625,144.95869687265738,street_furniture_clean.csv
furniture-1110861,Barbeque - Urban Design Double Hotplate,street_furniture,Barbeque,,3.0,-37.842387153356434,144.9819082037872,street_furniture_clean.csv
furniture-1529768,Seat - Metal Bench,street_furniture,Seat,,3.16,-37.81274900958296,144.96538267128273,street_furniture_clean.csv
furniture-1515809,Seat - Stainless Steel Straight Seat,street_furniture,Seat,,4.44,-37.81459292979624,144.96629169935815,street_furniture_clean.csv
furniture-1547870,Seat - Stainless Steel Straight Seat,street_furniture,Seat,,3.44,-37.81053614593856,144.9613276346276,street_furniture_clean.csv
furniture-1532171,Seat - Stainless Steel Straight Seat,street_furniture,Seat,,2.44,-37.81109565157106,144.96184100521108,street_furniture_clean.csv
furniture-1553768,Seat - Wooden Bench,street_furniture,Seat,,2.11,-37.823941919274965,144.9496292908052,street_furniture_clean.csv
furniture-1550162,Seat - Stainless Steel Seat - Fixed,street_furniture,Seat,,3.45,-37.81645363806185,144.96359890815611,street_furniture_clean.csv
furniture-1565510,Seat - Stainless Steel Bench - Docklands,street_furniture,Seat,,3.3,-37.81823763692016,144.94890276964964,street_furniture_clean.csv
furniture-1566850,Seat - Metal Seat - Kensington Banks Type - Warun Biik Park,street_furniture,Seat,,4.0,-37.7967680595297,144.92638999547682,street_furniture_clean.csv
furniture-1568598,Seat - Stainless Steel Seat - Swivel,street_furniture,Seat,,4.0,-37.820203526150266,144.94482928022427,street_furniture_clean.csv
furniture-1569175,Seat - Stainless Steel Straight Seat,street_furniture,Seat,,3.42,-37.81503915929704,144.96928168232034,street_furniture_clean.csv
furniture-1569683,Seat - Straight Seat - Wooden Battens - Type 2 - Royal Park,street_furniture,Seat,,4.0,-37.78688347153981,144.9462538841697,street_furniture_clean.csv
furniture-1556980,Seat - Stainless Steel Straight Seat - Station Street Park,street_furniture,Seat,,4.0,-37.79709367874693,144.97396640978926,street_furniture_clean.csv
furniture-1569734,Seat - Straight Seat - Wooden Battens - Type 2 - Princes Park,street_furniture,Seat,,4.0,-37.784270585246645,144.95983327743215,street_furniture_clean.csv
furniture-1569755,Seat - Straight Seat - Wooden Battens - Type 2 - Princes Park,street_furniture,Seat,,3.0,-37.77868914538127,144.96077097010965,street_furniture_clean.csv
furniture-1569756,Seat - Straight Seat - Wooden Battens - Type 2 - Birrarung Marr,street_furniture,Seat,,4.0,-37.81842558336388,144.974161657402,street_furniture_clean.csv
furniture-1569763,Seat - Straight Seat - Wooden Battens - Type 2 - Hardy Reserve,street_furniture,Seat,,3.0,-37.78547330975926,144.96659790735472,street_furniture_clean.csv
furniture-1572839,Drinking Fountain - Stainless Steel Drinking Fountain - Leaf Type - Bottle Refill Tap,street_furniture,Drinking Fountain,,3.44,-37.81553989313365,144.95836642425357,street_furniture_clean.csv
furniture-1566051,Information Pillar - Information Hub Pillar,street_furniture,Information Pillar,,3.24,-37.81234982006994,144.9651863253379,street_furniture_clean.csv
furniture-1579830,Seat - Metal Seat - Kensington Banks Type,street_furniture,Seat,,1.59,-37.79466256909159,144.9198141233959,street_furniture_clean.csv
furniture-1579971,Seat - Straight Seat - Wooden Battens - Type 2,street_furniture,Seat,,4.0,-37.81489252584298,144.97993724849812,street_furniture_clean.csv
furniture-1579972,Seat - Straight Seat - Wooden Battens - Type 2,street_furniture,Seat,,4.0,-37.81477972328105,144.9799229432566,street_furniture_clean.csv
furniture-1569717,Seat - Straight Seat - Wooden Battens - Type 2 - Royal Park,street_furniture,Seat,,3.0,-37.78516296014416,144.94270743881768,street_furniture_clean.csv
furniture-1581661,Seat - Stainless Steel Straight Seat - Docklands,street_furniture,Seat,,3.44,-37.81952754736563,144.94179007941884,street_furniture_clean.csv
furniture-1586948,Drinking Fountain - Leaf Type - Dog Bowl  - Newmarket Reserve,street_furniture,Drinking Fountain,,4.0,-37.78784948378831,144.92456233354102,street_furniture_clean.csv
furniture-1589213,Seat - Straight Seat - Wooden Battens - Type 2 - Royal Park,street_furniture,Seat,,4.0,-37.79596014691207,144.9512273781358,street_furniture_clean.csv
furniture-1589220,Seat - Straight Seat - Wooden Battens - Type 2 - Royal Park,street_furniture,Seat,,4.0,-37.79547699905184,144.95057841126797,street_furniture_clean.csv
furniture-1589231,Picnic Setting - Urban Design Style - Royal Park,street_furniture,Picnic Setting,,4.0,-37.79547599174694,144.9519139719226,street_furniture_clean.csv
furniture-1589301,Seat - Wooden Bench,street_furniture,Seat,,3.16,-37.81938853027768,144.94340107219247,street_furniture_clean.csv
furniture-1589307,Seat - Stainless Steel Bench - Docklands,street_furniture,Seat,,3.44,-37.82014119275231,144.94378824336556,street_furniture_clean.csv
furniture-1568582,Seat - Straight Seat - Wooden Battens - Type 2 - Howard and William Street Reserve,street_furniture,Seat,,4.0,-37.80617643826144,144.95348292790734,street_furniture_clean.csv
furniture-1589311,Seat - Stainless Steel Bench - Docklands,street_furniture,Seat,,3.44,-37.8207694420173,144.94422931469185,street_furniture_clean.csv
furniture-1589758,Picnic Setting - Urban Design Style - Reeves Street Park,street_furniture,Picnic Setting,,4.0,-37.79373942764883,144.97023663932197,street_furniture_clean.csv
furniture-1589846,Seat - Wooden Slats set in Stonework,street_furniture,Seat,,3.16,-37.818416965726,144.94445839868337,street_furniture_clean.csv
furniture-1589912,Drinking Fountain - Stainless Steel Drinking Fountain - Leaf Type - Bottle Refill Tap,street_furniture,Drinking Fountain,,3.0,-37.82435043745128,144.9771113193355,street_furniture_clean.csv
furniture-1569688,Seat - Straight Seat - Wooden Battens - Type 2 - Royal Park,street_furniture,Seat,,3.0,-37.78347989430544,144.9417000539609,street_furniture_clean.csv
furniture-1569711,Seat - Stainless Steel Seat - Swivel,street_furniture,Seat,,3.0,-37.83896033177154,144.98047801940143,street_furniture_clean.csv
furniture-1578233,Seat - Stainless Steel Seat - Fixed,street_furniture,Seat,,3.44,-37.822523473799286,144.93966101327888,street_furniture_clean.csv
furniture-1572347,Seat - Stainless Steel Straight Seat,street_furniture,Seat,,4.44,-37.81282126383044,144.9623744609151,street_furniture_clean.csv
furniture-1598888,Picnic Setting - Urban Design Style - Royal Park,street_furniture,Picnic Setting,,4.0,-37.77793386207218,144.9563511042926,street_furniture_clean.csv
furniture-1599660,Seat - Straight Seat - Wooden Battens - Type 2 - Galada Avenue,street_furniture,Seat,,4.0,-37.77972437823524,144.9397751402728,street_furniture_clean.csv
furniture-1600535,Seat - Straight Seat - Wooden Battens - Type 2 - Neill Street Reserve,street_furniture,Seat,,5.0,-37.79480225143219,144.97066385389076,street_furniture_clean.csv
furniture-1600536,Seat - Straight Seat - Wooden Battens - Type 2 - Neill Street Reserve,street_furniture,Seat,,4.0,-37.795760473084215,144.96844750227862,street_furniture_clean.csv
furniture-1600544,Seat - Straight Seat - Wooden Battens - Type 2 - Neill Street Reserve,street_furniture,Seat,,3.0,-37.795562930932086,144.9689384093668,street_furniture_clean.csv
furniture-1600554,Picnic Setting - Urban Design Style - Neill Street Reserve,street_furniture,Picnic Setting,,3.0,-37.79584235718246,144.9682052928253,street_furniture_clean.csv
furniture-1586047,Seat - Stainless Steel Seat - Fixed,street_furniture,Seat,,3.39,-37.80855668636048,144.95946872458626,street_furniture_clean.csv
furniture-1610522,Drinking Fountain - Stainless Steel Drinking Fountain - Leaf Type - Bottle Refill Tap,street_furniture,Drinking Fountain,,3.43,-37.799615873678334,144.96425054146184,street_furniture_clean.csv
furniture-1589910,Drinking Fountain - Stainless Steel Drinking Fountain - Leaf Type - Bottle Refill Tap,street_furniture,Drinking Fountain,,1.0,-37.830658429920206,144.97605393970306,street_furniture_clean.csv
furniture-1618751,Seat - Metal Bench,street_furniture,Seat,,4.17,-37.81426219577293,144.9703915529492,street_furniture_clean.csv
furniture-1631169,Seat - Straight Seat - Wooden Battens - Type 2 - Cardigan Street Park,street_furniture,Seat,,4.0,-37.7944177371809,144.96611487895663,street_furniture_clean.csv
furniture-1599657,Seat - Straight Seat - Wooden Battens - Type 2 - Parkville Gardens,street_furniture,Seat,,3.0,-37.77748810139538,144.94005306603316,street_furniture_clean.csv
furniture-1633639,Seat - Stainless Steel Seat - Fixed,street_furniture,Seat,,4.45,-37.81870382301432,144.955753659315,street_furniture_clean.csv
furniture-1636388,Drinking Fountain - Stainless Steel Drinking Fountain - Leaf Type - Bottle Refill Tap,street_furniture,Drinking Fountain,,3.25,-37.817347815583766,144.9877967436974,street_furniture_clean.csv
furniture-1639780,Seat - Straight Seat - Wooden Battens - Type 2 - Eastwood and Rankins Park,street_furniture,Seat,,4.0,-37.794103483973416,144.93082260511358,street_furniture_clean.csv
furniture-1645351,Seat - Five Sided Platform - Docklands Park,street_furniture,Seat,,4.0,-37.820897468185045,144.9469028550597,street_furniture_clean.csv
furniture-1645354,Seat - Modular Style - Docklands Park,street_furniture,Seat,,4.0,-37.82100101835217,144.9469031664493,street_furniture_clean.csv
furniture-1732868,Seat - Metal Bench Around Tree Base - Kings Domain South,street_furniture,Seat,,3.0,-37.833104987365225,144.97687982060478,street_furniture_clean.csv
furniture-1741015,Seat - Flat Bench Seat - L Shaped,street_furniture,Seat,,3.89,-37.79824083593075,144.96873240982634,street_furniture_clean.csv
furniture-1431775,Picnic Setting - Urban Design Style,street_furniture,Picnic Setting,,3.0,-37.84075696240123,144.98387194901323,street_furniture_clean.csv
furniture-1431850,Picnic Setting - Picnic Setting,street_furniture,Picnic Setting,,4.0,-37.82049252309743,144.94482876157687,street_furniture_clean.csv
furniture-1431852,Picnic Setting - Picnic Setting,street_furniture,Picnic Setting,,4.0,-37.820483938365975,144.94478094523163,street_furniture_clean.csv
furniture-1079573,Seat - Metal Seat,street_furniture,Seat,,2.95,-37.80397267296827,144.96006171523953,street_furniture_clean.csv
furniture-1079597,Seat - Metal Seat,street_furniture,Seat,,1.0,-37.798476654359554,144.9725540759601,street_furniture_clean.csv
furniture-1079598,Seat - Metal Seat,street_furniture,Seat,,1.0,-37.79853712861206,144.97254390460853,street_furniture_clean.csv
furniture-1079617,Seat - Metal Seat,street_furniture,Seat,,3.16,-37.80863141931569,144.9760385507928,street_furniture_clean.csv
furniture-1079623,Seat - Metal Seat,street_furniture,Seat,,1.12,-37.80652394734011,144.9599913938838,street_furniture_clean.csv
furniture-1079626,Seat - Stainless Steel Seat - Fixed,street_furniture,Seat,,3.25,-37.81429890286127,144.95462359098607,street_furniture_clean.csv
furniture-1079647,Seat - Metal Seat,street_furniture,Seat,,3.11,-37.81177997081098,144.95907635359066,street_furniture_clean.csv
furniture-1079654,Seat - Metal Seat,street_furniture,Seat,,3.12,-37.81710588234887,144.9559054362837,street_furniture_clean.csv
furniture-1079658,Seat - Metal Bench,street_furniture,Seat,,4.03,-37.82346147281301,144.980510466764,street_furniture_clean.csv
furniture-1079672,Seat - Metal Seat,street_furniture,Seat,,3.14,-37.79342775068016,144.91829250647825,street_furniture_clean.csv
furniture-1079759,Seat - Metal Seat,street_furniture,Seat,,1.0,-37.81707921807433,144.9550600870064,street_furniture_clean.csv
furniture-1079785,Seat - Metal Seat,street_furniture,Seat,,3.0,-37.828298409974806,144.9852158238464,street_furniture_clean.csv
furniture-1079790,Seat - Stainless Steel Seat - Fixed,street_furniture,Seat,,3.34,-37.82667447146775,144.9593765767867,street_furniture_clean.csv
furniture-1079795,Seat - Metal Seat,street_furniture,Seat,,2.99,-37.824280358973496,144.9702642356019,street_furniture_clean.csv
furniture-1079804,Seat - Metal Seat,street_furniture,Seat,,3.04,-37.80131576579752,144.949923542902,street_furniture_clean.csv
furniture-1079807,Seat - Metal Seat,street_furniture,Seat,,2.04,-37.80187549442079,144.94982049881546,street_furniture_clean.csv
furniture-1079817,Seat - Metal Seat,street_furniture,Seat,,3.11,-37.81223385598269,144.95928740253402,street_furniture_clean.csv
furniture-1079876,Seat - Straight Seat - Wooden & Concrete,street_furniture,Seat,,1.39,-37.83195447591084,144.97743163960337,street_furniture_clean.csv
furniture-1079891,Seat - Straight Seat - Wooden & Concrete,street_furniture,Seat,,1.0,-37.81726975144698,144.95479173294515,street_furniture_clean.csv
furniture-1079896,Seat - Straight Seat - Wooden Battens,street_furniture,Seat,,3.13,-37.80848300356271,144.97191170533324,street_furniture_clean.csv
furniture-1079939,Seat - Stainless Steel Straight Seat,street_furniture,Seat,,3.38,-37.80966147034904,144.9640833633073,street_furniture_clean.csv
furniture-1079944,Seat - Straight Seat - Wooden Battens - Type 2,street_furniture,Seat,,2.86,-37.81310789073223,144.98949218118815,street_furniture_clean.csv
furniture-1079956,Seat - Straight Seat - Wooden Battens - Type 2,street_furniture,Seat,,1.79,-37.82770648205309,144.97279260054987,street_furniture_clean.csv
furniture-1079961,Seat - Straight Seat - Wooden Battens - Type 3,street_furniture,Seat,,2.01,-37.8073530009899,144.9585493444856,street_furniture_clean.csv
furniture-1079964,Seat - Metal Bench,street_furniture,Seat,,3.16,-37.8073862469973,144.95868927316516,street_furniture_clean.csv
furniture-1079968,Seat - Wooden bench with brick supports,street_furniture,Seat,,2.01,-37.807341928002856,144.9586643693292,street_furniture_clean.csv
furniture-1442986,Drinking Fountain - Stainless Steel Drinking Fountain - Leaf Type,street_furniture,Drinking Fountain,,2.44,-37.81932147571993,144.94249797871333,street_furniture_clean.csv
furniture-1361035,Seat - Metal Bench,street_furniture,Seat,,1.62,-37.79383645403656,144.92760850593282,street_furniture_clean.csv
furniture-1473535,Seat - Stainless Steel Straight Seat,street_furniture,Seat,,3.4,-37.809426446240266,144.96950100854352,street_furniture_clean.csv
furniture-1474489,Seat - Stainless Steel Straight Seat,street_furniture,Seat,,4.45,-37.8130541837911,144.96697084183086,street_furniture_clean.csv
furniture-1373512,Barbecue - Fawkner Park Toddler Play Space,street_furniture,Barbeque,,4.0,-37.83921823281734,144.98072404641573,street_furniture_clean.csv
furniture-1431552,Barbeque - Urban Design Single Hotplate,street_furniture,Barbeque,,3.0,-37.8296480355972,144.96496602596258,street_furniture_clean.csv
furniture-1119730,Seat - Straight Seat - Wooden Battens - Type 2 - Carlton Gardens North,street_furniture,Seat,,3.0,-37.80193436842428,144.97056484952645,street_furniture_clean.csv
furniture-1119738,Seat - Straight Seat - Wooden Battens - Type 2 - Treasury Gardens,street_furniture,Seat,,3.0,-37.81381447479978,144.97713052516357,street_furniture_clean.csv
furniture-1119757,Seat - Straight Seat - Wooden Battens - Type 2 - Carlton Gardens North,street_furniture,Seat,,3.0,-37.802482017453634,144.9700526192285,street_furniture_clean.csv
furniture-1119771,Seat - Straight Seat - Wooden Battens - Type 2 - Fitzroy Gardens,street_furniture,Seat,,3.0,-37.81077873643291,144.97877137891834,street_furniture_clean.csv
furniture-1119802,Seat - Straight Seat - Wooden Battens - Type 2 - Carlton Gardens North,street_furniture,Seat,,3.0,-37.80171661070257,144.9716561389956,street_furniture_clean.csv
furniture-1119838,Seat - Metal Seat - Central Park Kensington,street_furniture,Seat,,4.0,-37.79458351076769,144.91906284538769,street_furniture_clean.csv
furniture-1119846,Seat - Metal Seat - Royal Park,street_furniture,Seat,,3.0,-37.785611589997885,144.9531723050327,street_furniture_clean.csv
furniture-1119853,Seat - Metal Seat - Central Park Kensington,street_furniture,Seat,,4.0,-37.79428084685099,144.91918240327922,street_furniture_clean.csv
furniture-1119855,Seat - Metal Seat - Riverside Park,street_furniture,Seat,,3.0,-37.79578126021812,144.91572515750832,street_furniture_clean.csv
furniture-1119858,Seat - Metal Seat - Riverside Park,street_furniture,Seat,,3.0,-37.79500142419272,144.91668477702956,street_furniture_clean.csv
furniture-1119861,Seat - Metal Seat - Mercantile Park East,street_furniture,Seat,,4.0,-37.7959763734494,144.92094109244053,street_furniture_clean.csv
furniture-1119867,Seat - Metal Seat - Central Park Kensington,street_furniture,Seat,,3.0,-37.79413473953249,144.9190278552686,street_furniture_clean.csv
furniture-1119875,Seat - Metal Seat - Central Park Kensington,street_furniture,Seat,,4.0,-37.794234800273614,144.9189734897508,street_furniture_clean.csv
furniture-1119892,Seat - Metal Seat - Central Park Kensington,street_furniture,Seat,,4.0,-37.79444471573208,144.91976084059874,street_furniture_clean.csv
furniture-1119900,Seat - Metal Seat - Central Park Kensington,street_furniture,Seat,,4.0,-37.79430998809245,144.9192914013667,street_furniture_clean.csv
furniture-1119907,Seat - Metal Seat - Kensington Banks Type - Cakebread Mews Park West,street_furniture,Seat,,4.0,-37.79302077211493,144.91929657025852,street_furniture_clean.csv
furniture-1119915,Seat - Metal Seat - Central Park Kensington,street_furniture,Seat,,4.0,-37.794460851842175,144.91973052073268,street_furniture_clean.csv
furniture-1119342,Seat - Straight Seat - Wooden Battens - Type 2 - Carlton Gardens South,street_furniture,Seat,,4.0,-37.80603742206895,144.97111857094896,street_furniture_clean.csv
furniture-1119925,Seat - Metal Seat - Burston Reserve,street_furniture,Seat,,3.0,-37.81172301868877,144.9751327485171,street_furniture_clean.csv
furniture-1120006,Seat - Metal Seat - Haymarket Walk,street_furniture,Seat,,3.0,-37.80072159860668,144.95852308581706,street_furniture_clean.csv
furniture-1119636,Seat - Straight Seat - Wooden Battens - Type 2 - Fitzroy Gardens,street_furniture,Seat,,4.0,-37.81213864537876,144.9795083057655,street_furniture_clean.csv
furniture-1120059,Seat - Straight Seat - Wooden Battens - Type 2 - Fawkner Park,street_furniture,Seat,,4.0,-37.8396143746225,144.9834096637628,street_furniture_clean.csv
furniture-1120100,Seat - Linear Sports Seating with wide Wooden Slats - Royal Park,street_furniture,Seat,,4.0,-37.78110368190745,144.95592589076506,street_furniture_clean.csv
furniture-1120103,Seat - Metal Seat - Royal Park,street_furniture,Seat,,4.0,-37.785350596045866,144.9534567959068,street_furniture_clean.csv
furniture-1120106,Seat - Metal Bench - Pitt Street (CARLTON),street_furniture,Seat,,3.0,-37.79569932532233,144.97125721995542,street_furniture_clean.csv
furniture-1313246,Seat - Timber Bench with Aluminium Legs - Docklands,street_furniture,Seat,,3.16,-37.824192319134056,144.94391710849845,street_furniture_clean.csv
furniture-1313306,Seat - Timber Bench with Aluminium Legs - Docklands,street_furniture,Seat,,3.16,-37.82425130586609,144.94446704660206,street_furniture_clean.csv
furniture-1313334,Seat - Stainless Steel Bench - Docklands,street_furniture,Seat,,3.44,-37.81435230745324,144.94099189971809,street_furniture_clean.csv
furniture-1313396,Seat - Timber Seat with Aluminium Legs - Docklands,street_furniture,Seat,,3.16,-37.82426734143037,144.94460611444998,street_furniture_clean.csv
furniture-1118701,Picnic Setting - Urban Design Style,street_furniture,Picnic Setting,,3.0,-37.78685834881582,144.95276147717357,street_furniture_clean.csv
furniture-1313478,Seat - Stainless Steel Bench - Docklands,street_furniture,Seat,,3.43,-37.813663902901006,144.94188887671308,street_furniture_clean.csv
furniture-1313484,Seat - Stainless Steel Bench - Docklands,street_furniture,Seat,,3.44,-37.81939596895317,144.94492643082353,street_furniture_clean.csv
furniture-1118734,Picnic Setting - Urban Design Style,street_furniture,Picnic Setting,,4.0,-37.83928609587282,144.98068753739068,street_furniture_clean.csv
furniture-1119150,Seat - Straight Seat - Wooden Battens - Type 2 - JJ Holland Park,street_furniture,Seat,,5.0,-37.798069778912186,144.9261275898587,street_furniture_clean.csv
furniture-1313866,Seat - Timber Seat with Aluminium Legs - Docklands,street_furniture,Seat,,3.16,-37.824456215426295,144.9463251340975,street_furniture_clean.csv
furniture-1119246,Seat - Straight Seat - Wooden Battens - Type 2 - Princes Park,street_furniture,Seat,,3.0,-37.78889218564066,144.96153997918748,street_furniture_clean.csv
furniture-1119388,Seat - Straight Seat - Wooden Battens - Type 2 - Carlton Gardens South,street_furniture,Seat,,4.0,-37.80587731375157,144.97086932441024,street_furniture_clean.csv
furniture-1314030,Seat - Stainless Steel Straight Seat,street_furniture,Seat,,3.44,-37.82119619179919,144.96883334948353,street_furniture_clean.csv
furniture-1120110,Seat - Metal Seat - Royal Park,street_furniture,Seat,,4.0,-37.78529214858224,144.95369243517953,street_furniture_clean.csv
furniture-1120116,Seat - Metal Seat - Royal Park,street_furniture,Seat,,4.0,-37.78534639010075,144.95379563227692,street_furniture_clean.csv
furniture-1120128,Seat - Metal Bench - Shrine of Remembrance Reserve,street_furniture,Seat,,3.0,-37.83077747936054,144.9758287858887,street_furniture_clean.csv
furniture-1120145,Seat - Concrete Bench Seat,street_furniture,Seat,,3.0,-37.80044756659457,144.9606200425408,street_furniture_clean.csv
furniture-1120166,Seat - Wooden Slats Set in Bluestone - Alexandra Gardens,street_furniture,Seat,,3.0,-37.81986718217878,144.97301937833183,street_furniture_clean.csv
furniture-1120174,Seat - Wooden Slats Set in Bluestone - Alexandra Gardens,street_furniture,Seat,,3.0,-37.819765680701416,144.97276120825373,street_furniture_clean.csv
furniture-1120194,Seat - Alloy Frame and Narrow Wooden Slats - Birrarung Marr,street_furniture,Seat,,3.0,-37.8188060769521,144.97268613058918,street_furniture_clean.csv
furniture-1120195,Seat - Alloy Frame and Narrow Wooden Slats - Birrarung Marr,street_furniture,Seat,,4.0,-37.81867766683892,144.9719591852174,street_furniture_clean.csv
furniture-1120196,Seat - Alloy Frame and Narrow Wooden Slats - Birrarung Marr,street_furniture,Seat,,3.0,-37.818829264102064,144.97273479939457,street_furniture_clean.csv
furniture-1120203,Seat - Alloy Frame and Narrow Wooden Slats - Birrarung Marr,street_furniture,Seat,,4.0,-37.81874964946986,144.97243411530044,street_furniture_clean.csv
furniture-1120210,Seat - Alloy Frame and Narrow Wooden Slats - Birrarung Marr,street_furniture,Seat,,3.0,-37.81876371041441,144.97253370012777,street_furniture_clean.csv
furniture-1120099,Seat - Straight Seat - Wooden Battens - Type 2 - Royal Park,street_furniture,Seat,,4.0,-37.78961608084907,144.95527956751954,street_furniture_clean.csv
furniture-1120225,Seat - Stainless Frame with Narrow Wooden Slats (Back to Back) - Argyle Square,street_furniture,Seat,,4.0,-37.80225606614765,144.9658313783769,street_furniture_clean.csv
furniture-1120268,Seat - Metal Seat - Weedon Reserve,street_furniture,Seat,,4.0,-37.81732165140463,144.98851756382578,street_furniture_clean.csv
furniture-1120273,Seat - Metal Seat - Gordon Reserve,street_furniture,Seat,,3.0,-37.81204292749349,144.9741524597278,street_furniture_clean.csv
furniture-1120284,Seat - Stainless Steel Curved - Narrow Stainless Slats - Lincoln Square,street_furniture,Seat,,4.0,-37.80234035262528,144.96324690455327,street_furniture_clean.csv
furniture-1119500,Seat - Straight Seat - Wooden Battens - Type 2 - Carlton Gardens South,street_furniture,Seat,,4.0,-37.80588641965246,144.97071789747685,street_furniture_clean.csv
furniture-1284021,Seat - Alloy Frame and Narrow Wooden Slats - Birrarung Marr,street_furniture,Seat,,4.0,-37.81891594221212,144.9739800057142,street_furniture_clean.csv
furniture-1290828,Picnic Table,street_furniture,Picnic Setting,,3.0,-37.82308269843786,144.94185354331907,street_furniture_clean.csv
furniture-1290830,Barbeque - Barbeque (Docklands - not categorised),street_furniture,Barbeque,,4.0,-37.82310279866328,144.9418950198315,street_furniture_clean.csv
furniture-1312951,Seat - Stainless Steel Straight Seat,street_furniture,Seat,,4.45,-37.81326953689772,144.96624384393525,street_furniture_clean.csv
furniture-1313008,Seat - Timber Seat with Aluminium Legs - Docklands,street_furniture,Seat,,3.16,-37.8243463076839,144.9453251191024,street_furniture_clean.csv
furniture-1313059,Seat - Stainless Steel Bench - Docklands,street_furniture,Seat,,3.44,-37.81904493763383,144.94616454317773,street_furniture_clean.csv
furniture-1313084,Seat - Timber Bench with Aluminium Legs - Docklands,street_furniture,Seat,,3.16,-37.82427130256442,144.9446420188447,street_furniture_clean.csv
furniture-1119056,Seat - Straight Seat - Wooden Battens - Type 2 - Lincoln Square,street_furniture,Seat,,3.0,-37.80211574060852,144.96280183726577,street_furniture_clean.csv
furniture-1313198,Seat - Stainless Steel Straight Seat,street_furniture,Seat,,3.41,-37.81452803887016,144.9519206354855,street_furniture_clean.csv
furniture-1119674,Seat - Straight Seat - Wooden Battens - Type 2 - Powlett Reserve,street_furniture,Seat,,3.0,-37.8115287326388,144.98670081114128,street_furniture_clean.csv
furniture-1742345,Seat - Platform Style - Hawke and Adderley Street Park,street_furniture,Seat,,4.0,-37.8086848046762,144.94477160027913,street_furniture_clean.csv
furniture-1742346,Seat - Platform Style - Hawke and Adderley Street Park,street_furniture,Seat,,4.0,-37.80870665767358,144.94475350210888,street_furniture_clean.csv
furniture-1743805,Seat - Stainless Steel Straight Seat,street_furniture,Seat,,3.44,-37.821838464708826,144.94458329873618,street_furniture_clean.csv
furniture-1119460,Seat - Straight Seat - Wooden Battens - Type 2 - Stapley Parade Reserve,street_furniture,Seat,,3.0,-37.82266000003805,144.977404461529,street_furniture_clean.csv
furniture-1313410,Seat - Fixed Single Seat,street_furniture,Seat,,3.44,-37.81540121145027,144.94161207065378,street_furniture_clean.csv
furniture-1360377,Seat - Straight Seat - Wooden Battens - Type 2 - Fitzroy Gardens,street_furniture,Seat,,3.0,-37.814687048815166,144.97799411586846,street_furniture_clean.csv
furniture-1120088,Seat - Basic Style,street_furniture,Seat,,4.0,-37.82718470513642,144.9740231266733,street_furniture_clean.csv
furniture-1360397,Seat - Straight Seat - Wooden Battens - Type 2 - Fawkner Park,street_furniture,Seat,,3.0,-37.84086488514115,144.98406969119216,street_furniture_clean.csv
furniture-1119522,Seat - Straight Seat - Wooden Battens - Type 2 - Fitzroy Gardens,street_furniture,Seat,,4.0,-37.81199870676358,144.97962469005975,street_furniture_clean.csv
furniture-1360432,Seat - Straight Seat - Wooden Battens - Type 2 - Kings Domain South,street_furniture,Seat,,4.0,-37.83338898474512,144.9775900544355,street_furniture_clean.csv
furniture-1360456,Barbeque - Urban Design Single Hotplate,street_furniture,Barbeque,,4.0,-37.779486423346185,144.93986020424188,street_furniture_clean.csv
furniture-1119885,Seat - Metal Seat - Central Park Kensington,street_furniture,Seat,,4.0,-37.79470807811115,144.91982431678687,street_furniture_clean.csv
furniture-1361435,Seat - Metal Bench,street_furniture,Seat,,2.06,-37.78944799127239,144.9252479978553,street_furniture_clean.csv
furniture-1120041,Seat - Straight Seat - Wooden Battens - Type 2 - Fawkner Park,street_furniture,Seat,,4.0,-37.84059636882228,144.98425586496757,street_furniture_clean.csv
furniture-1120051,Seat - Older Style Park Seat - Timber Slats - Queen Victoria Gardens,street_furniture,Seat,,4.0,-37.82231718263391,144.9718612635454,street_furniture_clean.csv
furniture-1313881,Seat - Stainless Steel Bench - Docklands,street_furniture,Seat,,3.43,-37.81355233420247,144.9417288552509,street_furniture_clean.csv
furniture-1120147,Seat - Concrete Bench Seat,street_furniture,Seat,,3.0,-37.800594067577606,144.96061828435626,street_furniture_clean.csv
furniture-1120248,Seat - Metal Seat - Errol Street (NORTH MELBOURNE),street_furniture,Seat,,3.0,-37.80131273010848,144.9499199924538,street_furniture_clean.csv
furniture-1313101,Seat - Timber Bench with Aluminium Legs - Docklands,street_furniture,Seat,,3.16,-37.82423433486981,144.9442950579571,street_furniture_clean.csv
furniture-1749941,Drinking Fountain - Leaf Type - Dog Bowl  - Fitzroy Gardens,street_furniture,Drinking Fountain,,4.0,-37.815691536791896,144.98226715782863,street_furniture_clean.csv
furniture-1479906,Seat - Stainless Steel Seat - Fixed,street_furniture,Seat,,3.41,-37.81672618783493,144.95293145410184,street_furniture_clean.csv
furniture-1486736,Seat - Stainless Steel Bench - Docklands,street_furniture,Seat,,3.3,-37.81939766455835,144.9483928454055,street_furniture_clean.csv
furniture-1490303,Seat - Straight Seat - Wooden Battens - Type 2 - Fawkner Park,street_furniture,Seat,,3.0,-37.84338067153429,144.98185407369164,street_furniture_clean.csv
furniture-1490901,Seat - Urban Design Park Style - Green Powder Coat - Kings Domain,street_furniture,Seat,,3.0,-37.82515844596117,144.97414034969145,street_furniture_clean.csv
furniture-1490917,Seat - Urban Design Park Style - Green Powder Coat - Kings Domain,street_furniture,Seat,,3.0,-37.82639488491069,144.9750271454807,street_furniture_clean.csv
furniture-1490937,Seat - Urban Design Park Style - Green Powder Coat - Kings Domain South,street_furniture,Seat,,4.0,-37.83154053758515,144.97707855996174,street_furniture_clean.csv
furniture-1491151,Seat - Urban Design Park Style - Green Powder Coat - Royal Park,street_furniture,Seat,,3.0,-37.78667651618329,144.95584478424186,street_furniture_clean.csv
furniture-1491161,Seat - Urban Design Park Style - Green Powder Coat - Royal Park,street_furniture,Seat,,4.0,-37.77942517825934,144.9562757408103,street_furniture_clean.csv
furniture-1491337,Seat - Straight Seat - Wooden Battens - Type 2 - Fawkner Park,street_furniture,Seat,,4.0,-37.8408409214693,144.97885127500302,street_furniture_clean.csv
furniture-1491386,Drinking Fountain - Stainless Steel Drinking Fountain - Leaf Type,street_furniture,Drinking Fountain,,3.44,-37.816008130348806,144.94552203541383,street_furniture_clean.csv
furniture-1491187,Picnic Setting - Urban Design Style - Royal Park,street_furniture,Picnic Setting,,3.0,-37.783100227425216,144.9442438120722,street_furniture_clean.csv
furniture-1496022,Seat - Stainless Steel Seat - Fixed,street_furniture,Seat,,3.44,-37.81436721851963,144.94360359174755,street_furniture_clean.csv
furniture-1496153,Seat - Stainless Steel Straight Seat,street_furniture,Seat,,3.45,-37.81590505309978,144.96546811890462,street_furniture_clean.csv
furniture-1459078,Seat - Stainless Steel Straight Seat,street_furniture,Seat,,4.45,-37.81766494033133,144.96635904257303,street_furniture_clean.csv
furniture-1499667,Seat - Stainless Steel Straight Seat,street_furniture,Seat,,3.4,-37.81365636300141,144.97398294739406,street_furniture_clean.csv
furniture-1461975,Seat - Metal Bench,street_furniture,Seat,,3.16,-37.819942055046745,144.94594757187068,street_furniture_clean.csv
furniture-1507103,Seat - Flat Bench Seat - L Shaped,street_furniture,Seat,,3.17,-37.79633939621807,144.92484123708783,street_furniture_clean.csv
furniture-1507114,Seat - Metal Bench Around Tree Base,street_furniture,Seat,,1.16,-37.81006011011676,144.96392985990525,street_furniture_clean.csv
furniture-1462430,Seat - Stainless Steel Bench - Docklands,street_furniture,Seat,,3.44,-37.81899638110068,144.94272250867482,street_furniture_clean.csv
furniture-1507594,Seat - Stainless Steel Bench - Docklands,street_furniture,Seat,,3.44,-37.81434039590327,144.94484422033798,street_furniture_clean.csv
furniture-1508252,Seat - Urban Design Park Style - Green Powder Coat - Kings Domain South,street_furniture,Seat,,4.0,-37.83351182810037,144.98254379988614,street_furniture_clean.csv
furniture-1510288,Drinking Fountain - Stainless Steel Drinking Fountain - Leaf Type - Bottle Refill Tap,street_furniture,Drinking Fountain,,3.44,-37.81027785022815,144.9610923413044,street_furniture_clean.csv
furniture-1480671,Seat - Stainless Steel Bench - Docklands,street_furniture,Seat,,3.29,-37.814297634572405,144.94054006353966,street_furniture_clean.csv
furniture-1510898,Seat - Stainless Steel Bench - Docklands - Victoria Green,street_furniture,Seat,,3.0,-37.820573470743234,144.94536704451107,street_furniture_clean.csv
furniture-1510921,Seat - Stainless Steel Seat - Swivel - Victoria Green,street_furniture,Seat,,3.0,-37.82068604887144,144.94541992940134,street_furniture_clean.csv
furniture-1510923,Seat - Stainless Steel Seat - Swivel - Victoria Green,street_furniture,Seat,,3.0,-37.82067256069116,144.94542677889052,street_furniture_clean.csv
furniture-1511684,Seat - Straight Seat - Wooden Battens - Type 2 - JJ Holland Park,street_furniture,Seat,,3.0,-37.79748995047144,144.92376909307856,street_furniture_clean.csv
furniture-1511716,Seat - Straight Seat - Wooden Battens - Type 2 - JJ Holland Park,street_furniture,Seat,,3.0,-37.797108886813504,144.92480425746157,street_furniture_clean.csv
furniture-1515828,Seat - Stainless Steel Straight Seat,street_furniture,Seat,,4.44,-37.81129539057941,144.96449499950245,street_furniture_clean.csv
furniture-1515832,Seat - Metal Bench Around Tree Base,street_furniture,Seat,,4.16,-37.81103783029487,144.96438007772616,street_furniture_clean.csv
furniture-1515834,Seat - Stainless Steel Straight Seat,street_furniture,Seat,,4.44,-37.81092550066317,144.9643254593876,street_furniture_clean.csv
furniture-1517556,Seat - Stainless Frame with Narrow Wooden Slats (Back to Back) - State Library of Victoria,street_furniture,Seat,,3.0,-37.80991736123709,144.96445617296405,street_furniture_clean.csv
furniture-1519507,Barbeque - Urban Design Double Hotplate - Alexandra Park,street_furniture,Barbeque,,4.0,-37.824126419080216,144.97752654664086,street_furniture_clean.csv
furniture-1515819,Seat - Metal Bench,street_furniture,Seat,,3.16,-37.81098683398843,144.96457355862432,street_furniture_clean.csv
furniture-1529740,Seat - Metal Bench,street_furniture,Seat,,4.16,-37.81626621947352,144.96678139070625,street_furniture_clean.csv
furniture-1529742,Seat - Stainless Steel Seat - 3m & LED lights,street_furniture,Seat,,3.44,-37.81602376066961,144.96667455944387,street_furniture_clean.csv
furniture-1529772,Seat - Metal Bench,street_furniture,Seat,,4.16,-37.812848050513225,144.96542970578707,street_furniture_clean.csv
furniture-1529784,Seat - Metal Bench Around Tree Base,street_furniture,Seat,,3.16,-37.81334036419136,144.96564882921032,street_furniture_clean.csv
furniture-1529794,Seat - Metal Bench Around Tree Base,street_furniture,Seat,,3.16,-37.81289949846336,144.96523620812897,street_furniture_clean.csv
furniture-1529795,Seat - Metal Bench Around Tree Base,street_furniture,Seat,,4.16,-37.81287755122653,144.9652281776694,street_furniture_clean.csv
furniture-1529753,Information Pillar - Information Hub Pillar,street_furniture,Information Pillar,,3.44,-37.813820335417496,144.9656751841952,street_furniture_clean.csv
furniture-1511499,Seat - Metal Seat,street_furniture,Seat,,1.16,-37.82079610628431,144.96178502863705,street_furniture_clean.csv
furniture-1075313,Drinking Fountain - Stainless Steel Drinking Fountain - Leaf Type,street_furniture,Drinking Fountain,,2.75,-37.8175239427856,144.96013037555608,street_furniture_clean.csv
furniture-1078772,Seat - Stainless Steel Seat - Swivel,street_furniture,Seat,,3.45,-37.81373202049729,144.96518495146964,street_furniture_clean.csv
furniture-1078783,Seat - Stainless Steel Seat - Fixed,street_furniture,Seat,,3.45,-37.813712009252086,144.96483529083528,street_furniture_clean.csv
furniture-1078792,Seat - Stainless Steel Seat - Swivel,street_furniture,Seat,,3.45,-37.813756931294186,144.96463447252526,street_furniture_clean.csv
furniture-1078798,Seat - Stainless Steel Seat - Fixed,street_furniture,Seat,,2.45,-37.81409068417104,144.9639804299654,street_furniture_clean.csv
furniture-1078808,Seat - Stainless Steel Seat - Fixed,street_furniture,Seat,,3.45,-37.81396181004696,144.96392796866715,street_furniture_clean.csv
furniture-1078875,Seat - Metal Bench,street_furniture,Seat,,3.01,-37.80821491889362,144.9606523791735,street_furniture_clean.csv
furniture-1741000,Seat - Stainless Steel Straight Seat,street_furniture,Seat,,3.42,-37.809529912062,144.96644664410812,street_furniture_clean.csv
furniture-1743766,Seat - Stainless Steel Straight Seat,street_furniture,Seat,,3.44,-37.82052707120533,144.9413435684382,street_furniture_clean.csv
furniture-1743826,Seat - Stainless Steel Seat - Fixed,street_furniture,Seat,,4.44,-37.82099725325629,144.9421861742844,street_furniture_clean.csv
